2025-03-24 00:00:06 - app.core.middleware - INFO - Request 0fc951b4-7b97-4fd2-b51c-6424b80fc20a started: GET http://localhost:8000/api/dashboard/stats
2025-03-24 00:00:06 - app.routers.dashboard - INFO - Getting dashboard stats (unauthenticated)
2025-03-24 00:00:06 - sqlalchemy.engine.Engine - INFO - BEGIN (implicit)
2025-03-24 00:00:06 - sqlalchemy.engine.Engine - INFO - SELECT count(work_orders.id) AS count_1 
FROM work_orders
2025-03-24 00:00:06 - sqlalchemy.engine.Engine - INFO - [cached since 2589s ago] {}
2025-03-24 00:00:06 - sqlalchemy.engine.Engine - INFO - SELECT count(work_orders.id) AS count_1 
FROM work_orders 
WHERE work_orders.status IN (%(status_1_1)s, %(status_1_2)s)
2025-03-24 00:00:06 - sqlalchemy.engine.Engine - INFO - [cached since 2589s ago] {'status_1_1': 'pending', 'status_1_2': 'scheduled'}
2025-03-24 00:00:06 - sqlalchemy.engine.Engine - INFO - SELECT count(work_orders.id) AS count_1 
FROM work_orders 
WHERE work_orders.status = %(status_1)s
2025-03-24 00:00:06 - sqlalchemy.engine.Engine - INFO - [cached since 2589s ago] {'status_1': 'completed'}
2025-03-24 00:00:06 - sqlalchemy.engine.Engine - INFO - SELECT count(work_orders.id) AS count_1 
FROM work_orders 
WHERE work_orders.created_at >= %(created_at_1)s AND work_orders.created_at <= %(created_at_2)s
2025-03-24 00:00:06 - sqlalchemy.engine.Engine - INFO - [cached since 2589s ago] {'created_at_1': datetime.date(2025, 3, 1), 'created_at_2': datetime.date(2025, 3, 31)}
2025-03-24 00:00:06 - sqlalchemy.engine.Engine - INFO - SELECT count(work_orders.id) AS count_1 
FROM work_orders 
WHERE work_orders.created_at >= %(created_at_1)s AND work_orders.created_at < %(created_at_2)s
2025-03-24 00:00:06 - sqlalchemy.engine.Engine - INFO - [cached since 2589s ago] {'created_at_1': datetime.date(2025, 2, 1), 'created_at_2': datetime.date(2025, 3, 1)}
2025-03-24 00:00:06 - sqlalchemy.engine.Engine - INFO - SELECT sum(payments.amount) AS sum_1 
FROM payments 
WHERE payments.status = %(status_1)s AND payments.payment_date >= %(payment_date_1)s AND payments.payment_date <= %(payment_date_2)s
2025-03-24 00:00:06 - sqlalchemy.engine.Engine - INFO - [cached since 2589s ago] {'status_1': 'success', 'payment_date_1': datetime.date(2025, 3, 1), 'payment_date_2': datetime.date(2025, 3, 31)}
2025-03-24 00:00:06 - sqlalchemy.engine.Engine - INFO - SELECT sum(payments.amount) AS sum_1 
FROM payments 
WHERE payments.status = %(status_1)s AND payments.payment_date >= %(payment_date_1)s AND payments.payment_date < %(payment_date_2)s
2025-03-24 00:00:06 - sqlalchemy.engine.Engine - INFO - [cached since 2589s ago] {'status_1': 'success', 'payment_date_1': datetime.date(2025, 2, 1), 'payment_date_2': datetime.date(2025, 3, 1)}
2025-03-24 00:00:06 - sqlalchemy.engine.Engine - INFO - SELECT SUM(total) FROM invoices WHERE status IN ('sent', 'overdue')
2025-03-24 00:00:06 - sqlalchemy.engine.Engine - INFO - [cached since 2589s ago] {}
2025-03-24 00:00:06 - sqlalchemy.engine.Engine - INFO - SELECT count(invoices.id) AS count_1 
FROM invoices 
WHERE invoices.status = %(status_1)s
2025-03-24 00:00:06 - sqlalchemy.engine.Engine - INFO - [cached since 2589s ago] {'status_1': 'overdue'}
2025-03-24 00:00:06 - sqlalchemy.engine.Engine - INFO - SELECT count(clients.id) AS count_1 
FROM clients
2025-03-24 00:00:06 - sqlalchemy.engine.Engine - INFO - [cached since 2589s ago] {}
2025-03-24 00:00:06 - sqlalchemy.engine.Engine - INFO - SELECT count(clients.id) AS count_1 
FROM clients 
WHERE clients.status = %(status_1)s
2025-03-24 00:00:06 - sqlalchemy.engine.Engine - INFO - [cached since 2589s ago] {'status_1': 'active'}
2025-03-24 00:00:06 - sqlalchemy.engine.Engine - INFO - SELECT count(technicians.id) AS count_1 
FROM technicians
2025-03-24 00:00:06 - sqlalchemy.engine.Engine - INFO - [cached since 2589s ago] {}
2025-03-24 00:00:06 - sqlalchemy.engine.Engine - INFO - SELECT count(technicians.id) AS count_1 
FROM technicians 
WHERE technicians.status = %(status_1)s
2025-03-24 00:00:06 - sqlalchemy.engine.Engine - INFO - [cached since 2589s ago] {'status_1': 'active'}
2025-03-24 00:00:06 - app.core.middleware - INFO - Request 0fc951b4-7b97-4fd2-b51c-6424b80fc20a completed: GET http://localhost:8000/api/dashboard/stats - Status: 200 - Time: 0.0310s
2025-03-24 00:00:06 - sqlalchemy.engine.Engine - INFO - ROLLBACK
2025-03-24 00:06:31 - app.core.middleware - INFO - Request 5eafdfca-bcc7-420f-85be-f3e59cc64007 started: GET http://localhost:8000/api/dashboard/stats
2025-03-24 00:06:31 - app.routers.dashboard - INFO - Getting dashboard stats (unauthenticated)
2025-03-24 00:06:31 - sqlalchemy.engine.Engine - INFO - BEGIN (implicit)
2025-03-24 00:06:31 - sqlalchemy.engine.Engine - INFO - SELECT count(work_orders.id) AS count_1 
FROM work_orders
2025-03-24 00:06:31 - sqlalchemy.engine.Engine - INFO - [cached since 2974s ago] {}
2025-03-24 00:06:31 - sqlalchemy.engine.Engine - INFO - SELECT count(work_orders.id) AS count_1 
FROM work_orders 
WHERE work_orders.status IN (%(status_1_1)s, %(status_1_2)s)
2025-03-24 00:06:31 - sqlalchemy.engine.Engine - INFO - [cached since 2974s ago] {'status_1_1': 'pending', 'status_1_2': 'scheduled'}
2025-03-24 00:06:31 - sqlalchemy.engine.Engine - INFO - SELECT count(work_orders.id) AS count_1 
FROM work_orders 
WHERE work_orders.status = %(status_1)s
2025-03-24 00:06:31 - sqlalchemy.engine.Engine - INFO - [cached since 2974s ago] {'status_1': 'completed'}
2025-03-24 00:06:31 - sqlalchemy.engine.Engine - INFO - SELECT count(work_orders.id) AS count_1 
FROM work_orders 
WHERE work_orders.created_at >= %(created_at_1)s AND work_orders.created_at <= %(created_at_2)s
2025-03-24 00:06:31 - sqlalchemy.engine.Engine - INFO - [cached since 2974s ago] {'created_at_1': datetime.date(2025, 3, 1), 'created_at_2': datetime.date(2025, 3, 31)}
2025-03-24 00:06:31 - sqlalchemy.engine.Engine - INFO - SELECT count(work_orders.id) AS count_1 
FROM work_orders 
WHERE work_orders.created_at >= %(created_at_1)s AND work_orders.created_at < %(created_at_2)s
2025-03-24 00:06:31 - sqlalchemy.engine.Engine - INFO - [cached since 2974s ago] {'created_at_1': datetime.date(2025, 2, 1), 'created_at_2': datetime.date(2025, 3, 1)}
2025-03-24 00:06:31 - sqlalchemy.engine.Engine - INFO - SELECT sum(payments.amount) AS sum_1 
FROM payments 
WHERE payments.status = %(status_1)s AND payments.payment_date >= %(payment_date_1)s AND payments.payment_date <= %(payment_date_2)s
2025-03-24 00:06:31 - sqlalchemy.engine.Engine - INFO - [cached since 2974s ago] {'status_1': 'success', 'payment_date_1': datetime.date(2025, 3, 1), 'payment_date_2': datetime.date(2025, 3, 31)}
2025-03-24 00:06:31 - sqlalchemy.engine.Engine - INFO - SELECT sum(payments.amount) AS sum_1 
FROM payments 
WHERE payments.status = %(status_1)s AND payments.payment_date >= %(payment_date_1)s AND payments.payment_date < %(payment_date_2)s
2025-03-24 00:06:31 - sqlalchemy.engine.Engine - INFO - [cached since 2974s ago] {'status_1': 'success', 'payment_date_1': datetime.date(2025, 2, 1), 'payment_date_2': datetime.date(2025, 3, 1)}
2025-03-24 00:06:31 - sqlalchemy.engine.Engine - INFO - SELECT SUM(total) FROM invoices WHERE status IN ('sent', 'overdue')
2025-03-24 00:06:31 - sqlalchemy.engine.Engine - INFO - [cached since 2974s ago] {}
2025-03-24 00:06:31 - sqlalchemy.engine.Engine - INFO - SELECT count(invoices.id) AS count_1 
FROM invoices 
WHERE invoices.status = %(status_1)s
2025-03-24 00:06:31 - sqlalchemy.engine.Engine - INFO - [cached since 2974s ago] {'status_1': 'overdue'}
2025-03-24 00:06:31 - sqlalchemy.engine.Engine - INFO - SELECT count(clients.id) AS count_1 
FROM clients
2025-03-24 00:06:31 - sqlalchemy.engine.Engine - INFO - [cached since 2974s ago] {}
2025-03-24 00:06:31 - sqlalchemy.engine.Engine - INFO - SELECT count(clients.id) AS count_1 
FROM clients 
WHERE clients.status = %(status_1)s
2025-03-24 00:06:31 - sqlalchemy.engine.Engine - INFO - [cached since 2974s ago] {'status_1': 'active'}
2025-03-24 00:06:31 - sqlalchemy.engine.Engine - INFO - SELECT count(technicians.id) AS count_1 
FROM technicians
2025-03-24 00:06:31 - sqlalchemy.engine.Engine - INFO - [cached since 2974s ago] {}
2025-03-24 00:06:31 - sqlalchemy.engine.Engine - INFO - SELECT count(technicians.id) AS count_1 
FROM technicians 
WHERE technicians.status = %(status_1)s
2025-03-24 00:06:31 - sqlalchemy.engine.Engine - INFO - [cached since 2974s ago] {'status_1': 'active'}
2025-03-24 00:06:31 - app.core.middleware - INFO - Request 5eafdfca-bcc7-420f-85be-f3e59cc64007 completed: GET http://localhost:8000/api/dashboard/stats - Status: 200 - Time: 0.1610s
2025-03-24 00:06:31 - sqlalchemy.engine.Engine - INFO - ROLLBACK
2025-03-24 00:06:31 - app.core.middleware - INFO - Request 0e48407f-bae6-44f6-bed0-0895e560637d started: GET http://localhost:8000/api/dashboard/stats
2025-03-24 00:06:31 - app.routers.dashboard - INFO - Getting dashboard stats (unauthenticated)
2025-03-24 00:06:31 - sqlalchemy.engine.Engine - INFO - BEGIN (implicit)
2025-03-24 00:06:31 - sqlalchemy.engine.Engine - INFO - SELECT count(work_orders.id) AS count_1 
FROM work_orders
2025-03-24 00:06:31 - sqlalchemy.engine.Engine - INFO - [cached since 2974s ago] {}
2025-03-24 00:06:31 - sqlalchemy.engine.Engine - INFO - SELECT count(work_orders.id) AS count_1 
FROM work_orders 
WHERE work_orders.status IN (%(status_1_1)s, %(status_1_2)s)
2025-03-24 00:06:31 - sqlalchemy.engine.Engine - INFO - [cached since 2974s ago] {'status_1_1': 'pending', 'status_1_2': 'scheduled'}
2025-03-24 00:06:31 - sqlalchemy.engine.Engine - INFO - SELECT count(work_orders.id) AS count_1 
FROM work_orders 
WHERE work_orders.status = %(status_1)s
2025-03-24 00:06:31 - sqlalchemy.engine.Engine - INFO - [cached since 2974s ago] {'status_1': 'completed'}
2025-03-24 00:06:31 - sqlalchemy.engine.Engine - INFO - SELECT count(work_orders.id) AS count_1 
FROM work_orders 
WHERE work_orders.created_at >= %(created_at_1)s AND work_orders.created_at <= %(created_at_2)s
2025-03-24 00:06:31 - sqlalchemy.engine.Engine - INFO - [cached since 2974s ago] {'created_at_1': datetime.date(2025, 3, 1), 'created_at_2': datetime.date(2025, 3, 31)}
2025-03-24 00:06:31 - sqlalchemy.engine.Engine - INFO - SELECT count(work_orders.id) AS count_1 
FROM work_orders 
WHERE work_orders.created_at >= %(created_at_1)s AND work_orders.created_at < %(created_at_2)s
2025-03-24 00:06:31 - sqlalchemy.engine.Engine - INFO - [cached since 2974s ago] {'created_at_1': datetime.date(2025, 2, 1), 'created_at_2': datetime.date(2025, 3, 1)}
2025-03-24 00:06:31 - sqlalchemy.engine.Engine - INFO - SELECT sum(payments.amount) AS sum_1 
FROM payments 
WHERE payments.status = %(status_1)s AND payments.payment_date >= %(payment_date_1)s AND payments.payment_date <= %(payment_date_2)s
2025-03-24 00:06:31 - sqlalchemy.engine.Engine - INFO - [cached since 2974s ago] {'status_1': 'success', 'payment_date_1': datetime.date(2025, 3, 1), 'payment_date_2': datetime.date(2025, 3, 31)}
2025-03-24 00:06:31 - sqlalchemy.engine.Engine - INFO - SELECT sum(payments.amount) AS sum_1 
FROM payments 
WHERE payments.status = %(status_1)s AND payments.payment_date >= %(payment_date_1)s AND payments.payment_date < %(payment_date_2)s
2025-03-24 00:06:31 - sqlalchemy.engine.Engine - INFO - [cached since 2974s ago] {'status_1': 'success', 'payment_date_1': datetime.date(2025, 2, 1), 'payment_date_2': datetime.date(2025, 3, 1)}
2025-03-24 00:06:31 - sqlalchemy.engine.Engine - INFO - SELECT SUM(total) FROM invoices WHERE status IN ('sent', 'overdue')
2025-03-24 00:06:31 - sqlalchemy.engine.Engine - INFO - [cached since 2974s ago] {}
2025-03-24 00:06:31 - sqlalchemy.engine.Engine - INFO - SELECT count(invoices.id) AS count_1 
FROM invoices 
WHERE invoices.status = %(status_1)s
2025-03-24 00:06:31 - sqlalchemy.engine.Engine - INFO - [cached since 2974s ago] {'status_1': 'overdue'}
2025-03-24 00:06:31 - sqlalchemy.engine.Engine - INFO - SELECT count(clients.id) AS count_1 
FROM clients
2025-03-24 00:06:31 - sqlalchemy.engine.Engine - INFO - [cached since 2974s ago] {}
2025-03-24 00:06:31 - sqlalchemy.engine.Engine - INFO - SELECT count(clients.id) AS count_1 
FROM clients 
WHERE clients.status = %(status_1)s
2025-03-24 00:06:31 - sqlalchemy.engine.Engine - INFO - [cached since 2974s ago] {'status_1': 'active'}
2025-03-24 00:06:31 - sqlalchemy.engine.Engine - INFO - SELECT count(technicians.id) AS count_1 
FROM technicians
2025-03-24 00:06:31 - sqlalchemy.engine.Engine - INFO - [cached since 2974s ago] {}
2025-03-24 00:06:31 - sqlalchemy.engine.Engine - INFO - SELECT count(technicians.id) AS count_1 
FROM technicians 
WHERE technicians.status = %(status_1)s
2025-03-24 00:06:31 - sqlalchemy.engine.Engine - INFO - [cached since 2974s ago] {'status_1': 'active'}
2025-03-24 00:06:31 - app.core.middleware - INFO - Request 0e48407f-bae6-44f6-bed0-0895e560637d completed: GET http://localhost:8000/api/dashboard/stats - Status: 200 - Time: 0.0290s
2025-03-24 00:06:31 - sqlalchemy.engine.Engine - INFO - ROLLBACK
2025-03-24 00:06:31 - app.core.middleware - INFO - Request a6cc0bfb-2d9d-42cf-8194-12a29531f2ab started: GET http://localhost:8000/api/dashboard/stats
2025-03-24 00:06:31 - app.routers.dashboard - INFO - Getting dashboard stats (unauthenticated)
2025-03-24 00:06:31 - sqlalchemy.engine.Engine - INFO - BEGIN (implicit)
2025-03-24 00:06:31 - sqlalchemy.engine.Engine - INFO - SELECT count(work_orders.id) AS count_1 
FROM work_orders
2025-03-24 00:06:31 - sqlalchemy.engine.Engine - INFO - [cached since 2974s ago] {}
2025-03-24 00:06:31 - sqlalchemy.engine.Engine - INFO - SELECT count(work_orders.id) AS count_1 
FROM work_orders 
WHERE work_orders.status IN (%(status_1_1)s, %(status_1_2)s)
2025-03-24 00:06:31 - sqlalchemy.engine.Engine - INFO - [cached since 2974s ago] {'status_1_1': 'pending', 'status_1_2': 'scheduled'}
2025-03-24 00:06:31 - sqlalchemy.engine.Engine - INFO - SELECT count(work_orders.id) AS count_1 
FROM work_orders 
WHERE work_orders.status = %(status_1)s
2025-03-24 00:06:31 - sqlalchemy.engine.Engine - INFO - [cached since 2974s ago] {'status_1': 'completed'}
2025-03-24 00:06:31 - sqlalchemy.engine.Engine - INFO - SELECT count(work_orders.id) AS count_1 
FROM work_orders 
WHERE work_orders.created_at >= %(created_at_1)s AND work_orders.created_at <= %(created_at_2)s
2025-03-24 00:06:31 - sqlalchemy.engine.Engine - INFO - [cached since 2974s ago] {'created_at_1': datetime.date(2025, 3, 1), 'created_at_2': datetime.date(2025, 3, 31)}
2025-03-24 00:06:31 - sqlalchemy.engine.Engine - INFO - SELECT count(work_orders.id) AS count_1 
FROM work_orders 
WHERE work_orders.created_at >= %(created_at_1)s AND work_orders.created_at < %(created_at_2)s
2025-03-24 00:06:31 - sqlalchemy.engine.Engine - INFO - [cached since 2974s ago] {'created_at_1': datetime.date(2025, 2, 1), 'created_at_2': datetime.date(2025, 3, 1)}
2025-03-24 00:06:31 - sqlalchemy.engine.Engine - INFO - SELECT sum(payments.amount) AS sum_1 
FROM payments 
WHERE payments.status = %(status_1)s AND payments.payment_date >= %(payment_date_1)s AND payments.payment_date <= %(payment_date_2)s
2025-03-24 00:06:31 - sqlalchemy.engine.Engine - INFO - [cached since 2974s ago] {'status_1': 'success', 'payment_date_1': datetime.date(2025, 3, 1), 'payment_date_2': datetime.date(2025, 3, 31)}
2025-03-24 00:06:31 - sqlalchemy.engine.Engine - INFO - SELECT sum(payments.amount) AS sum_1 
FROM payments 
WHERE payments.status = %(status_1)s AND payments.payment_date >= %(payment_date_1)s AND payments.payment_date < %(payment_date_2)s
2025-03-24 00:06:31 - sqlalchemy.engine.Engine - INFO - [cached since 2974s ago] {'status_1': 'success', 'payment_date_1': datetime.date(2025, 2, 1), 'payment_date_2': datetime.date(2025, 3, 1)}
2025-03-24 00:06:31 - sqlalchemy.engine.Engine - INFO - SELECT SUM(total) FROM invoices WHERE status IN ('sent', 'overdue')
2025-03-24 00:06:31 - sqlalchemy.engine.Engine - INFO - [cached since 2974s ago] {}
2025-03-24 00:06:31 - sqlalchemy.engine.Engine - INFO - SELECT count(invoices.id) AS count_1 
FROM invoices 
WHERE invoices.status = %(status_1)s
2025-03-24 00:06:31 - sqlalchemy.engine.Engine - INFO - [cached since 2974s ago] {'status_1': 'overdue'}
2025-03-24 00:06:31 - sqlalchemy.engine.Engine - INFO - SELECT count(clients.id) AS count_1 
FROM clients
2025-03-24 00:06:31 - sqlalchemy.engine.Engine - INFO - [cached since 2974s ago] {}
2025-03-24 00:06:31 - sqlalchemy.engine.Engine - INFO - SELECT count(clients.id) AS count_1 
FROM clients 
WHERE clients.status = %(status_1)s
2025-03-24 00:06:31 - sqlalchemy.engine.Engine - INFO - [cached since 2974s ago] {'status_1': 'active'}
2025-03-24 00:06:31 - sqlalchemy.engine.Engine - INFO - SELECT count(technicians.id) AS count_1 
FROM technicians
2025-03-24 00:06:31 - sqlalchemy.engine.Engine - INFO - [cached since 2974s ago] {}
2025-03-24 00:06:31 - sqlalchemy.engine.Engine - INFO - SELECT count(technicians.id) AS count_1 
FROM technicians 
WHERE technicians.status = %(status_1)s
2025-03-24 00:06:31 - sqlalchemy.engine.Engine - INFO - [cached since 2974s ago] {'status_1': 'active'}
2025-03-24 00:06:31 - app.core.middleware - INFO - Request a6cc0bfb-2d9d-42cf-8194-12a29531f2ab completed: GET http://localhost:8000/api/dashboard/stats - Status: 200 - Time: 0.0280s
2025-03-24 00:06:31 - sqlalchemy.engine.Engine - INFO - ROLLBACK
2025-03-24 00:08:12 - app.core.middleware - INFO - Request 59d36f23-10a7-4be1-b896-1db72ecb5fd2 started: GET http://localhost:8000/api/dashboard/stats
2025-03-24 00:08:12 - app.routers.dashboard - INFO - Getting dashboard stats (unauthenticated)
2025-03-24 00:08:12 - sqlalchemy.engine.Engine - INFO - BEGIN (implicit)
2025-03-24 00:08:12 - sqlalchemy.engine.Engine - INFO - SELECT count(work_orders.id) AS count_1 
FROM work_orders
2025-03-24 00:08:12 - sqlalchemy.engine.Engine - INFO - [cached since 3075s ago] {}
2025-03-24 00:08:12 - sqlalchemy.engine.Engine - INFO - SELECT count(work_orders.id) AS count_1 
FROM work_orders 
WHERE work_orders.status IN (%(status_1_1)s, %(status_1_2)s)
2025-03-24 00:08:12 - sqlalchemy.engine.Engine - INFO - [cached since 3075s ago] {'status_1_1': 'pending', 'status_1_2': 'scheduled'}
2025-03-24 00:08:12 - sqlalchemy.engine.Engine - INFO - SELECT count(work_orders.id) AS count_1 
FROM work_orders 
WHERE work_orders.status = %(status_1)s
2025-03-24 00:08:12 - sqlalchemy.engine.Engine - INFO - [cached since 3075s ago] {'status_1': 'completed'}
2025-03-24 00:08:12 - sqlalchemy.engine.Engine - INFO - SELECT count(work_orders.id) AS count_1 
FROM work_orders 
WHERE work_orders.created_at >= %(created_at_1)s AND work_orders.created_at <= %(created_at_2)s
2025-03-24 00:08:12 - sqlalchemy.engine.Engine - INFO - [cached since 3075s ago] {'created_at_1': datetime.date(2025, 3, 1), 'created_at_2': datetime.date(2025, 3, 31)}
2025-03-24 00:08:12 - sqlalchemy.engine.Engine - INFO - SELECT count(work_orders.id) AS count_1 
FROM work_orders 
WHERE work_orders.created_at >= %(created_at_1)s AND work_orders.created_at < %(created_at_2)s
2025-03-24 00:08:12 - sqlalchemy.engine.Engine - INFO - [cached since 3075s ago] {'created_at_1': datetime.date(2025, 2, 1), 'created_at_2': datetime.date(2025, 3, 1)}
2025-03-24 00:08:12 - sqlalchemy.engine.Engine - INFO - SELECT sum(payments.amount) AS sum_1 
FROM payments 
WHERE payments.status = %(status_1)s AND payments.payment_date >= %(payment_date_1)s AND payments.payment_date <= %(payment_date_2)s
2025-03-24 00:08:12 - sqlalchemy.engine.Engine - INFO - [cached since 3075s ago] {'status_1': 'success', 'payment_date_1': datetime.date(2025, 3, 1), 'payment_date_2': datetime.date(2025, 3, 31)}
2025-03-24 00:08:12 - sqlalchemy.engine.Engine - INFO - SELECT sum(payments.amount) AS sum_1 
FROM payments 
WHERE payments.status = %(status_1)s AND payments.payment_date >= %(payment_date_1)s AND payments.payment_date < %(payment_date_2)s
2025-03-24 00:08:12 - sqlalchemy.engine.Engine - INFO - [cached since 3075s ago] {'status_1': 'success', 'payment_date_1': datetime.date(2025, 2, 1), 'payment_date_2': datetime.date(2025, 3, 1)}
2025-03-24 00:08:12 - sqlalchemy.engine.Engine - INFO - SELECT SUM(total) FROM invoices WHERE status IN ('sent', 'overdue')
2025-03-24 00:08:12 - sqlalchemy.engine.Engine - INFO - [cached since 3075s ago] {}
2025-03-24 00:08:12 - sqlalchemy.engine.Engine - INFO - SELECT count(invoices.id) AS count_1 
FROM invoices 
WHERE invoices.status = %(status_1)s
2025-03-24 00:08:12 - sqlalchemy.engine.Engine - INFO - [cached since 3075s ago] {'status_1': 'overdue'}
2025-03-24 00:08:12 - sqlalchemy.engine.Engine - INFO - SELECT count(clients.id) AS count_1 
FROM clients
2025-03-24 00:08:12 - sqlalchemy.engine.Engine - INFO - [cached since 3075s ago] {}
2025-03-24 00:08:12 - sqlalchemy.engine.Engine - INFO - SELECT count(clients.id) AS count_1 
FROM clients 
WHERE clients.status = %(status_1)s
2025-03-24 00:08:12 - sqlalchemy.engine.Engine - INFO - [cached since 3075s ago] {'status_1': 'active'}
2025-03-24 00:08:12 - sqlalchemy.engine.Engine - INFO - SELECT count(technicians.id) AS count_1 
FROM technicians
2025-03-24 00:08:12 - sqlalchemy.engine.Engine - INFO - [cached since 3075s ago] {}
2025-03-24 00:08:12 - sqlalchemy.engine.Engine - INFO - SELECT count(technicians.id) AS count_1 
FROM technicians 
WHERE technicians.status = %(status_1)s
2025-03-24 00:08:12 - sqlalchemy.engine.Engine - INFO - [cached since 3075s ago] {'status_1': 'active'}
2025-03-24 00:08:12 - app.core.middleware - INFO - Request 59d36f23-10a7-4be1-b896-1db72ecb5fd2 completed: GET http://localhost:8000/api/dashboard/stats - Status: 200 - Time: 0.0285s
2025-03-24 00:08:12 - sqlalchemy.engine.Engine - INFO - ROLLBACK
2025-03-24 00:08:12 - app.core.middleware - INFO - Request f6cfac4f-49cc-4280-a599-3a2429c8c2b1 started: GET http://localhost:8000/api/dashboard/stats
2025-03-24 00:08:12 - app.routers.dashboard - INFO - Getting dashboard stats (unauthenticated)
2025-03-24 00:08:12 - sqlalchemy.engine.Engine - INFO - BEGIN (implicit)
2025-03-24 00:08:12 - sqlalchemy.engine.Engine - INFO - SELECT count(work_orders.id) AS count_1 
FROM work_orders
2025-03-24 00:08:12 - sqlalchemy.engine.Engine - INFO - [cached since 3075s ago] {}
2025-03-24 00:08:12 - sqlalchemy.engine.Engine - INFO - SELECT count(work_orders.id) AS count_1 
FROM work_orders 
WHERE work_orders.status IN (%(status_1_1)s, %(status_1_2)s)
2025-03-24 00:08:12 - sqlalchemy.engine.Engine - INFO - [cached since 3075s ago] {'status_1_1': 'pending', 'status_1_2': 'scheduled'}
2025-03-24 00:08:12 - sqlalchemy.engine.Engine - INFO - SELECT count(work_orders.id) AS count_1 
FROM work_orders 
WHERE work_orders.status = %(status_1)s
2025-03-24 00:08:12 - sqlalchemy.engine.Engine - INFO - [cached since 3075s ago] {'status_1': 'completed'}
2025-03-24 00:08:12 - sqlalchemy.engine.Engine - INFO - SELECT count(work_orders.id) AS count_1 
FROM work_orders 
WHERE work_orders.created_at >= %(created_at_1)s AND work_orders.created_at <= %(created_at_2)s
2025-03-24 00:08:12 - sqlalchemy.engine.Engine - INFO - [cached since 3075s ago] {'created_at_1': datetime.date(2025, 3, 1), 'created_at_2': datetime.date(2025, 3, 31)}
2025-03-24 00:08:12 - sqlalchemy.engine.Engine - INFO - SELECT count(work_orders.id) AS count_1 
FROM work_orders 
WHERE work_orders.created_at >= %(created_at_1)s AND work_orders.created_at < %(created_at_2)s
2025-03-24 00:08:12 - sqlalchemy.engine.Engine - INFO - [cached since 3075s ago] {'created_at_1': datetime.date(2025, 2, 1), 'created_at_2': datetime.date(2025, 3, 1)}
2025-03-24 00:08:12 - sqlalchemy.engine.Engine - INFO - SELECT sum(payments.amount) AS sum_1 
FROM payments 
WHERE payments.status = %(status_1)s AND payments.payment_date >= %(payment_date_1)s AND payments.payment_date <= %(payment_date_2)s
2025-03-24 00:08:12 - sqlalchemy.engine.Engine - INFO - [cached since 3075s ago] {'status_1': 'success', 'payment_date_1': datetime.date(2025, 3, 1), 'payment_date_2': datetime.date(2025, 3, 31)}
2025-03-24 00:08:12 - sqlalchemy.engine.Engine - INFO - SELECT sum(payments.amount) AS sum_1 
FROM payments 
WHERE payments.status = %(status_1)s AND payments.payment_date >= %(payment_date_1)s AND payments.payment_date < %(payment_date_2)s
2025-03-24 00:08:12 - sqlalchemy.engine.Engine - INFO - [cached since 3075s ago] {'status_1': 'success', 'payment_date_1': datetime.date(2025, 2, 1), 'payment_date_2': datetime.date(2025, 3, 1)}
2025-03-24 00:08:12 - sqlalchemy.engine.Engine - INFO - SELECT SUM(total) FROM invoices WHERE status IN ('sent', 'overdue')
2025-03-24 00:08:12 - sqlalchemy.engine.Engine - INFO - [cached since 3075s ago] {}
2025-03-24 00:08:12 - sqlalchemy.engine.Engine - INFO - SELECT count(invoices.id) AS count_1 
FROM invoices 
WHERE invoices.status = %(status_1)s
2025-03-24 00:08:12 - sqlalchemy.engine.Engine - INFO - [cached since 3075s ago] {'status_1': 'overdue'}
2025-03-24 00:08:12 - sqlalchemy.engine.Engine - INFO - SELECT count(clients.id) AS count_1 
FROM clients
2025-03-24 00:08:12 - sqlalchemy.engine.Engine - INFO - [cached since 3075s ago] {}
2025-03-24 00:08:12 - sqlalchemy.engine.Engine - INFO - SELECT count(clients.id) AS count_1 
FROM clients 
WHERE clients.status = %(status_1)s
2025-03-24 00:08:12 - sqlalchemy.engine.Engine - INFO - [cached since 3075s ago] {'status_1': 'active'}
2025-03-24 00:08:12 - sqlalchemy.engine.Engine - INFO - SELECT count(technicians.id) AS count_1 
FROM technicians
2025-03-24 00:08:12 - sqlalchemy.engine.Engine - INFO - [cached since 3075s ago] {}
2025-03-24 00:08:12 - sqlalchemy.engine.Engine - INFO - SELECT count(technicians.id) AS count_1 
FROM technicians 
WHERE technicians.status = %(status_1)s
2025-03-24 00:08:12 - sqlalchemy.engine.Engine - INFO - [cached since 3075s ago] {'status_1': 'active'}
2025-03-24 00:08:12 - app.core.middleware - INFO - Request f6cfac4f-49cc-4280-a599-3a2429c8c2b1 completed: GET http://localhost:8000/api/dashboard/stats - Status: 200 - Time: 0.0275s
2025-03-24 00:08:12 - sqlalchemy.engine.Engine - INFO - ROLLBACK
2025-03-24 00:08:12 - app.core.middleware - INFO - Request d281bd32-e95e-4811-bbef-4236b56c645a started: GET http://localhost:8000/api/dashboard/stats
2025-03-24 00:08:12 - app.routers.dashboard - INFO - Getting dashboard stats (unauthenticated)
2025-03-24 00:08:12 - sqlalchemy.engine.Engine - INFO - BEGIN (implicit)
2025-03-24 00:08:12 - sqlalchemy.engine.Engine - INFO - SELECT count(work_orders.id) AS count_1 
FROM work_orders
2025-03-24 00:08:12 - sqlalchemy.engine.Engine - INFO - [cached since 3075s ago] {}
2025-03-24 00:08:12 - sqlalchemy.engine.Engine - INFO - SELECT count(work_orders.id) AS count_1 
FROM work_orders 
WHERE work_orders.status IN (%(status_1_1)s, %(status_1_2)s)
2025-03-24 00:08:12 - sqlalchemy.engine.Engine - INFO - [cached since 3075s ago] {'status_1_1': 'pending', 'status_1_2': 'scheduled'}
2025-03-24 00:08:12 - sqlalchemy.engine.Engine - INFO - SELECT count(work_orders.id) AS count_1 
FROM work_orders 
WHERE work_orders.status = %(status_1)s
2025-03-24 00:08:12 - sqlalchemy.engine.Engine - INFO - [cached since 3075s ago] {'status_1': 'completed'}
2025-03-24 00:08:12 - sqlalchemy.engine.Engine - INFO - SELECT count(work_orders.id) AS count_1 
FROM work_orders 
WHERE work_orders.created_at >= %(created_at_1)s AND work_orders.created_at <= %(created_at_2)s
2025-03-24 00:08:12 - sqlalchemy.engine.Engine - INFO - [cached since 3075s ago] {'created_at_1': datetime.date(2025, 3, 1), 'created_at_2': datetime.date(2025, 3, 31)}
2025-03-24 00:08:12 - sqlalchemy.engine.Engine - INFO - SELECT count(work_orders.id) AS count_1 
FROM work_orders 
WHERE work_orders.created_at >= %(created_at_1)s AND work_orders.created_at < %(created_at_2)s
2025-03-24 00:08:12 - sqlalchemy.engine.Engine - INFO - [cached since 3075s ago] {'created_at_1': datetime.date(2025, 2, 1), 'created_at_2': datetime.date(2025, 3, 1)}
2025-03-24 00:08:12 - sqlalchemy.engine.Engine - INFO - SELECT sum(payments.amount) AS sum_1 
FROM payments 
WHERE payments.status = %(status_1)s AND payments.payment_date >= %(payment_date_1)s AND payments.payment_date <= %(payment_date_2)s
2025-03-24 00:08:12 - sqlalchemy.engine.Engine - INFO - [cached since 3075s ago] {'status_1': 'success', 'payment_date_1': datetime.date(2025, 3, 1), 'payment_date_2': datetime.date(2025, 3, 31)}
2025-03-24 00:08:12 - sqlalchemy.engine.Engine - INFO - SELECT sum(payments.amount) AS sum_1 
FROM payments 
WHERE payments.status = %(status_1)s AND payments.payment_date >= %(payment_date_1)s AND payments.payment_date < %(payment_date_2)s
2025-03-24 00:08:12 - sqlalchemy.engine.Engine - INFO - [cached since 3075s ago] {'status_1': 'success', 'payment_date_1': datetime.date(2025, 2, 1), 'payment_date_2': datetime.date(2025, 3, 1)}
2025-03-24 00:08:12 - sqlalchemy.engine.Engine - INFO - SELECT SUM(total) FROM invoices WHERE status IN ('sent', 'overdue')
2025-03-24 00:08:12 - sqlalchemy.engine.Engine - INFO - [cached since 3075s ago] {}
2025-03-24 00:08:12 - sqlalchemy.engine.Engine - INFO - SELECT count(invoices.id) AS count_1 
FROM invoices 
WHERE invoices.status = %(status_1)s
2025-03-24 00:08:12 - sqlalchemy.engine.Engine - INFO - [cached since 3075s ago] {'status_1': 'overdue'}
2025-03-24 00:08:12 - sqlalchemy.engine.Engine - INFO - SELECT count(clients.id) AS count_1 
FROM clients
2025-03-24 00:08:12 - sqlalchemy.engine.Engine - INFO - [cached since 3075s ago] {}
2025-03-24 00:08:12 - sqlalchemy.engine.Engine - INFO - SELECT count(clients.id) AS count_1 
FROM clients 
WHERE clients.status = %(status_1)s
2025-03-24 00:08:12 - sqlalchemy.engine.Engine - INFO - [cached since 3075s ago] {'status_1': 'active'}
2025-03-24 00:08:12 - sqlalchemy.engine.Engine - INFO - SELECT count(technicians.id) AS count_1 
FROM technicians
2025-03-24 00:08:12 - sqlalchemy.engine.Engine - INFO - [cached since 3075s ago] {}
2025-03-24 00:08:12 - sqlalchemy.engine.Engine - INFO - SELECT count(technicians.id) AS count_1 
FROM technicians 
WHERE technicians.status = %(status_1)s
2025-03-24 00:08:12 - sqlalchemy.engine.Engine - INFO - [cached since 3075s ago] {'status_1': 'active'}
2025-03-24 00:08:12 - app.core.middleware - INFO - Request d281bd32-e95e-4811-bbef-4236b56c645a completed: GET http://localhost:8000/api/dashboard/stats - Status: 200 - Time: 0.0285s
2025-03-24 00:08:12 - sqlalchemy.engine.Engine - INFO - ROLLBACK
2025-03-24 00:08:31 - app.core.middleware - INFO - Request faef6e63-3e58-42ab-baad-c709fb812e2b started: GET http://localhost:8000/api/dashboard/stats
2025-03-24 00:08:31 - app.routers.dashboard - INFO - Getting dashboard stats (unauthenticated)
2025-03-24 00:08:31 - sqlalchemy.engine.Engine - INFO - BEGIN (implicit)
2025-03-24 00:08:31 - sqlalchemy.engine.Engine - INFO - SELECT count(work_orders.id) AS count_1 
FROM work_orders
2025-03-24 00:08:31 - sqlalchemy.engine.Engine - INFO - [cached since 3093s ago] {}
2025-03-24 00:08:31 - sqlalchemy.engine.Engine - INFO - SELECT count(work_orders.id) AS count_1 
FROM work_orders 
WHERE work_orders.status IN (%(status_1_1)s, %(status_1_2)s)
2025-03-24 00:08:31 - sqlalchemy.engine.Engine - INFO - [cached since 3093s ago] {'status_1_1': 'pending', 'status_1_2': 'scheduled'}
2025-03-24 00:08:31 - sqlalchemy.engine.Engine - INFO - SELECT count(work_orders.id) AS count_1 
FROM work_orders 
WHERE work_orders.status = %(status_1)s
2025-03-24 00:08:31 - sqlalchemy.engine.Engine - INFO - [cached since 3093s ago] {'status_1': 'completed'}
2025-03-24 00:08:31 - sqlalchemy.engine.Engine - INFO - SELECT count(work_orders.id) AS count_1 
FROM work_orders 
WHERE work_orders.created_at >= %(created_at_1)s AND work_orders.created_at <= %(created_at_2)s
2025-03-24 00:08:31 - sqlalchemy.engine.Engine - INFO - [cached since 3093s ago] {'created_at_1': datetime.date(2025, 3, 1), 'created_at_2': datetime.date(2025, 3, 31)}
2025-03-24 00:08:31 - sqlalchemy.engine.Engine - INFO - SELECT count(work_orders.id) AS count_1 
FROM work_orders 
WHERE work_orders.created_at >= %(created_at_1)s AND work_orders.created_at < %(created_at_2)s
2025-03-24 00:08:31 - sqlalchemy.engine.Engine - INFO - [cached since 3093s ago] {'created_at_1': datetime.date(2025, 2, 1), 'created_at_2': datetime.date(2025, 3, 1)}
2025-03-24 00:08:31 - sqlalchemy.engine.Engine - INFO - SELECT sum(payments.amount) AS sum_1 
FROM payments 
WHERE payments.status = %(status_1)s AND payments.payment_date >= %(payment_date_1)s AND payments.payment_date <= %(payment_date_2)s
2025-03-24 00:08:31 - sqlalchemy.engine.Engine - INFO - [cached since 3093s ago] {'status_1': 'success', 'payment_date_1': datetime.date(2025, 3, 1), 'payment_date_2': datetime.date(2025, 3, 31)}
2025-03-24 00:08:31 - sqlalchemy.engine.Engine - INFO - SELECT sum(payments.amount) AS sum_1 
FROM payments 
WHERE payments.status = %(status_1)s AND payments.payment_date >= %(payment_date_1)s AND payments.payment_date < %(payment_date_2)s
2025-03-24 00:08:31 - sqlalchemy.engine.Engine - INFO - [cached since 3093s ago] {'status_1': 'success', 'payment_date_1': datetime.date(2025, 2, 1), 'payment_date_2': datetime.date(2025, 3, 1)}
2025-03-24 00:08:31 - sqlalchemy.engine.Engine - INFO - SELECT SUM(total) FROM invoices WHERE status IN ('sent', 'overdue')
2025-03-24 00:08:31 - sqlalchemy.engine.Engine - INFO - [cached since 3093s ago] {}
2025-03-24 00:08:31 - sqlalchemy.engine.Engine - INFO - SELECT count(invoices.id) AS count_1 
FROM invoices 
WHERE invoices.status = %(status_1)s
2025-03-24 00:08:31 - sqlalchemy.engine.Engine - INFO - [cached since 3093s ago] {'status_1': 'overdue'}
2025-03-24 00:08:31 - sqlalchemy.engine.Engine - INFO - SELECT count(clients.id) AS count_1 
FROM clients
2025-03-24 00:08:31 - sqlalchemy.engine.Engine - INFO - [cached since 3093s ago] {}
2025-03-24 00:08:31 - sqlalchemy.engine.Engine - INFO - SELECT count(clients.id) AS count_1 
FROM clients 
WHERE clients.status = %(status_1)s
2025-03-24 00:08:31 - sqlalchemy.engine.Engine - INFO - [cached since 3093s ago] {'status_1': 'active'}
2025-03-24 00:08:31 - sqlalchemy.engine.Engine - INFO - SELECT count(technicians.id) AS count_1 
FROM technicians
2025-03-24 00:08:31 - sqlalchemy.engine.Engine - INFO - [cached since 3093s ago] {}
2025-03-24 00:08:31 - sqlalchemy.engine.Engine - INFO - SELECT count(technicians.id) AS count_1 
FROM technicians 
WHERE technicians.status = %(status_1)s
2025-03-24 00:08:31 - sqlalchemy.engine.Engine - INFO - [cached since 3093s ago] {'status_1': 'active'}
2025-03-24 00:08:31 - app.core.middleware - INFO - Request faef6e63-3e58-42ab-baad-c709fb812e2b completed: GET http://localhost:8000/api/dashboard/stats - Status: 200 - Time: 0.0290s
2025-03-24 00:08:31 - sqlalchemy.engine.Engine - INFO - ROLLBACK
2025-03-24 00:08:31 - app.core.middleware - INFO - Request 5c045a45-d975-43d5-9130-b6e296f6605c started: GET http://localhost:8000/api/dashboard/stats
2025-03-24 00:08:31 - app.routers.dashboard - INFO - Getting dashboard stats (unauthenticated)
2025-03-24 00:08:31 - sqlalchemy.engine.Engine - INFO - BEGIN (implicit)
2025-03-24 00:08:31 - sqlalchemy.engine.Engine - INFO - SELECT count(work_orders.id) AS count_1 
FROM work_orders
2025-03-24 00:08:31 - sqlalchemy.engine.Engine - INFO - [cached since 3093s ago] {}
2025-03-24 00:08:31 - sqlalchemy.engine.Engine - INFO - SELECT count(work_orders.id) AS count_1 
FROM work_orders 
WHERE work_orders.status IN (%(status_1_1)s, %(status_1_2)s)
2025-03-24 00:08:31 - sqlalchemy.engine.Engine - INFO - [cached since 3093s ago] {'status_1_1': 'pending', 'status_1_2': 'scheduled'}
2025-03-24 00:08:31 - sqlalchemy.engine.Engine - INFO - SELECT count(work_orders.id) AS count_1 
FROM work_orders 
WHERE work_orders.status = %(status_1)s
2025-03-24 00:08:31 - sqlalchemy.engine.Engine - INFO - [cached since 3093s ago] {'status_1': 'completed'}
2025-03-24 00:08:31 - sqlalchemy.engine.Engine - INFO - SELECT count(work_orders.id) AS count_1 
FROM work_orders 
WHERE work_orders.created_at >= %(created_at_1)s AND work_orders.created_at <= %(created_at_2)s
2025-03-24 00:08:31 - sqlalchemy.engine.Engine - INFO - [cached since 3093s ago] {'created_at_1': datetime.date(2025, 3, 1), 'created_at_2': datetime.date(2025, 3, 31)}
2025-03-24 00:08:31 - sqlalchemy.engine.Engine - INFO - SELECT count(work_orders.id) AS count_1 
FROM work_orders 
WHERE work_orders.created_at >= %(created_at_1)s AND work_orders.created_at < %(created_at_2)s
2025-03-24 00:08:31 - sqlalchemy.engine.Engine - INFO - [cached since 3093s ago] {'created_at_1': datetime.date(2025, 2, 1), 'created_at_2': datetime.date(2025, 3, 1)}
2025-03-24 00:08:31 - sqlalchemy.engine.Engine - INFO - SELECT sum(payments.amount) AS sum_1 
FROM payments 
WHERE payments.status = %(status_1)s AND payments.payment_date >= %(payment_date_1)s AND payments.payment_date <= %(payment_date_2)s
2025-03-24 00:08:31 - sqlalchemy.engine.Engine - INFO - [cached since 3093s ago] {'status_1': 'success', 'payment_date_1': datetime.date(2025, 3, 1), 'payment_date_2': datetime.date(2025, 3, 31)}
2025-03-24 00:08:31 - sqlalchemy.engine.Engine - INFO - SELECT sum(payments.amount) AS sum_1 
FROM payments 
WHERE payments.status = %(status_1)s AND payments.payment_date >= %(payment_date_1)s AND payments.payment_date < %(payment_date_2)s
2025-03-24 00:08:31 - sqlalchemy.engine.Engine - INFO - [cached since 3093s ago] {'status_1': 'success', 'payment_date_1': datetime.date(2025, 2, 1), 'payment_date_2': datetime.date(2025, 3, 1)}
2025-03-24 00:08:31 - sqlalchemy.engine.Engine - INFO - SELECT SUM(total) FROM invoices WHERE status IN ('sent', 'overdue')
2025-03-24 00:08:31 - sqlalchemy.engine.Engine - INFO - [cached since 3093s ago] {}
2025-03-24 00:08:31 - sqlalchemy.engine.Engine - INFO - SELECT count(invoices.id) AS count_1 
FROM invoices 
WHERE invoices.status = %(status_1)s
2025-03-24 00:08:31 - sqlalchemy.engine.Engine - INFO - [cached since 3093s ago] {'status_1': 'overdue'}
2025-03-24 00:08:31 - sqlalchemy.engine.Engine - INFO - SELECT count(clients.id) AS count_1 
FROM clients
2025-03-24 00:08:31 - sqlalchemy.engine.Engine - INFO - [cached since 3093s ago] {}
2025-03-24 00:08:31 - sqlalchemy.engine.Engine - INFO - SELECT count(clients.id) AS count_1 
FROM clients 
WHERE clients.status = %(status_1)s
2025-03-24 00:08:31 - sqlalchemy.engine.Engine - INFO - [cached since 3093s ago] {'status_1': 'active'}
2025-03-24 00:08:31 - sqlalchemy.engine.Engine - INFO - SELECT count(technicians.id) AS count_1 
FROM technicians
2025-03-24 00:08:31 - sqlalchemy.engine.Engine - INFO - [cached since 3093s ago] {}
2025-03-24 00:08:31 - sqlalchemy.engine.Engine - INFO - SELECT count(technicians.id) AS count_1 
FROM technicians 
WHERE technicians.status = %(status_1)s
2025-03-24 00:08:31 - sqlalchemy.engine.Engine - INFO - [cached since 3093s ago] {'status_1': 'active'}
2025-03-24 00:08:31 - app.core.middleware - INFO - Request 5c045a45-d975-43d5-9130-b6e296f6605c completed: GET http://localhost:8000/api/dashboard/stats - Status: 200 - Time: 0.0305s
2025-03-24 00:08:31 - sqlalchemy.engine.Engine - INFO - ROLLBACK
2025-03-24 00:10:54 - app.core.middleware - INFO - Request 48ee2143-c9c5-4262-881b-8ebb52fa533d started: GET http://localhost:8000/api/dashboard/stats
2025-03-24 00:10:54 - app.routers.dashboard - INFO - Getting dashboard stats (unauthenticated)
2025-03-24 00:10:54 - sqlalchemy.engine.Engine - INFO - BEGIN (implicit)
2025-03-24 00:10:54 - sqlalchemy.engine.Engine - INFO - SELECT count(work_orders.id) AS count_1 
FROM work_orders
2025-03-24 00:10:54 - sqlalchemy.engine.Engine - INFO - [cached since 3237s ago] {}
2025-03-24 00:10:54 - sqlalchemy.engine.Engine - INFO - SELECT count(work_orders.id) AS count_1 
FROM work_orders 
WHERE work_orders.status IN (%(status_1_1)s, %(status_1_2)s)
2025-03-24 00:10:54 - sqlalchemy.engine.Engine - INFO - [cached since 3237s ago] {'status_1_1': 'pending', 'status_1_2': 'scheduled'}
2025-03-24 00:10:54 - sqlalchemy.engine.Engine - INFO - SELECT count(work_orders.id) AS count_1 
FROM work_orders 
WHERE work_orders.status = %(status_1)s
2025-03-24 00:10:54 - sqlalchemy.engine.Engine - INFO - [cached since 3237s ago] {'status_1': 'completed'}
2025-03-24 00:10:54 - sqlalchemy.engine.Engine - INFO - SELECT count(work_orders.id) AS count_1 
FROM work_orders 
WHERE work_orders.created_at >= %(created_at_1)s AND work_orders.created_at <= %(created_at_2)s
2025-03-24 00:10:54 - sqlalchemy.engine.Engine - INFO - [cached since 3237s ago] {'created_at_1': datetime.date(2025, 3, 1), 'created_at_2': datetime.date(2025, 3, 31)}
2025-03-24 00:10:54 - sqlalchemy.engine.Engine - INFO - SELECT count(work_orders.id) AS count_1 
FROM work_orders 
WHERE work_orders.created_at >= %(created_at_1)s AND work_orders.created_at < %(created_at_2)s
2025-03-24 00:10:54 - sqlalchemy.engine.Engine - INFO - [cached since 3237s ago] {'created_at_1': datetime.date(2025, 2, 1), 'created_at_2': datetime.date(2025, 3, 1)}
2025-03-24 00:10:54 - sqlalchemy.engine.Engine - INFO - SELECT sum(payments.amount) AS sum_1 
FROM payments 
WHERE payments.status = %(status_1)s AND payments.payment_date >= %(payment_date_1)s AND payments.payment_date <= %(payment_date_2)s
2025-03-24 00:10:54 - sqlalchemy.engine.Engine - INFO - [cached since 3237s ago] {'status_1': 'success', 'payment_date_1': datetime.date(2025, 3, 1), 'payment_date_2': datetime.date(2025, 3, 31)}
2025-03-24 00:10:54 - sqlalchemy.engine.Engine - INFO - SELECT sum(payments.amount) AS sum_1 
FROM payments 
WHERE payments.status = %(status_1)s AND payments.payment_date >= %(payment_date_1)s AND payments.payment_date < %(payment_date_2)s
2025-03-24 00:10:54 - sqlalchemy.engine.Engine - INFO - [cached since 3237s ago] {'status_1': 'success', 'payment_date_1': datetime.date(2025, 2, 1), 'payment_date_2': datetime.date(2025, 3, 1)}
2025-03-24 00:10:54 - sqlalchemy.engine.Engine - INFO - SELECT SUM(total) FROM invoices WHERE status IN ('sent', 'overdue')
2025-03-24 00:10:54 - sqlalchemy.engine.Engine - INFO - [cached since 3237s ago] {}
2025-03-24 00:10:54 - sqlalchemy.engine.Engine - INFO - SELECT count(invoices.id) AS count_1 
FROM invoices 
WHERE invoices.status = %(status_1)s
2025-03-24 00:10:54 - sqlalchemy.engine.Engine - INFO - [cached since 3237s ago] {'status_1': 'overdue'}
2025-03-24 00:10:54 - sqlalchemy.engine.Engine - INFO - SELECT count(clients.id) AS count_1 
FROM clients
2025-03-24 00:10:54 - sqlalchemy.engine.Engine - INFO - [cached since 3237s ago] {}
2025-03-24 00:10:54 - sqlalchemy.engine.Engine - INFO - SELECT count(clients.id) AS count_1 
FROM clients 
WHERE clients.status = %(status_1)s
2025-03-24 00:10:54 - sqlalchemy.engine.Engine - INFO - [cached since 3237s ago] {'status_1': 'active'}
2025-03-24 00:10:54 - sqlalchemy.engine.Engine - INFO - SELECT count(technicians.id) AS count_1 
FROM technicians
2025-03-24 00:10:54 - sqlalchemy.engine.Engine - INFO - [cached since 3237s ago] {}
2025-03-24 00:10:54 - sqlalchemy.engine.Engine - INFO - SELECT count(technicians.id) AS count_1 
FROM technicians 
WHERE technicians.status = %(status_1)s
2025-03-24 00:10:54 - sqlalchemy.engine.Engine - INFO - [cached since 3237s ago] {'status_1': 'active'}
2025-03-24 00:10:55 - app.core.middleware - INFO - Request 48ee2143-c9c5-4262-881b-8ebb52fa533d completed: GET http://localhost:8000/api/dashboard/stats - Status: 200 - Time: 0.0300s
2025-03-24 00:10:55 - sqlalchemy.engine.Engine - INFO - ROLLBACK
2025-03-24 00:10:55 - app.core.middleware - INFO - Request 284cab1b-ff95-4c7d-8dcb-567952d0f949 started: GET http://localhost:8000/api/dashboard/stats
2025-03-24 00:10:55 - app.routers.dashboard - INFO - Getting dashboard stats (unauthenticated)
2025-03-24 00:10:55 - sqlalchemy.engine.Engine - INFO - BEGIN (implicit)
2025-03-24 00:10:55 - sqlalchemy.engine.Engine - INFO - SELECT count(work_orders.id) AS count_1 
FROM work_orders
2025-03-24 00:10:55 - sqlalchemy.engine.Engine - INFO - [cached since 3237s ago] {}
2025-03-24 00:10:55 - sqlalchemy.engine.Engine - INFO - SELECT count(work_orders.id) AS count_1 
FROM work_orders 
WHERE work_orders.status IN (%(status_1_1)s, %(status_1_2)s)
2025-03-24 00:10:55 - sqlalchemy.engine.Engine - INFO - [cached since 3237s ago] {'status_1_1': 'pending', 'status_1_2': 'scheduled'}
2025-03-24 00:10:55 - sqlalchemy.engine.Engine - INFO - SELECT count(work_orders.id) AS count_1 
FROM work_orders 
WHERE work_orders.status = %(status_1)s
2025-03-24 00:10:55 - sqlalchemy.engine.Engine - INFO - [cached since 3237s ago] {'status_1': 'completed'}
2025-03-24 00:10:55 - sqlalchemy.engine.Engine - INFO - SELECT count(work_orders.id) AS count_1 
FROM work_orders 
WHERE work_orders.created_at >= %(created_at_1)s AND work_orders.created_at <= %(created_at_2)s
2025-03-24 00:10:55 - sqlalchemy.engine.Engine - INFO - [cached since 3237s ago] {'created_at_1': datetime.date(2025, 3, 1), 'created_at_2': datetime.date(2025, 3, 31)}
2025-03-24 00:10:55 - sqlalchemy.engine.Engine - INFO - SELECT count(work_orders.id) AS count_1 
FROM work_orders 
WHERE work_orders.created_at >= %(created_at_1)s AND work_orders.created_at < %(created_at_2)s
2025-03-24 00:10:55 - sqlalchemy.engine.Engine - INFO - [cached since 3237s ago] {'created_at_1': datetime.date(2025, 2, 1), 'created_at_2': datetime.date(2025, 3, 1)}
2025-03-24 00:10:55 - sqlalchemy.engine.Engine - INFO - SELECT sum(payments.amount) AS sum_1 
FROM payments 
WHERE payments.status = %(status_1)s AND payments.payment_date >= %(payment_date_1)s AND payments.payment_date <= %(payment_date_2)s
2025-03-24 00:10:55 - sqlalchemy.engine.Engine - INFO - [cached since 3237s ago] {'status_1': 'success', 'payment_date_1': datetime.date(2025, 3, 1), 'payment_date_2': datetime.date(2025, 3, 31)}
2025-03-24 00:10:55 - sqlalchemy.engine.Engine - INFO - SELECT sum(payments.amount) AS sum_1 
FROM payments 
WHERE payments.status = %(status_1)s AND payments.payment_date >= %(payment_date_1)s AND payments.payment_date < %(payment_date_2)s
2025-03-24 00:10:55 - sqlalchemy.engine.Engine - INFO - [cached since 3237s ago] {'status_1': 'success', 'payment_date_1': datetime.date(2025, 2, 1), 'payment_date_2': datetime.date(2025, 3, 1)}
2025-03-24 00:10:55 - sqlalchemy.engine.Engine - INFO - SELECT SUM(total) FROM invoices WHERE status IN ('sent', 'overdue')
2025-03-24 00:10:55 - sqlalchemy.engine.Engine - INFO - [cached since 3237s ago] {}
2025-03-24 00:10:55 - sqlalchemy.engine.Engine - INFO - SELECT count(invoices.id) AS count_1 
FROM invoices 
WHERE invoices.status = %(status_1)s
2025-03-24 00:10:55 - sqlalchemy.engine.Engine - INFO - [cached since 3237s ago] {'status_1': 'overdue'}
2025-03-24 00:10:55 - sqlalchemy.engine.Engine - INFO - SELECT count(clients.id) AS count_1 
FROM clients
2025-03-24 00:10:55 - sqlalchemy.engine.Engine - INFO - [cached since 3237s ago] {}
2025-03-24 00:10:55 - sqlalchemy.engine.Engine - INFO - SELECT count(clients.id) AS count_1 
FROM clients 
WHERE clients.status = %(status_1)s
2025-03-24 00:10:55 - sqlalchemy.engine.Engine - INFO - [cached since 3237s ago] {'status_1': 'active'}
2025-03-24 00:10:55 - sqlalchemy.engine.Engine - INFO - SELECT count(technicians.id) AS count_1 
FROM technicians
2025-03-24 00:10:55 - sqlalchemy.engine.Engine - INFO - [cached since 3237s ago] {}
2025-03-24 00:10:55 - sqlalchemy.engine.Engine - INFO - SELECT count(technicians.id) AS count_1 
FROM technicians 
WHERE technicians.status = %(status_1)s
2025-03-24 00:10:55 - sqlalchemy.engine.Engine - INFO - [cached since 3237s ago] {'status_1': 'active'}
2025-03-24 00:10:55 - app.core.middleware - INFO - Request 284cab1b-ff95-4c7d-8dcb-567952d0f949 completed: GET http://localhost:8000/api/dashboard/stats - Status: 200 - Time: 0.0285s
2025-03-24 00:10:55 - sqlalchemy.engine.Engine - INFO - ROLLBACK
2025-03-24 00:15:58 - app.core.middleware - INFO - Request 948f2bc0-3def-4d4a-a595-28712ae42b94 started: GET http://localhost:8000/api/dashboard/stats
2025-03-24 00:15:58 - app.routers.dashboard - INFO - Getting dashboard stats (unauthenticated)
2025-03-24 00:15:58 - sqlalchemy.engine.Engine - INFO - BEGIN (implicit)
2025-03-24 00:15:58 - sqlalchemy.engine.Engine - INFO - SELECT count(work_orders.id) AS count_1 
FROM work_orders
2025-03-24 00:15:58 - sqlalchemy.engine.Engine - INFO - [cached since 3540s ago] {}
2025-03-24 00:15:58 - sqlalchemy.engine.Engine - INFO - SELECT count(work_orders.id) AS count_1 
FROM work_orders 
WHERE work_orders.status IN (%(status_1_1)s, %(status_1_2)s)
2025-03-24 00:15:58 - sqlalchemy.engine.Engine - INFO - [cached since 3540s ago] {'status_1_1': 'pending', 'status_1_2': 'scheduled'}
2025-03-24 00:15:58 - sqlalchemy.engine.Engine - INFO - SELECT count(work_orders.id) AS count_1 
FROM work_orders 
WHERE work_orders.status = %(status_1)s
2025-03-24 00:15:58 - sqlalchemy.engine.Engine - INFO - [cached since 3540s ago] {'status_1': 'completed'}
2025-03-24 00:15:58 - sqlalchemy.engine.Engine - INFO - SELECT count(work_orders.id) AS count_1 
FROM work_orders 
WHERE work_orders.created_at >= %(created_at_1)s AND work_orders.created_at <= %(created_at_2)s
2025-03-24 00:15:58 - sqlalchemy.engine.Engine - INFO - [cached since 3540s ago] {'created_at_1': datetime.date(2025, 3, 1), 'created_at_2': datetime.date(2025, 3, 31)}
2025-03-24 00:15:58 - sqlalchemy.engine.Engine - INFO - SELECT count(work_orders.id) AS count_1 
FROM work_orders 
WHERE work_orders.created_at >= %(created_at_1)s AND work_orders.created_at < %(created_at_2)s
2025-03-24 00:15:58 - sqlalchemy.engine.Engine - INFO - [cached since 3540s ago] {'created_at_1': datetime.date(2025, 2, 1), 'created_at_2': datetime.date(2025, 3, 1)}
2025-03-24 00:15:58 - sqlalchemy.engine.Engine - INFO - SELECT sum(payments.amount) AS sum_1 
FROM payments 
WHERE payments.status = %(status_1)s AND payments.payment_date >= %(payment_date_1)s AND payments.payment_date <= %(payment_date_2)s
2025-03-24 00:15:58 - sqlalchemy.engine.Engine - INFO - [cached since 3540s ago] {'status_1': 'success', 'payment_date_1': datetime.date(2025, 3, 1), 'payment_date_2': datetime.date(2025, 3, 31)}
2025-03-24 00:15:58 - sqlalchemy.engine.Engine - INFO - SELECT sum(payments.amount) AS sum_1 
FROM payments 
WHERE payments.status = %(status_1)s AND payments.payment_date >= %(payment_date_1)s AND payments.payment_date < %(payment_date_2)s
2025-03-24 00:15:58 - sqlalchemy.engine.Engine - INFO - [cached since 3540s ago] {'status_1': 'success', 'payment_date_1': datetime.date(2025, 2, 1), 'payment_date_2': datetime.date(2025, 3, 1)}
2025-03-24 00:15:58 - sqlalchemy.engine.Engine - INFO - SELECT SUM(total) FROM invoices WHERE status IN ('sent', 'overdue')
2025-03-24 00:15:58 - sqlalchemy.engine.Engine - INFO - [cached since 3540s ago] {}
2025-03-24 00:15:58 - sqlalchemy.engine.Engine - INFO - SELECT count(invoices.id) AS count_1 
FROM invoices 
WHERE invoices.status = %(status_1)s
2025-03-24 00:15:58 - sqlalchemy.engine.Engine - INFO - [cached since 3540s ago] {'status_1': 'overdue'}
2025-03-24 00:15:58 - sqlalchemy.engine.Engine - INFO - SELECT count(clients.id) AS count_1 
FROM clients
2025-03-24 00:15:58 - sqlalchemy.engine.Engine - INFO - [cached since 3540s ago] {}
2025-03-24 00:15:58 - sqlalchemy.engine.Engine - INFO - SELECT count(clients.id) AS count_1 
FROM clients 
WHERE clients.status = %(status_1)s
2025-03-24 00:15:58 - sqlalchemy.engine.Engine - INFO - [cached since 3540s ago] {'status_1': 'active'}
2025-03-24 00:15:58 - sqlalchemy.engine.Engine - INFO - SELECT count(technicians.id) AS count_1 
FROM technicians
2025-03-24 00:15:58 - sqlalchemy.engine.Engine - INFO - [cached since 3540s ago] {}
2025-03-24 00:15:58 - sqlalchemy.engine.Engine - INFO - SELECT count(technicians.id) AS count_1 
FROM technicians 
WHERE technicians.status = %(status_1)s
2025-03-24 00:15:58 - sqlalchemy.engine.Engine - INFO - [cached since 3540s ago] {'status_1': 'active'}
2025-03-24 00:15:58 - app.core.middleware - INFO - Request 948f2bc0-3def-4d4a-a595-28712ae42b94 completed: GET http://localhost:8000/api/dashboard/stats - Status: 200 - Time: 0.0650s
2025-03-24 00:15:58 - sqlalchemy.engine.Engine - INFO - ROLLBACK
2025-03-24 00:15:58 - app.core.middleware - INFO - Request c91de944-cd1c-4858-aef8-0df928ad1815 started: GET http://localhost:8000/api/dashboard/stats
2025-03-24 00:15:58 - app.routers.dashboard - INFO - Getting dashboard stats (unauthenticated)
2025-03-24 00:15:58 - sqlalchemy.engine.Engine - INFO - BEGIN (implicit)
2025-03-24 00:15:58 - sqlalchemy.engine.Engine - INFO - SELECT count(work_orders.id) AS count_1 
FROM work_orders
2025-03-24 00:15:58 - sqlalchemy.engine.Engine - INFO - [cached since 3540s ago] {}
2025-03-24 00:15:58 - sqlalchemy.engine.Engine - INFO - SELECT count(work_orders.id) AS count_1 
FROM work_orders 
WHERE work_orders.status IN (%(status_1_1)s, %(status_1_2)s)
2025-03-24 00:15:58 - sqlalchemy.engine.Engine - INFO - [cached since 3540s ago] {'status_1_1': 'pending', 'status_1_2': 'scheduled'}
2025-03-24 00:15:58 - sqlalchemy.engine.Engine - INFO - SELECT count(work_orders.id) AS count_1 
FROM work_orders 
WHERE work_orders.status = %(status_1)s
2025-03-24 00:15:58 - sqlalchemy.engine.Engine - INFO - [cached since 3540s ago] {'status_1': 'completed'}
2025-03-24 00:15:58 - sqlalchemy.engine.Engine - INFO - SELECT count(work_orders.id) AS count_1 
FROM work_orders 
WHERE work_orders.created_at >= %(created_at_1)s AND work_orders.created_at <= %(created_at_2)s
2025-03-24 00:15:58 - sqlalchemy.engine.Engine - INFO - [cached since 3540s ago] {'created_at_1': datetime.date(2025, 3, 1), 'created_at_2': datetime.date(2025, 3, 31)}
2025-03-24 00:15:58 - sqlalchemy.engine.Engine - INFO - SELECT count(work_orders.id) AS count_1 
FROM work_orders 
WHERE work_orders.created_at >= %(created_at_1)s AND work_orders.created_at < %(created_at_2)s
2025-03-24 00:15:58 - sqlalchemy.engine.Engine - INFO - [cached since 3540s ago] {'created_at_1': datetime.date(2025, 2, 1), 'created_at_2': datetime.date(2025, 3, 1)}
2025-03-24 00:15:58 - sqlalchemy.engine.Engine - INFO - SELECT sum(payments.amount) AS sum_1 
FROM payments 
WHERE payments.status = %(status_1)s AND payments.payment_date >= %(payment_date_1)s AND payments.payment_date <= %(payment_date_2)s
2025-03-24 00:15:58 - sqlalchemy.engine.Engine - INFO - [cached since 3540s ago] {'status_1': 'success', 'payment_date_1': datetime.date(2025, 3, 1), 'payment_date_2': datetime.date(2025, 3, 31)}
2025-03-24 00:15:58 - sqlalchemy.engine.Engine - INFO - SELECT sum(payments.amount) AS sum_1 
FROM payments 
WHERE payments.status = %(status_1)s AND payments.payment_date >= %(payment_date_1)s AND payments.payment_date < %(payment_date_2)s
2025-03-24 00:15:58 - sqlalchemy.engine.Engine - INFO - [cached since 3540s ago] {'status_1': 'success', 'payment_date_1': datetime.date(2025, 2, 1), 'payment_date_2': datetime.date(2025, 3, 1)}
2025-03-24 00:15:58 - sqlalchemy.engine.Engine - INFO - SELECT SUM(total) FROM invoices WHERE status IN ('sent', 'overdue')
2025-03-24 00:15:58 - sqlalchemy.engine.Engine - INFO - [cached since 3540s ago] {}
2025-03-24 00:15:58 - sqlalchemy.engine.Engine - INFO - SELECT count(invoices.id) AS count_1 
FROM invoices 
WHERE invoices.status = %(status_1)s
2025-03-24 00:15:58 - sqlalchemy.engine.Engine - INFO - [cached since 3540s ago] {'status_1': 'overdue'}
2025-03-24 00:15:58 - sqlalchemy.engine.Engine - INFO - SELECT count(clients.id) AS count_1 
FROM clients
2025-03-24 00:15:58 - sqlalchemy.engine.Engine - INFO - [cached since 3540s ago] {}
2025-03-24 00:15:58 - sqlalchemy.engine.Engine - INFO - SELECT count(clients.id) AS count_1 
FROM clients 
WHERE clients.status = %(status_1)s
2025-03-24 00:15:58 - sqlalchemy.engine.Engine - INFO - [cached since 3540s ago] {'status_1': 'active'}
2025-03-24 00:15:58 - sqlalchemy.engine.Engine - INFO - SELECT count(technicians.id) AS count_1 
FROM technicians
2025-03-24 00:15:58 - sqlalchemy.engine.Engine - INFO - [cached since 3540s ago] {}
2025-03-24 00:15:58 - sqlalchemy.engine.Engine - INFO - SELECT count(technicians.id) AS count_1 
FROM technicians 
WHERE technicians.status = %(status_1)s
2025-03-24 00:15:58 - sqlalchemy.engine.Engine - INFO - [cached since 3540s ago] {'status_1': 'active'}
2025-03-24 00:15:58 - app.core.middleware - INFO - Request c91de944-cd1c-4858-aef8-0df928ad1815 completed: GET http://localhost:8000/api/dashboard/stats - Status: 200 - Time: 0.0275s
2025-03-24 00:15:58 - sqlalchemy.engine.Engine - INFO - ROLLBACK
2025-03-24 13:21:19 - root - INFO - Redis client initialized successfully
2025-03-24 13:21:19 - root - INFO - Auth0 configuration loaded - Domain: dev-fqp1z1l3km7uj2gq.us.auth0.com, Audience: https://idimsapi
2025-03-24 13:21:31 - app.core.middleware - INFO - Request b16458d6-3c55-46d0-806b-91c59a18d211 started: OPTIONS http://localhost:8000/api/dashboard/stats
2025-03-24 13:21:31 - app.core.middleware - INFO - Request b9e76a73-a937-4ca4-a3d5-6a216210837f started: OPTIONS http://localhost:8000/api/dashboard/stats
2025-03-24 13:21:31 - app.core.middleware - INFO - Request b16458d6-3c55-46d0-806b-91c59a18d211 completed: OPTIONS http://localhost:8000/api/dashboard/stats - Status: 200 - Time: 0.0030s
2025-03-24 13:21:31 - app.core.middleware - INFO - Request b9e76a73-a937-4ca4-a3d5-6a216210837f completed: OPTIONS http://localhost:8000/api/dashboard/stats - Status: 200 - Time: 0.0026s
2025-03-24 13:21:31 - app.core.middleware - INFO - Request be7dcdf2-35a9-4069-b271-5f4eb739c6ab started: GET http://localhost:8000/api/dashboard/stats
2025-03-24 13:21:31 - app.routers.dashboard - INFO - Getting dashboard stats (unauthenticated)
2025-03-24 13:21:31 - sqlalchemy.engine.Engine - INFO - BEGIN (implicit)
2025-03-24 13:21:31 - sqlalchemy.engine.Engine - INFO - SELECT count(work_orders.id) AS count_1 
FROM work_orders
2025-03-24 13:21:31 - sqlalchemy.engine.Engine - INFO - [generated in 0.00082s] {}
2025-03-24 13:21:31 - sqlalchemy.engine.Engine - INFO - SELECT count(work_orders.id) AS count_1 
FROM work_orders 
WHERE work_orders.status IN (%(status_1_1)s, %(status_1_2)s)
2025-03-24 13:21:31 - sqlalchemy.engine.Engine - INFO - [generated in 0.00212s] {'status_1_1': 'pending', 'status_1_2': 'scheduled'}
2025-03-24 13:21:31 - sqlalchemy.engine.Engine - INFO - SELECT count(work_orders.id) AS count_1 
FROM work_orders 
WHERE work_orders.status = %(status_1)s
2025-03-24 13:21:31 - sqlalchemy.engine.Engine - INFO - [generated in 0.00081s] {'status_1': 'completed'}
2025-03-24 13:21:31 - sqlalchemy.engine.Engine - INFO - SELECT count(work_orders.id) AS count_1 
FROM work_orders 
WHERE work_orders.created_at >= %(created_at_1)s AND work_orders.created_at <= %(created_at_2)s
2025-03-24 13:21:31 - sqlalchemy.engine.Engine - INFO - [generated in 0.00103s] {'created_at_1': datetime.date(2025, 3, 1), 'created_at_2': datetime.date(2025, 3, 31)}
2025-03-24 13:21:31 - sqlalchemy.engine.Engine - INFO - SELECT count(work_orders.id) AS count_1 
FROM work_orders 
WHERE work_orders.created_at >= %(created_at_1)s AND work_orders.created_at < %(created_at_2)s
2025-03-24 13:21:31 - sqlalchemy.engine.Engine - INFO - [generated in 0.00087s] {'created_at_1': datetime.date(2025, 2, 1), 'created_at_2': datetime.date(2025, 3, 1)}
2025-03-24 13:21:31 - sqlalchemy.engine.Engine - INFO - SELECT sum(payments.amount) AS sum_1 
FROM payments 
WHERE payments.status = %(status_1)s AND payments.payment_date >= %(payment_date_1)s AND payments.payment_date <= %(payment_date_2)s
2025-03-24 13:21:31 - sqlalchemy.engine.Engine - INFO - [generated in 0.00099s] {'status_1': 'success', 'payment_date_1': datetime.date(2025, 3, 1), 'payment_date_2': datetime.date(2025, 3, 31)}
2025-03-24 13:21:31 - sqlalchemy.engine.Engine - INFO - SELECT sum(payments.amount) AS sum_1 
FROM payments 
WHERE payments.status = %(status_1)s AND payments.payment_date >= %(payment_date_1)s AND payments.payment_date < %(payment_date_2)s
2025-03-24 13:21:31 - sqlalchemy.engine.Engine - INFO - [generated in 0.00100s] {'status_1': 'success', 'payment_date_1': datetime.date(2025, 2, 1), 'payment_date_2': datetime.date(2025, 3, 1)}
2025-03-24 13:21:31 - sqlalchemy.engine.Engine - INFO - SELECT SUM(total) FROM invoices WHERE status IN ('sent', 'overdue')
2025-03-24 13:21:31 - sqlalchemy.engine.Engine - INFO - [generated in 0.00064s] {}
2025-03-24 13:21:31 - sqlalchemy.engine.Engine - INFO - SELECT count(invoices.id) AS count_1 
FROM invoices 
WHERE invoices.status = %(status_1)s
2025-03-24 13:21:31 - sqlalchemy.engine.Engine - INFO - [generated in 0.00111s] {'status_1': 'overdue'}
2025-03-24 13:21:31 - sqlalchemy.engine.Engine - INFO - SELECT count(clients.id) AS count_1 
FROM clients
2025-03-24 13:21:31 - sqlalchemy.engine.Engine - INFO - [generated in 0.00081s] {}
2025-03-24 13:21:31 - sqlalchemy.engine.Engine - INFO - SELECT count(clients.id) AS count_1 
FROM clients 
WHERE clients.status = %(status_1)s
2025-03-24 13:21:31 - sqlalchemy.engine.Engine - INFO - [generated in 0.00101s] {'status_1': 'active'}
2025-03-24 13:21:31 - sqlalchemy.engine.Engine - INFO - SELECT count(technicians.id) AS count_1 
FROM technicians
2025-03-24 13:21:31 - sqlalchemy.engine.Engine - INFO - [generated in 0.00099s] {}
2025-03-24 13:21:31 - sqlalchemy.engine.Engine - INFO - SELECT count(technicians.id) AS count_1 
FROM technicians 
WHERE technicians.status = %(status_1)s
2025-03-24 13:21:31 - sqlalchemy.engine.Engine - INFO - [generated in 0.00110s] {'status_1': 'active'}
2025-03-24 13:21:31 - app.core.middleware - INFO - Request be7dcdf2-35a9-4069-b271-5f4eb739c6ab completed: GET http://localhost:8000/api/dashboard/stats - Status: 200 - Time: 0.0875s
2025-03-24 13:21:31 - sqlalchemy.engine.Engine - INFO - ROLLBACK
2025-03-24 13:21:31 - app.core.middleware - INFO - Request a1c05a8b-726f-417a-97e1-18c99a469529 started: GET http://localhost:8000/api/dashboard/stats
2025-03-24 13:21:31 - app.routers.dashboard - INFO - Getting dashboard stats (unauthenticated)
2025-03-24 13:21:31 - sqlalchemy.engine.Engine - INFO - BEGIN (implicit)
2025-03-24 13:21:31 - sqlalchemy.engine.Engine - INFO - SELECT count(work_orders.id) AS count_1 
FROM work_orders
2025-03-24 13:21:31 - sqlalchemy.engine.Engine - INFO - [cached since 0.04197s ago] {}
2025-03-24 13:21:31 - sqlalchemy.engine.Engine - INFO - SELECT count(work_orders.id) AS count_1 
FROM work_orders 
WHERE work_orders.status IN (%(status_1_1)s, %(status_1_2)s)
2025-03-24 13:21:31 - sqlalchemy.engine.Engine - INFO - [cached since 0.04056s ago] {'status_1_1': 'pending', 'status_1_2': 'scheduled'}
2025-03-24 13:21:31 - sqlalchemy.engine.Engine - INFO - SELECT count(work_orders.id) AS count_1 
FROM work_orders 
WHERE work_orders.status = %(status_1)s
2025-03-24 13:21:31 - sqlalchemy.engine.Engine - INFO - [cached since 0.03851s ago] {'status_1': 'completed'}
2025-03-24 13:21:31 - sqlalchemy.engine.Engine - INFO - SELECT count(work_orders.id) AS count_1 
FROM work_orders 
WHERE work_orders.created_at >= %(created_at_1)s AND work_orders.created_at <= %(created_at_2)s
2025-03-24 13:21:31 - sqlalchemy.engine.Engine - INFO - [cached since 0.0384s ago] {'created_at_1': datetime.date(2025, 3, 1), 'created_at_2': datetime.date(2025, 3, 31)}
2025-03-24 13:21:31 - sqlalchemy.engine.Engine - INFO - SELECT count(work_orders.id) AS count_1 
FROM work_orders 
WHERE work_orders.created_at >= %(created_at_1)s AND work_orders.created_at < %(created_at_2)s
2025-03-24 13:21:31 - sqlalchemy.engine.Engine - INFO - [cached since 0.03792s ago] {'created_at_1': datetime.date(2025, 2, 1), 'created_at_2': datetime.date(2025, 3, 1)}
2025-03-24 13:21:31 - sqlalchemy.engine.Engine - INFO - SELECT sum(payments.amount) AS sum_1 
FROM payments 
WHERE payments.status = %(status_1)s AND payments.payment_date >= %(payment_date_1)s AND payments.payment_date <= %(payment_date_2)s
2025-03-24 13:21:31 - sqlalchemy.engine.Engine - INFO - [cached since 0.03715s ago] {'status_1': 'success', 'payment_date_1': datetime.date(2025, 3, 1), 'payment_date_2': datetime.date(2025, 3, 31)}
2025-03-24 13:21:31 - sqlalchemy.engine.Engine - INFO - SELECT sum(payments.amount) AS sum_1 
FROM payments 
WHERE payments.status = %(status_1)s AND payments.payment_date >= %(payment_date_1)s AND payments.payment_date < %(payment_date_2)s
2025-03-24 13:21:31 - sqlalchemy.engine.Engine - INFO - [cached since 0.03608s ago] {'status_1': 'success', 'payment_date_1': datetime.date(2025, 2, 1), 'payment_date_2': datetime.date(2025, 3, 1)}
2025-03-24 13:21:31 - sqlalchemy.engine.Engine - INFO - SELECT SUM(total) FROM invoices WHERE status IN ('sent', 'overdue')
2025-03-24 13:21:31 - sqlalchemy.engine.Engine - INFO - [cached since 0.03553s ago] {}
2025-03-24 13:21:31 - sqlalchemy.engine.Engine - INFO - SELECT count(invoices.id) AS count_1 
FROM invoices 
WHERE invoices.status = %(status_1)s
2025-03-24 13:21:31 - sqlalchemy.engine.Engine - INFO - [cached since 0.03455s ago] {'status_1': 'overdue'}
2025-03-24 13:21:31 - sqlalchemy.engine.Engine - INFO - SELECT count(clients.id) AS count_1 
FROM clients
2025-03-24 13:21:31 - sqlalchemy.engine.Engine - INFO - [cached since 0.03373s ago] {}
2025-03-24 13:21:31 - sqlalchemy.engine.Engine - INFO - SELECT count(clients.id) AS count_1 
FROM clients 
WHERE clients.status = %(status_1)s
2025-03-24 13:21:31 - sqlalchemy.engine.Engine - INFO - [cached since 0.03298s ago] {'status_1': 'active'}
2025-03-24 13:21:31 - sqlalchemy.engine.Engine - INFO - SELECT count(technicians.id) AS count_1 
FROM technicians
2025-03-24 13:21:31 - sqlalchemy.engine.Engine - INFO - [cached since 0.0323s ago] {}
2025-03-24 13:21:31 - sqlalchemy.engine.Engine - INFO - SELECT count(technicians.id) AS count_1 
FROM technicians 
WHERE technicians.status = %(status_1)s
2025-03-24 13:21:31 - sqlalchemy.engine.Engine - INFO - [cached since 0.03122s ago] {'status_1': 'active'}
2025-03-24 13:21:31 - app.core.middleware - INFO - Request a1c05a8b-726f-417a-97e1-18c99a469529 completed: GET http://localhost:8000/api/dashboard/stats - Status: 200 - Time: 0.0280s
2025-03-24 13:21:31 - sqlalchemy.engine.Engine - INFO - ROLLBACK
2025-03-24 13:23:31 - app.core.middleware - INFO - Request fd38d97b-cdd2-4cbc-aeb1-e6e6944176dc started: GET http://localhost:8000/api/work-orders?page=1&limit=10
2025-03-24 13:23:31 - app.core.middleware - ERROR - Unhandled error in request fd38d97b-cdd2-4cbc-aeb1-e6e6944176dc
Traceback (most recent call last):
  File "C:\Users\chee3\IdeaProjects\idims\venv\lib\site-packages\anyio\streams\memory.py", line 98, in receive
    return self.receive_nowait()
  File "C:\Users\chee3\IdeaProjects\idims\venv\lib\site-packages\anyio\streams\memory.py", line 93, in receive_nowait
    raise WouldBlock
anyio.WouldBlock

During handling of the above exception, another exception occurred:

Traceback (most recent call last):
  File "C:\Users\chee3\IdeaProjects\idims\venv\lib\site-packages\starlette\middleware\base.py", line 78, in call_next
    message = await recv_stream.receive()
  File "C:\Users\chee3\IdeaProjects\idims\venv\lib\site-packages\anyio\streams\memory.py", line 118, in receive
    raise EndOfStream
anyio.EndOfStream

During handling of the above exception, another exception occurred:

Traceback (most recent call last):
  File "C:\Users\chee3\IdeaProjects\idims\backend\app\core\middleware.py", line 62, in dispatch
    response = await call_next(request)
  File "C:\Users\chee3\IdeaProjects\idims\venv\lib\site-packages\starlette\middleware\base.py", line 84, in call_next
    raise app_exc
  File "C:\Users\chee3\IdeaProjects\idims\venv\lib\site-packages\starlette\middleware\base.py", line 70, in coro
    await self.app(scope, receive_or_disconnect, send_no_error)
  File "C:\Users\chee3\IdeaProjects\idims\venv\lib\site-packages\starlette\middleware\base.py", line 108, in __call__
    response = await self.dispatch_func(request, call_next)
  File "C:\Users\chee3\IdeaProjects\idims\backend\app\core\middleware.py", line 136, in dispatch
    response = await call_next(request)
  File "C:\Users\chee3\IdeaProjects\idims\venv\lib\site-packages\starlette\middleware\base.py", line 84, in call_next
    raise app_exc
  File "C:\Users\chee3\IdeaProjects\idims\venv\lib\site-packages\starlette\middleware\base.py", line 70, in coro
    await self.app(scope, receive_or_disconnect, send_no_error)
  File "C:\Users\chee3\IdeaProjects\idims\venv\lib\site-packages\starlette\middleware\cors.py", line 91, in __call__
    await self.simple_response(scope, receive, send, request_headers=headers)
  File "C:\Users\chee3\IdeaProjects\idims\venv\lib\site-packages\starlette\middleware\cors.py", line 146, in simple_response
    await self.app(scope, receive, send)
  File "C:\Users\chee3\IdeaProjects\idims\venv\lib\site-packages\starlette\middleware\exceptions.py", line 79, in __call__
    raise exc
  File "C:\Users\chee3\IdeaProjects\idims\venv\lib\site-packages\starlette\middleware\exceptions.py", line 68, in __call__
    await self.app(scope, receive, sender)
  File "C:\Users\chee3\IdeaProjects\idims\venv\lib\site-packages\fastapi\middleware\asyncexitstack.py", line 20, in __call__
    raise e
  File "C:\Users\chee3\IdeaProjects\idims\venv\lib\site-packages\fastapi\middleware\asyncexitstack.py", line 17, in __call__
    await self.app(scope, receive, send)
  File "C:\Users\chee3\IdeaProjects\idims\venv\lib\site-packages\starlette\routing.py", line 718, in __call__
    await route.handle(scope, receive, send)
  File "C:\Users\chee3\IdeaProjects\idims\venv\lib\site-packages\starlette\routing.py", line 276, in handle
    await self.app(scope, receive, send)
  File "C:\Users\chee3\IdeaProjects\idims\venv\lib\site-packages\starlette\routing.py", line 66, in app
    response = await func(request)
  File "C:\Users\chee3\IdeaProjects\idims\venv\lib\site-packages\fastapi\routing.py", line 263, in app
    solved_result = await solve_dependencies(
  File "C:\Users\chee3\IdeaProjects\idims\venv\lib\site-packages\fastapi\dependencies\utils.py", line 584, in solve_dependencies
    solved = await call(**sub_values)
  File "C:\Users\chee3\IdeaProjects\idims\backend\app\routers\work_orders.py", line 22, in get_current_user_dependency
    return await auth_handler.get_current_user()
  File "C:\Users\chee3\IdeaProjects\idims\backend\app\core\auth.py", line 254, in get_current_user
    payload = jwt.decode(
  File "C:\Users\chee3\IdeaProjects\idims\venv\lib\site-packages\jose\jwt.py", line 142, in decode
    payload = jws.verify(token, key, algorithms, verify=verify_signature)
  File "C:\Users\chee3\IdeaProjects\idims\venv\lib\site-packages\jose\jws.py", line 70, in verify
    header, payload, signing_input, signature = _load(token)
  File "C:\Users\chee3\IdeaProjects\idims\venv\lib\site-packages\jose\jws.py", line 176, in _load
    signing_input, crypto_segment = jwt.rsplit(b".", 1)
AttributeError: 'Depends' object has no attribute 'rsplit'
2025-03-24 13:23:31 - app.core.middleware - INFO - Request fd38d97b-cdd2-4cbc-aeb1-e6e6944176dc completed: GET http://localhost:8000/api/work-orders?page=1&limit=10 - Status: 500 - Time: 0.0110s
2025-03-24 13:23:32 - app.core.middleware - INFO - Request 5ca4b48c-da11-41d1-a5a9-c056373b5988 started: GET http://localhost:8000/api/work-orders?page=1&limit=10
2025-03-24 13:23:32 - app.core.middleware - ERROR - Unhandled error in request 5ca4b48c-da11-41d1-a5a9-c056373b5988
Traceback (most recent call last):
  File "C:\Users\chee3\IdeaProjects\idims\venv\lib\site-packages\anyio\streams\memory.py", line 98, in receive
    return self.receive_nowait()
  File "C:\Users\chee3\IdeaProjects\idims\venv\lib\site-packages\anyio\streams\memory.py", line 93, in receive_nowait
    raise WouldBlock
anyio.WouldBlock

During handling of the above exception, another exception occurred:

Traceback (most recent call last):
  File "C:\Users\chee3\IdeaProjects\idims\venv\lib\site-packages\starlette\middleware\base.py", line 78, in call_next
    message = await recv_stream.receive()
  File "C:\Users\chee3\IdeaProjects\idims\venv\lib\site-packages\anyio\streams\memory.py", line 118, in receive
    raise EndOfStream
anyio.EndOfStream

During handling of the above exception, another exception occurred:

Traceback (most recent call last):
  File "C:\Users\chee3\IdeaProjects\idims\backend\app\core\middleware.py", line 62, in dispatch
    response = await call_next(request)
  File "C:\Users\chee3\IdeaProjects\idims\venv\lib\site-packages\starlette\middleware\base.py", line 84, in call_next
    raise app_exc
  File "C:\Users\chee3\IdeaProjects\idims\venv\lib\site-packages\starlette\middleware\base.py", line 70, in coro
    await self.app(scope, receive_or_disconnect, send_no_error)
  File "C:\Users\chee3\IdeaProjects\idims\venv\lib\site-packages\starlette\middleware\base.py", line 108, in __call__
    response = await self.dispatch_func(request, call_next)
  File "C:\Users\chee3\IdeaProjects\idims\backend\app\core\middleware.py", line 136, in dispatch
    response = await call_next(request)
  File "C:\Users\chee3\IdeaProjects\idims\venv\lib\site-packages\starlette\middleware\base.py", line 84, in call_next
    raise app_exc
  File "C:\Users\chee3\IdeaProjects\idims\venv\lib\site-packages\starlette\middleware\base.py", line 70, in coro
    await self.app(scope, receive_or_disconnect, send_no_error)
  File "C:\Users\chee3\IdeaProjects\idims\venv\lib\site-packages\starlette\middleware\cors.py", line 91, in __call__
    await self.simple_response(scope, receive, send, request_headers=headers)
  File "C:\Users\chee3\IdeaProjects\idims\venv\lib\site-packages\starlette\middleware\cors.py", line 146, in simple_response
    await self.app(scope, receive, send)
  File "C:\Users\chee3\IdeaProjects\idims\venv\lib\site-packages\starlette\middleware\exceptions.py", line 79, in __call__
    raise exc
  File "C:\Users\chee3\IdeaProjects\idims\venv\lib\site-packages\starlette\middleware\exceptions.py", line 68, in __call__
    await self.app(scope, receive, sender)
  File "C:\Users\chee3\IdeaProjects\idims\venv\lib\site-packages\fastapi\middleware\asyncexitstack.py", line 20, in __call__
    raise e
  File "C:\Users\chee3\IdeaProjects\idims\venv\lib\site-packages\fastapi\middleware\asyncexitstack.py", line 17, in __call__
    await self.app(scope, receive, send)
  File "C:\Users\chee3\IdeaProjects\idims\venv\lib\site-packages\starlette\routing.py", line 718, in __call__
    await route.handle(scope, receive, send)
  File "C:\Users\chee3\IdeaProjects\idims\venv\lib\site-packages\starlette\routing.py", line 276, in handle
    await self.app(scope, receive, send)
  File "C:\Users\chee3\IdeaProjects\idims\venv\lib\site-packages\starlette\routing.py", line 66, in app
    response = await func(request)
  File "C:\Users\chee3\IdeaProjects\idims\venv\lib\site-packages\fastapi\routing.py", line 263, in app
    solved_result = await solve_dependencies(
  File "C:\Users\chee3\IdeaProjects\idims\venv\lib\site-packages\fastapi\dependencies\utils.py", line 584, in solve_dependencies
    solved = await call(**sub_values)
  File "C:\Users\chee3\IdeaProjects\idims\backend\app\routers\work_orders.py", line 22, in get_current_user_dependency
    return await auth_handler.get_current_user()
  File "C:\Users\chee3\IdeaProjects\idims\backend\app\core\auth.py", line 254, in get_current_user
    payload = jwt.decode(
  File "C:\Users\chee3\IdeaProjects\idims\venv\lib\site-packages\jose\jwt.py", line 142, in decode
    payload = jws.verify(token, key, algorithms, verify=verify_signature)
  File "C:\Users\chee3\IdeaProjects\idims\venv\lib\site-packages\jose\jws.py", line 70, in verify
    header, payload, signing_input, signature = _load(token)
  File "C:\Users\chee3\IdeaProjects\idims\venv\lib\site-packages\jose\jws.py", line 176, in _load
    signing_input, crypto_segment = jwt.rsplit(b".", 1)
AttributeError: 'Depends' object has no attribute 'rsplit'
2025-03-24 13:23:32 - app.core.middleware - INFO - Request 5ca4b48c-da11-41d1-a5a9-c056373b5988 completed: GET http://localhost:8000/api/work-orders?page=1&limit=10 - Status: 500 - Time: 0.0070s
2025-03-24 13:25:03 - app.core.middleware - INFO - Request 172c737c-77fe-4aa5-8175-769616ed25b1 started: GET http://localhost:8000/api/clients?limit=100
2025-03-24 13:25:03 - app.core.middleware - ERROR - Unhandled error in request 172c737c-77fe-4aa5-8175-769616ed25b1
Traceback (most recent call last):
  File "C:\Users\chee3\IdeaProjects\idims\venv\lib\site-packages\anyio\streams\memory.py", line 98, in receive
    return self.receive_nowait()
  File "C:\Users\chee3\IdeaProjects\idims\venv\lib\site-packages\anyio\streams\memory.py", line 93, in receive_nowait
    raise WouldBlock
anyio.WouldBlock

During handling of the above exception, another exception occurred:

Traceback (most recent call last):
  File "C:\Users\chee3\IdeaProjects\idims\venv\lib\site-packages\starlette\middleware\base.py", line 78, in call_next
    message = await recv_stream.receive()
  File "C:\Users\chee3\IdeaProjects\idims\venv\lib\site-packages\anyio\streams\memory.py", line 118, in receive
    raise EndOfStream
anyio.EndOfStream

During handling of the above exception, another exception occurred:

Traceback (most recent call last):
  File "C:\Users\chee3\IdeaProjects\idims\backend\app\core\middleware.py", line 62, in dispatch
    response = await call_next(request)
  File "C:\Users\chee3\IdeaProjects\idims\venv\lib\site-packages\starlette\middleware\base.py", line 84, in call_next
    raise app_exc
  File "C:\Users\chee3\IdeaProjects\idims\venv\lib\site-packages\starlette\middleware\base.py", line 70, in coro
    await self.app(scope, receive_or_disconnect, send_no_error)
  File "C:\Users\chee3\IdeaProjects\idims\venv\lib\site-packages\starlette\middleware\base.py", line 108, in __call__
    response = await self.dispatch_func(request, call_next)
  File "C:\Users\chee3\IdeaProjects\idims\backend\app\core\middleware.py", line 136, in dispatch
    response = await call_next(request)
  File "C:\Users\chee3\IdeaProjects\idims\venv\lib\site-packages\starlette\middleware\base.py", line 84, in call_next
    raise app_exc
  File "C:\Users\chee3\IdeaProjects\idims\venv\lib\site-packages\starlette\middleware\base.py", line 70, in coro
    await self.app(scope, receive_or_disconnect, send_no_error)
  File "C:\Users\chee3\IdeaProjects\idims\venv\lib\site-packages\starlette\middleware\cors.py", line 91, in __call__
    await self.simple_response(scope, receive, send, request_headers=headers)
  File "C:\Users\chee3\IdeaProjects\idims\venv\lib\site-packages\starlette\middleware\cors.py", line 146, in simple_response
    await self.app(scope, receive, send)
  File "C:\Users\chee3\IdeaProjects\idims\venv\lib\site-packages\starlette\middleware\exceptions.py", line 79, in __call__
    raise exc
  File "C:\Users\chee3\IdeaProjects\idims\venv\lib\site-packages\starlette\middleware\exceptions.py", line 68, in __call__
    await self.app(scope, receive, sender)
  File "C:\Users\chee3\IdeaProjects\idims\venv\lib\site-packages\fastapi\middleware\asyncexitstack.py", line 20, in __call__
    raise e
  File "C:\Users\chee3\IdeaProjects\idims\venv\lib\site-packages\fastapi\middleware\asyncexitstack.py", line 17, in __call__
    await self.app(scope, receive, send)
  File "C:\Users\chee3\IdeaProjects\idims\venv\lib\site-packages\starlette\routing.py", line 718, in __call__
    await route.handle(scope, receive, send)
  File "C:\Users\chee3\IdeaProjects\idims\venv\lib\site-packages\starlette\routing.py", line 276, in handle
    await self.app(scope, receive, send)
  File "C:\Users\chee3\IdeaProjects\idims\venv\lib\site-packages\starlette\routing.py", line 66, in app
    response = await func(request)
  File "C:\Users\chee3\IdeaProjects\idims\venv\lib\site-packages\fastapi\routing.py", line 263, in app
    solved_result = await solve_dependencies(
  File "C:\Users\chee3\IdeaProjects\idims\venv\lib\site-packages\fastapi\dependencies\utils.py", line 584, in solve_dependencies
    solved = await call(**sub_values)
  File "C:\Users\chee3\IdeaProjects\idims\backend\app\routers\clients.py", line 21, in get_current_user_dependency
    return await auth_handler.get_current_user()
  File "C:\Users\chee3\IdeaProjects\idims\backend\app\core\auth.py", line 254, in get_current_user
    payload = jwt.decode(
  File "C:\Users\chee3\IdeaProjects\idims\venv\lib\site-packages\jose\jwt.py", line 142, in decode
    payload = jws.verify(token, key, algorithms, verify=verify_signature)
  File "C:\Users\chee3\IdeaProjects\idims\venv\lib\site-packages\jose\jws.py", line 70, in verify
    header, payload, signing_input, signature = _load(token)
  File "C:\Users\chee3\IdeaProjects\idims\venv\lib\site-packages\jose\jws.py", line 176, in _load
    signing_input, crypto_segment = jwt.rsplit(b".", 1)
AttributeError: 'Depends' object has no attribute 'rsplit'
2025-03-24 13:25:03 - app.core.middleware - INFO - Request 172c737c-77fe-4aa5-8175-769616ed25b1 completed: GET http://localhost:8000/api/clients?limit=100 - Status: 500 - Time: 0.0095s
2025-03-24 13:25:03 - app.core.middleware - INFO - Request 464a2fe5-a825-4762-b33f-34366e451f67 started: GET http://localhost:8000/api/technicians?limit=100
2025-03-24 13:25:03 - app.core.middleware - ERROR - Unhandled error in request 464a2fe5-a825-4762-b33f-34366e451f67
Traceback (most recent call last):
  File "C:\Users\chee3\IdeaProjects\idims\venv\lib\site-packages\anyio\streams\memory.py", line 98, in receive
    return self.receive_nowait()
  File "C:\Users\chee3\IdeaProjects\idims\venv\lib\site-packages\anyio\streams\memory.py", line 93, in receive_nowait
    raise WouldBlock
anyio.WouldBlock

During handling of the above exception, another exception occurred:

Traceback (most recent call last):
  File "C:\Users\chee3\IdeaProjects\idims\venv\lib\site-packages\starlette\middleware\base.py", line 78, in call_next
    message = await recv_stream.receive()
  File "C:\Users\chee3\IdeaProjects\idims\venv\lib\site-packages\anyio\streams\memory.py", line 118, in receive
    raise EndOfStream
anyio.EndOfStream

During handling of the above exception, another exception occurred:

Traceback (most recent call last):
  File "C:\Users\chee3\IdeaProjects\idims\backend\app\core\middleware.py", line 62, in dispatch
    response = await call_next(request)
  File "C:\Users\chee3\IdeaProjects\idims\venv\lib\site-packages\starlette\middleware\base.py", line 84, in call_next
    raise app_exc
  File "C:\Users\chee3\IdeaProjects\idims\venv\lib\site-packages\starlette\middleware\base.py", line 70, in coro
    await self.app(scope, receive_or_disconnect, send_no_error)
  File "C:\Users\chee3\IdeaProjects\idims\venv\lib\site-packages\starlette\middleware\base.py", line 108, in __call__
    response = await self.dispatch_func(request, call_next)
  File "C:\Users\chee3\IdeaProjects\idims\backend\app\core\middleware.py", line 136, in dispatch
    response = await call_next(request)
  File "C:\Users\chee3\IdeaProjects\idims\venv\lib\site-packages\starlette\middleware\base.py", line 84, in call_next
    raise app_exc
  File "C:\Users\chee3\IdeaProjects\idims\venv\lib\site-packages\starlette\middleware\base.py", line 70, in coro
    await self.app(scope, receive_or_disconnect, send_no_error)
  File "C:\Users\chee3\IdeaProjects\idims\venv\lib\site-packages\starlette\middleware\cors.py", line 91, in __call__
    await self.simple_response(scope, receive, send, request_headers=headers)
  File "C:\Users\chee3\IdeaProjects\idims\venv\lib\site-packages\starlette\middleware\cors.py", line 146, in simple_response
    await self.app(scope, receive, send)
  File "C:\Users\chee3\IdeaProjects\idims\venv\lib\site-packages\starlette\middleware\exceptions.py", line 79, in __call__
    raise exc
  File "C:\Users\chee3\IdeaProjects\idims\venv\lib\site-packages\starlette\middleware\exceptions.py", line 68, in __call__
    await self.app(scope, receive, sender)
  File "C:\Users\chee3\IdeaProjects\idims\venv\lib\site-packages\fastapi\middleware\asyncexitstack.py", line 20, in __call__
    raise e
  File "C:\Users\chee3\IdeaProjects\idims\venv\lib\site-packages\fastapi\middleware\asyncexitstack.py", line 17, in __call__
    await self.app(scope, receive, send)
  File "C:\Users\chee3\IdeaProjects\idims\venv\lib\site-packages\starlette\routing.py", line 718, in __call__
    await route.handle(scope, receive, send)
  File "C:\Users\chee3\IdeaProjects\idims\venv\lib\site-packages\starlette\routing.py", line 276, in handle
    await self.app(scope, receive, send)
  File "C:\Users\chee3\IdeaProjects\idims\venv\lib\site-packages\starlette\routing.py", line 66, in app
    response = await func(request)
  File "C:\Users\chee3\IdeaProjects\idims\venv\lib\site-packages\fastapi\routing.py", line 263, in app
    solved_result = await solve_dependencies(
  File "C:\Users\chee3\IdeaProjects\idims\venv\lib\site-packages\fastapi\dependencies\utils.py", line 584, in solve_dependencies
    solved = await call(**sub_values)
  File "C:\Users\chee3\IdeaProjects\idims\backend\app\routers\technicians.py", line 21, in get_current_user_dependency
    return await auth_handler.get_current_user()
  File "C:\Users\chee3\IdeaProjects\idims\backend\app\core\auth.py", line 254, in get_current_user
    payload = jwt.decode(
  File "C:\Users\chee3\IdeaProjects\idims\venv\lib\site-packages\jose\jwt.py", line 142, in decode
    payload = jws.verify(token, key, algorithms, verify=verify_signature)
  File "C:\Users\chee3\IdeaProjects\idims\venv\lib\site-packages\jose\jws.py", line 70, in verify
    header, payload, signing_input, signature = _load(token)
  File "C:\Users\chee3\IdeaProjects\idims\venv\lib\site-packages\jose\jws.py", line 176, in _load
    signing_input, crypto_segment = jwt.rsplit(b".", 1)
AttributeError: 'Depends' object has no attribute 'rsplit'
2025-03-24 13:25:03 - app.core.middleware - INFO - Request 464a2fe5-a825-4762-b33f-34366e451f67 completed: GET http://localhost:8000/api/technicians?limit=100 - Status: 500 - Time: 0.0115s
2025-03-24 13:25:03 - app.core.middleware - INFO - Request 1823afbc-e4e1-4a1e-970a-cfa54d688829 started: GET http://localhost:8000/api/services?limit=100
2025-03-24 13:25:03 - app.core.middleware - INFO - Request 1823afbc-e4e1-4a1e-970a-cfa54d688829 completed: GET http://localhost:8000/api/services?limit=100 - Status: 404 - Time: 0.0014s
2025-03-24 13:25:03 - app.core.middleware - INFO - Request 047a0410-64f9-4bca-b5c7-8db4cfda1ae6 started: GET http://localhost:8000/api/clients?limit=100
2025-03-24 13:25:03 - app.core.middleware - ERROR - Unhandled error in request 047a0410-64f9-4bca-b5c7-8db4cfda1ae6
Traceback (most recent call last):
  File "C:\Users\chee3\IdeaProjects\idims\venv\lib\site-packages\anyio\streams\memory.py", line 98, in receive
    return self.receive_nowait()
  File "C:\Users\chee3\IdeaProjects\idims\venv\lib\site-packages\anyio\streams\memory.py", line 93, in receive_nowait
    raise WouldBlock
anyio.WouldBlock

During handling of the above exception, another exception occurred:

Traceback (most recent call last):
  File "C:\Users\chee3\IdeaProjects\idims\venv\lib\site-packages\starlette\middleware\base.py", line 78, in call_next
    message = await recv_stream.receive()
  File "C:\Users\chee3\IdeaProjects\idims\venv\lib\site-packages\anyio\streams\memory.py", line 118, in receive
    raise EndOfStream
anyio.EndOfStream

During handling of the above exception, another exception occurred:

Traceback (most recent call last):
  File "C:\Users\chee3\IdeaProjects\idims\backend\app\core\middleware.py", line 62, in dispatch
    response = await call_next(request)
  File "C:\Users\chee3\IdeaProjects\idims\venv\lib\site-packages\starlette\middleware\base.py", line 84, in call_next
    raise app_exc
  File "C:\Users\chee3\IdeaProjects\idims\venv\lib\site-packages\starlette\middleware\base.py", line 70, in coro
    await self.app(scope, receive_or_disconnect, send_no_error)
  File "C:\Users\chee3\IdeaProjects\idims\venv\lib\site-packages\starlette\middleware\base.py", line 108, in __call__
    response = await self.dispatch_func(request, call_next)
  File "C:\Users\chee3\IdeaProjects\idims\backend\app\core\middleware.py", line 136, in dispatch
    response = await call_next(request)
  File "C:\Users\chee3\IdeaProjects\idims\venv\lib\site-packages\starlette\middleware\base.py", line 84, in call_next
    raise app_exc
  File "C:\Users\chee3\IdeaProjects\idims\venv\lib\site-packages\starlette\middleware\base.py", line 70, in coro
    await self.app(scope, receive_or_disconnect, send_no_error)
  File "C:\Users\chee3\IdeaProjects\idims\venv\lib\site-packages\starlette\middleware\cors.py", line 91, in __call__
    await self.simple_response(scope, receive, send, request_headers=headers)
  File "C:\Users\chee3\IdeaProjects\idims\venv\lib\site-packages\starlette\middleware\cors.py", line 146, in simple_response
    await self.app(scope, receive, send)
  File "C:\Users\chee3\IdeaProjects\idims\venv\lib\site-packages\starlette\middleware\exceptions.py", line 79, in __call__
    raise exc
  File "C:\Users\chee3\IdeaProjects\idims\venv\lib\site-packages\starlette\middleware\exceptions.py", line 68, in __call__
    await self.app(scope, receive, sender)
  File "C:\Users\chee3\IdeaProjects\idims\venv\lib\site-packages\fastapi\middleware\asyncexitstack.py", line 20, in __call__
    raise e
  File "C:\Users\chee3\IdeaProjects\idims\venv\lib\site-packages\fastapi\middleware\asyncexitstack.py", line 17, in __call__
    await self.app(scope, receive, send)
  File "C:\Users\chee3\IdeaProjects\idims\venv\lib\site-packages\starlette\routing.py", line 718, in __call__
    await route.handle(scope, receive, send)
  File "C:\Users\chee3\IdeaProjects\idims\venv\lib\site-packages\starlette\routing.py", line 276, in handle
    await self.app(scope, receive, send)
  File "C:\Users\chee3\IdeaProjects\idims\venv\lib\site-packages\starlette\routing.py", line 66, in app
    response = await func(request)
  File "C:\Users\chee3\IdeaProjects\idims\venv\lib\site-packages\fastapi\routing.py", line 263, in app
    solved_result = await solve_dependencies(
  File "C:\Users\chee3\IdeaProjects\idims\venv\lib\site-packages\fastapi\dependencies\utils.py", line 584, in solve_dependencies
    solved = await call(**sub_values)
  File "C:\Users\chee3\IdeaProjects\idims\backend\app\routers\clients.py", line 21, in get_current_user_dependency
    return await auth_handler.get_current_user()
  File "C:\Users\chee3\IdeaProjects\idims\backend\app\core\auth.py", line 254, in get_current_user
    payload = jwt.decode(
  File "C:\Users\chee3\IdeaProjects\idims\venv\lib\site-packages\jose\jwt.py", line 142, in decode
    payload = jws.verify(token, key, algorithms, verify=verify_signature)
  File "C:\Users\chee3\IdeaProjects\idims\venv\lib\site-packages\jose\jws.py", line 70, in verify
    header, payload, signing_input, signature = _load(token)
  File "C:\Users\chee3\IdeaProjects\idims\venv\lib\site-packages\jose\jws.py", line 176, in _load
    signing_input, crypto_segment = jwt.rsplit(b".", 1)
AttributeError: 'Depends' object has no attribute 'rsplit'
2025-03-24 13:25:03 - app.core.middleware - INFO - Request 047a0410-64f9-4bca-b5c7-8db4cfda1ae6 completed: GET http://localhost:8000/api/clients?limit=100 - Status: 500 - Time: 0.0080s
2025-03-24 13:25:03 - app.core.middleware - INFO - Request ef40b79c-6112-4873-b5a3-a246a12518ec started: GET http://localhost:8000/api/technicians?limit=100
2025-03-24 13:25:03 - app.core.middleware - ERROR - Unhandled error in request ef40b79c-6112-4873-b5a3-a246a12518ec
Traceback (most recent call last):
  File "C:\Users\chee3\IdeaProjects\idims\venv\lib\site-packages\anyio\streams\memory.py", line 98, in receive
    return self.receive_nowait()
  File "C:\Users\chee3\IdeaProjects\idims\venv\lib\site-packages\anyio\streams\memory.py", line 93, in receive_nowait
    raise WouldBlock
anyio.WouldBlock

During handling of the above exception, another exception occurred:

Traceback (most recent call last):
  File "C:\Users\chee3\IdeaProjects\idims\venv\lib\site-packages\starlette\middleware\base.py", line 78, in call_next
    message = await recv_stream.receive()
  File "C:\Users\chee3\IdeaProjects\idims\venv\lib\site-packages\anyio\streams\memory.py", line 118, in receive
    raise EndOfStream
anyio.EndOfStream

During handling of the above exception, another exception occurred:

Traceback (most recent call last):
  File "C:\Users\chee3\IdeaProjects\idims\backend\app\core\middleware.py", line 62, in dispatch
    response = await call_next(request)
  File "C:\Users\chee3\IdeaProjects\idims\venv\lib\site-packages\starlette\middleware\base.py", line 84, in call_next
    raise app_exc
  File "C:\Users\chee3\IdeaProjects\idims\venv\lib\site-packages\starlette\middleware\base.py", line 70, in coro
    await self.app(scope, receive_or_disconnect, send_no_error)
  File "C:\Users\chee3\IdeaProjects\idims\venv\lib\site-packages\starlette\middleware\base.py", line 108, in __call__
    response = await self.dispatch_func(request, call_next)
  File "C:\Users\chee3\IdeaProjects\idims\backend\app\core\middleware.py", line 136, in dispatch
    response = await call_next(request)
  File "C:\Users\chee3\IdeaProjects\idims\venv\lib\site-packages\starlette\middleware\base.py", line 84, in call_next
    raise app_exc
  File "C:\Users\chee3\IdeaProjects\idims\venv\lib\site-packages\starlette\middleware\base.py", line 70, in coro
    await self.app(scope, receive_or_disconnect, send_no_error)
  File "C:\Users\chee3\IdeaProjects\idims\venv\lib\site-packages\starlette\middleware\cors.py", line 91, in __call__
    await self.simple_response(scope, receive, send, request_headers=headers)
  File "C:\Users\chee3\IdeaProjects\idims\venv\lib\site-packages\starlette\middleware\cors.py", line 146, in simple_response
    await self.app(scope, receive, send)
  File "C:\Users\chee3\IdeaProjects\idims\venv\lib\site-packages\starlette\middleware\exceptions.py", line 79, in __call__
    raise exc
  File "C:\Users\chee3\IdeaProjects\idims\venv\lib\site-packages\starlette\middleware\exceptions.py", line 68, in __call__
    await self.app(scope, receive, sender)
  File "C:\Users\chee3\IdeaProjects\idims\venv\lib\site-packages\fastapi\middleware\asyncexitstack.py", line 20, in __call__
    raise e
  File "C:\Users\chee3\IdeaProjects\idims\venv\lib\site-packages\fastapi\middleware\asyncexitstack.py", line 17, in __call__
    await self.app(scope, receive, send)
  File "C:\Users\chee3\IdeaProjects\idims\venv\lib\site-packages\starlette\routing.py", line 718, in __call__
    await route.handle(scope, receive, send)
  File "C:\Users\chee3\IdeaProjects\idims\venv\lib\site-packages\starlette\routing.py", line 276, in handle
    await self.app(scope, receive, send)
  File "C:\Users\chee3\IdeaProjects\idims\venv\lib\site-packages\starlette\routing.py", line 66, in app
    response = await func(request)
  File "C:\Users\chee3\IdeaProjects\idims\venv\lib\site-packages\fastapi\routing.py", line 263, in app
    solved_result = await solve_dependencies(
  File "C:\Users\chee3\IdeaProjects\idims\venv\lib\site-packages\fastapi\dependencies\utils.py", line 584, in solve_dependencies
    solved = await call(**sub_values)
  File "C:\Users\chee3\IdeaProjects\idims\backend\app\routers\technicians.py", line 21, in get_current_user_dependency
    return await auth_handler.get_current_user()
  File "C:\Users\chee3\IdeaProjects\idims\backend\app\core\auth.py", line 254, in get_current_user
    payload = jwt.decode(
  File "C:\Users\chee3\IdeaProjects\idims\venv\lib\site-packages\jose\jwt.py", line 142, in decode
    payload = jws.verify(token, key, algorithms, verify=verify_signature)
  File "C:\Users\chee3\IdeaProjects\idims\venv\lib\site-packages\jose\jws.py", line 70, in verify
    header, payload, signing_input, signature = _load(token)
  File "C:\Users\chee3\IdeaProjects\idims\venv\lib\site-packages\jose\jws.py", line 176, in _load
    signing_input, crypto_segment = jwt.rsplit(b".", 1)
AttributeError: 'Depends' object has no attribute 'rsplit'
2025-03-24 13:25:04 - app.core.middleware - INFO - Request ef40b79c-6112-4873-b5a3-a246a12518ec completed: GET http://localhost:8000/api/technicians?limit=100 - Status: 500 - Time: 0.0085s
2025-03-24 13:25:04 - app.core.middleware - INFO - Request 63f937cb-3ed2-456e-882b-2ca632bccce9 started: GET http://localhost:8000/api/services?limit=100
2025-03-24 13:25:04 - app.core.middleware - INFO - Request 63f937cb-3ed2-456e-882b-2ca632bccce9 completed: GET http://localhost:8000/api/services?limit=100 - Status: 404 - Time: 0.0015s
2025-03-24 13:25:04 - app.core.middleware - INFO - Request c5c1c7cc-1b91-42af-b05f-a8dab4ef1a6c started: GET http://localhost:8000/api/clients?limit=100
2025-03-24 13:25:04 - app.core.middleware - ERROR - Unhandled error in request c5c1c7cc-1b91-42af-b05f-a8dab4ef1a6c
Traceback (most recent call last):
  File "C:\Users\chee3\IdeaProjects\idims\venv\lib\site-packages\anyio\streams\memory.py", line 98, in receive
    return self.receive_nowait()
  File "C:\Users\chee3\IdeaProjects\idims\venv\lib\site-packages\anyio\streams\memory.py", line 93, in receive_nowait
    raise WouldBlock
anyio.WouldBlock

During handling of the above exception, another exception occurred:

Traceback (most recent call last):
  File "C:\Users\chee3\IdeaProjects\idims\venv\lib\site-packages\starlette\middleware\base.py", line 78, in call_next
    message = await recv_stream.receive()
  File "C:\Users\chee3\IdeaProjects\idims\venv\lib\site-packages\anyio\streams\memory.py", line 118, in receive
    raise EndOfStream
anyio.EndOfStream

During handling of the above exception, another exception occurred:

Traceback (most recent call last):
  File "C:\Users\chee3\IdeaProjects\idims\backend\app\core\middleware.py", line 62, in dispatch
    response = await call_next(request)
  File "C:\Users\chee3\IdeaProjects\idims\venv\lib\site-packages\starlette\middleware\base.py", line 84, in call_next
    raise app_exc
  File "C:\Users\chee3\IdeaProjects\idims\venv\lib\site-packages\starlette\middleware\base.py", line 70, in coro
    await self.app(scope, receive_or_disconnect, send_no_error)
  File "C:\Users\chee3\IdeaProjects\idims\venv\lib\site-packages\starlette\middleware\base.py", line 108, in __call__
    response = await self.dispatch_func(request, call_next)
  File "C:\Users\chee3\IdeaProjects\idims\backend\app\core\middleware.py", line 136, in dispatch
    response = await call_next(request)
  File "C:\Users\chee3\IdeaProjects\idims\venv\lib\site-packages\starlette\middleware\base.py", line 84, in call_next
    raise app_exc
  File "C:\Users\chee3\IdeaProjects\idims\venv\lib\site-packages\starlette\middleware\base.py", line 70, in coro
    await self.app(scope, receive_or_disconnect, send_no_error)
  File "C:\Users\chee3\IdeaProjects\idims\venv\lib\site-packages\starlette\middleware\cors.py", line 91, in __call__
    await self.simple_response(scope, receive, send, request_headers=headers)
  File "C:\Users\chee3\IdeaProjects\idims\venv\lib\site-packages\starlette\middleware\cors.py", line 146, in simple_response
    await self.app(scope, receive, send)
  File "C:\Users\chee3\IdeaProjects\idims\venv\lib\site-packages\starlette\middleware\exceptions.py", line 79, in __call__
    raise exc
  File "C:\Users\chee3\IdeaProjects\idims\venv\lib\site-packages\starlette\middleware\exceptions.py", line 68, in __call__
    await self.app(scope, receive, sender)
  File "C:\Users\chee3\IdeaProjects\idims\venv\lib\site-packages\fastapi\middleware\asyncexitstack.py", line 20, in __call__
    raise e
  File "C:\Users\chee3\IdeaProjects\idims\venv\lib\site-packages\fastapi\middleware\asyncexitstack.py", line 17, in __call__
    await self.app(scope, receive, send)
  File "C:\Users\chee3\IdeaProjects\idims\venv\lib\site-packages\starlette\routing.py", line 718, in __call__
    await route.handle(scope, receive, send)
  File "C:\Users\chee3\IdeaProjects\idims\venv\lib\site-packages\starlette\routing.py", line 276, in handle
    await self.app(scope, receive, send)
  File "C:\Users\chee3\IdeaProjects\idims\venv\lib\site-packages\starlette\routing.py", line 66, in app
    response = await func(request)
  File "C:\Users\chee3\IdeaProjects\idims\venv\lib\site-packages\fastapi\routing.py", line 263, in app
    solved_result = await solve_dependencies(
  File "C:\Users\chee3\IdeaProjects\idims\venv\lib\site-packages\fastapi\dependencies\utils.py", line 584, in solve_dependencies
    solved = await call(**sub_values)
  File "C:\Users\chee3\IdeaProjects\idims\backend\app\routers\clients.py", line 21, in get_current_user_dependency
    return await auth_handler.get_current_user()
  File "C:\Users\chee3\IdeaProjects\idims\backend\app\core\auth.py", line 254, in get_current_user
    payload = jwt.decode(
  File "C:\Users\chee3\IdeaProjects\idims\venv\lib\site-packages\jose\jwt.py", line 142, in decode
    payload = jws.verify(token, key, algorithms, verify=verify_signature)
  File "C:\Users\chee3\IdeaProjects\idims\venv\lib\site-packages\jose\jws.py", line 70, in verify
    header, payload, signing_input, signature = _load(token)
  File "C:\Users\chee3\IdeaProjects\idims\venv\lib\site-packages\jose\jws.py", line 176, in _load
    signing_input, crypto_segment = jwt.rsplit(b".", 1)
AttributeError: 'Depends' object has no attribute 'rsplit'
2025-03-24 13:25:04 - app.core.middleware - INFO - Request c5c1c7cc-1b91-42af-b05f-a8dab4ef1a6c completed: GET http://localhost:8000/api/clients?limit=100 - Status: 500 - Time: 0.0065s
2025-03-24 13:25:04 - app.core.middleware - INFO - Request d2d0e5c9-ede7-4cf7-a0d2-c21bc62c6a57 started: GET http://localhost:8000/api/technicians?limit=100
2025-03-24 13:25:04 - app.core.middleware - ERROR - Unhandled error in request d2d0e5c9-ede7-4cf7-a0d2-c21bc62c6a57
Traceback (most recent call last):
  File "C:\Users\chee3\IdeaProjects\idims\venv\lib\site-packages\anyio\streams\memory.py", line 98, in receive
    return self.receive_nowait()
  File "C:\Users\chee3\IdeaProjects\idims\venv\lib\site-packages\anyio\streams\memory.py", line 93, in receive_nowait
    raise WouldBlock
anyio.WouldBlock

During handling of the above exception, another exception occurred:

Traceback (most recent call last):
  File "C:\Users\chee3\IdeaProjects\idims\venv\lib\site-packages\starlette\middleware\base.py", line 78, in call_next
    message = await recv_stream.receive()
  File "C:\Users\chee3\IdeaProjects\idims\venv\lib\site-packages\anyio\streams\memory.py", line 118, in receive
    raise EndOfStream
anyio.EndOfStream

During handling of the above exception, another exception occurred:

Traceback (most recent call last):
  File "C:\Users\chee3\IdeaProjects\idims\backend\app\core\middleware.py", line 62, in dispatch
    response = await call_next(request)
  File "C:\Users\chee3\IdeaProjects\idims\venv\lib\site-packages\starlette\middleware\base.py", line 84, in call_next
    raise app_exc
  File "C:\Users\chee3\IdeaProjects\idims\venv\lib\site-packages\starlette\middleware\base.py", line 70, in coro
    await self.app(scope, receive_or_disconnect, send_no_error)
  File "C:\Users\chee3\IdeaProjects\idims\venv\lib\site-packages\starlette\middleware\base.py", line 108, in __call__
    response = await self.dispatch_func(request, call_next)
  File "C:\Users\chee3\IdeaProjects\idims\backend\app\core\middleware.py", line 136, in dispatch
    response = await call_next(request)
  File "C:\Users\chee3\IdeaProjects\idims\venv\lib\site-packages\starlette\middleware\base.py", line 84, in call_next
    raise app_exc
  File "C:\Users\chee3\IdeaProjects\idims\venv\lib\site-packages\starlette\middleware\base.py", line 70, in coro
    await self.app(scope, receive_or_disconnect, send_no_error)
  File "C:\Users\chee3\IdeaProjects\idims\venv\lib\site-packages\starlette\middleware\cors.py", line 91, in __call__
    await self.simple_response(scope, receive, send, request_headers=headers)
  File "C:\Users\chee3\IdeaProjects\idims\venv\lib\site-packages\starlette\middleware\cors.py", line 146, in simple_response
    await self.app(scope, receive, send)
  File "C:\Users\chee3\IdeaProjects\idims\venv\lib\site-packages\starlette\middleware\exceptions.py", line 79, in __call__
    raise exc
  File "C:\Users\chee3\IdeaProjects\idims\venv\lib\site-packages\starlette\middleware\exceptions.py", line 68, in __call__
    await self.app(scope, receive, sender)
  File "C:\Users\chee3\IdeaProjects\idims\venv\lib\site-packages\fastapi\middleware\asyncexitstack.py", line 20, in __call__
    raise e
  File "C:\Users\chee3\IdeaProjects\idims\venv\lib\site-packages\fastapi\middleware\asyncexitstack.py", line 17, in __call__
    await self.app(scope, receive, send)
  File "C:\Users\chee3\IdeaProjects\idims\venv\lib\site-packages\starlette\routing.py", line 718, in __call__
    await route.handle(scope, receive, send)
  File "C:\Users\chee3\IdeaProjects\idims\venv\lib\site-packages\starlette\routing.py", line 276, in handle
    await self.app(scope, receive, send)
  File "C:\Users\chee3\IdeaProjects\idims\venv\lib\site-packages\starlette\routing.py", line 66, in app
    response = await func(request)
  File "C:\Users\chee3\IdeaProjects\idims\venv\lib\site-packages\fastapi\routing.py", line 263, in app
    solved_result = await solve_dependencies(
  File "C:\Users\chee3\IdeaProjects\idims\venv\lib\site-packages\fastapi\dependencies\utils.py", line 584, in solve_dependencies
    solved = await call(**sub_values)
  File "C:\Users\chee3\IdeaProjects\idims\backend\app\routers\technicians.py", line 21, in get_current_user_dependency
    return await auth_handler.get_current_user()
  File "C:\Users\chee3\IdeaProjects\idims\backend\app\core\auth.py", line 254, in get_current_user
    payload = jwt.decode(
  File "C:\Users\chee3\IdeaProjects\idims\venv\lib\site-packages\jose\jwt.py", line 142, in decode
    payload = jws.verify(token, key, algorithms, verify=verify_signature)
  File "C:\Users\chee3\IdeaProjects\idims\venv\lib\site-packages\jose\jws.py", line 70, in verify
    header, payload, signing_input, signature = _load(token)
  File "C:\Users\chee3\IdeaProjects\idims\venv\lib\site-packages\jose\jws.py", line 176, in _load
    signing_input, crypto_segment = jwt.rsplit(b".", 1)
AttributeError: 'Depends' object has no attribute 'rsplit'
2025-03-24 13:25:04 - app.core.middleware - INFO - Request d2d0e5c9-ede7-4cf7-a0d2-c21bc62c6a57 completed: GET http://localhost:8000/api/technicians?limit=100 - Status: 500 - Time: 0.0075s
2025-03-24 13:25:06 - app.core.middleware - INFO - Request 2e30af0a-7c41-4bec-9485-89bbe7f8b23c started: GET http://localhost:8000/api/dashboard/stats
2025-03-24 13:25:06 - app.routers.dashboard - INFO - Getting dashboard stats (unauthenticated)
2025-03-24 13:25:06 - sqlalchemy.engine.Engine - INFO - BEGIN (implicit)
2025-03-24 13:25:06 - sqlalchemy.engine.Engine - INFO - SELECT count(work_orders.id) AS count_1 
FROM work_orders
2025-03-24 13:25:06 - sqlalchemy.engine.Engine - INFO - [cached since 215.1s ago] {}
2025-03-24 13:25:06 - sqlalchemy.engine.Engine - INFO - SELECT count(work_orders.id) AS count_1 
FROM work_orders 
WHERE work_orders.status IN (%(status_1_1)s, %(status_1_2)s)
2025-03-24 13:25:06 - sqlalchemy.engine.Engine - INFO - [cached since 215.1s ago] {'status_1_1': 'pending', 'status_1_2': 'scheduled'}
2025-03-24 13:25:06 - sqlalchemy.engine.Engine - INFO - SELECT count(work_orders.id) AS count_1 
FROM work_orders 
WHERE work_orders.status = %(status_1)s
2025-03-24 13:25:06 - sqlalchemy.engine.Engine - INFO - [cached since 215.1s ago] {'status_1': 'completed'}
2025-03-24 13:25:06 - sqlalchemy.engine.Engine - INFO - SELECT count(work_orders.id) AS count_1 
FROM work_orders 
WHERE work_orders.created_at >= %(created_at_1)s AND work_orders.created_at <= %(created_at_2)s
2025-03-24 13:25:06 - sqlalchemy.engine.Engine - INFO - [cached since 215.1s ago] {'created_at_1': datetime.date(2025, 3, 1), 'created_at_2': datetime.date(2025, 3, 31)}
2025-03-24 13:25:06 - sqlalchemy.engine.Engine - INFO - SELECT count(work_orders.id) AS count_1 
FROM work_orders 
WHERE work_orders.created_at >= %(created_at_1)s AND work_orders.created_at < %(created_at_2)s
2025-03-24 13:25:06 - sqlalchemy.engine.Engine - INFO - [cached since 215.1s ago] {'created_at_1': datetime.date(2025, 2, 1), 'created_at_2': datetime.date(2025, 3, 1)}
2025-03-24 13:25:06 - sqlalchemy.engine.Engine - INFO - SELECT sum(payments.amount) AS sum_1 
FROM payments 
WHERE payments.status = %(status_1)s AND payments.payment_date >= %(payment_date_1)s AND payments.payment_date <= %(payment_date_2)s
2025-03-24 13:25:06 - sqlalchemy.engine.Engine - INFO - [cached since 215.1s ago] {'status_1': 'success', 'payment_date_1': datetime.date(2025, 3, 1), 'payment_date_2': datetime.date(2025, 3, 31)}
2025-03-24 13:25:06 - sqlalchemy.engine.Engine - INFO - SELECT sum(payments.amount) AS sum_1 
FROM payments 
WHERE payments.status = %(status_1)s AND payments.payment_date >= %(payment_date_1)s AND payments.payment_date < %(payment_date_2)s
2025-03-24 13:25:06 - sqlalchemy.engine.Engine - INFO - [cached since 215.1s ago] {'status_1': 'success', 'payment_date_1': datetime.date(2025, 2, 1), 'payment_date_2': datetime.date(2025, 3, 1)}
2025-03-24 13:25:06 - sqlalchemy.engine.Engine - INFO - SELECT SUM(total) FROM invoices WHERE status IN ('sent', 'overdue')
2025-03-24 13:25:06 - sqlalchemy.engine.Engine - INFO - [cached since 215.1s ago] {}
2025-03-24 13:25:06 - sqlalchemy.engine.Engine - INFO - SELECT count(invoices.id) AS count_1 
FROM invoices 
WHERE invoices.status = %(status_1)s
2025-03-24 13:25:06 - sqlalchemy.engine.Engine - INFO - [cached since 215.1s ago] {'status_1': 'overdue'}
2025-03-24 13:25:06 - sqlalchemy.engine.Engine - INFO - SELECT count(clients.id) AS count_1 
FROM clients
2025-03-24 13:25:06 - sqlalchemy.engine.Engine - INFO - [cached since 215.1s ago] {}
2025-03-24 13:25:06 - sqlalchemy.engine.Engine - INFO - SELECT count(clients.id) AS count_1 
FROM clients 
WHERE clients.status = %(status_1)s
2025-03-24 13:25:06 - sqlalchemy.engine.Engine - INFO - [cached since 215.1s ago] {'status_1': 'active'}
2025-03-24 13:25:06 - sqlalchemy.engine.Engine - INFO - SELECT count(technicians.id) AS count_1 
FROM technicians
2025-03-24 13:25:06 - sqlalchemy.engine.Engine - INFO - [cached since 215.1s ago] {}
2025-03-24 13:25:06 - sqlalchemy.engine.Engine - INFO - SELECT count(technicians.id) AS count_1 
FROM technicians 
WHERE technicians.status = %(status_1)s
2025-03-24 13:25:06 - sqlalchemy.engine.Engine - INFO - [cached since 215.1s ago] {'status_1': 'active'}
2025-03-24 13:25:06 - app.core.middleware - INFO - Request 2e30af0a-7c41-4bec-9485-89bbe7f8b23c completed: GET http://localhost:8000/api/dashboard/stats - Status: 200 - Time: 0.0315s
2025-03-24 13:25:06 - sqlalchemy.engine.Engine - INFO - ROLLBACK
2025-03-24 13:25:06 - app.core.middleware - INFO - Request c4415dd2-cd3a-46b7-96ef-062c85098030 started: GET http://localhost:8000/api/dashboard/stats
2025-03-24 13:25:06 - app.routers.dashboard - INFO - Getting dashboard stats (unauthenticated)
2025-03-24 13:25:06 - sqlalchemy.engine.Engine - INFO - BEGIN (implicit)
2025-03-24 13:25:06 - sqlalchemy.engine.Engine - INFO - SELECT count(work_orders.id) AS count_1 
FROM work_orders
2025-03-24 13:25:06 - sqlalchemy.engine.Engine - INFO - [cached since 215.1s ago] {}
2025-03-24 13:25:06 - sqlalchemy.engine.Engine - INFO - SELECT count(work_orders.id) AS count_1 
FROM work_orders 
WHERE work_orders.status IN (%(status_1_1)s, %(status_1_2)s)
2025-03-24 13:25:06 - sqlalchemy.engine.Engine - INFO - [cached since 215.1s ago] {'status_1_1': 'pending', 'status_1_2': 'scheduled'}
2025-03-24 13:25:06 - sqlalchemy.engine.Engine - INFO - SELECT count(work_orders.id) AS count_1 
FROM work_orders 
WHERE work_orders.status = %(status_1)s
2025-03-24 13:25:06 - sqlalchemy.engine.Engine - INFO - [cached since 215.1s ago] {'status_1': 'completed'}
2025-03-24 13:25:06 - sqlalchemy.engine.Engine - INFO - SELECT count(work_orders.id) AS count_1 
FROM work_orders 
WHERE work_orders.created_at >= %(created_at_1)s AND work_orders.created_at <= %(created_at_2)s
2025-03-24 13:25:06 - sqlalchemy.engine.Engine - INFO - [cached since 215.1s ago] {'created_at_1': datetime.date(2025, 3, 1), 'created_at_2': datetime.date(2025, 3, 31)}
2025-03-24 13:25:06 - sqlalchemy.engine.Engine - INFO - SELECT count(work_orders.id) AS count_1 
FROM work_orders 
WHERE work_orders.created_at >= %(created_at_1)s AND work_orders.created_at < %(created_at_2)s
2025-03-24 13:25:06 - sqlalchemy.engine.Engine - INFO - [cached since 215.1s ago] {'created_at_1': datetime.date(2025, 2, 1), 'created_at_2': datetime.date(2025, 3, 1)}
2025-03-24 13:25:06 - sqlalchemy.engine.Engine - INFO - SELECT sum(payments.amount) AS sum_1 
FROM payments 
WHERE payments.status = %(status_1)s AND payments.payment_date >= %(payment_date_1)s AND payments.payment_date <= %(payment_date_2)s
2025-03-24 13:25:06 - sqlalchemy.engine.Engine - INFO - [cached since 215.1s ago] {'status_1': 'success', 'payment_date_1': datetime.date(2025, 3, 1), 'payment_date_2': datetime.date(2025, 3, 31)}
2025-03-24 13:25:06 - sqlalchemy.engine.Engine - INFO - SELECT sum(payments.amount) AS sum_1 
FROM payments 
WHERE payments.status = %(status_1)s AND payments.payment_date >= %(payment_date_1)s AND payments.payment_date < %(payment_date_2)s
2025-03-24 13:25:06 - sqlalchemy.engine.Engine - INFO - [cached since 215.1s ago] {'status_1': 'success', 'payment_date_1': datetime.date(2025, 2, 1), 'payment_date_2': datetime.date(2025, 3, 1)}
2025-03-24 13:25:06 - sqlalchemy.engine.Engine - INFO - SELECT SUM(total) FROM invoices WHERE status IN ('sent', 'overdue')
2025-03-24 13:25:06 - sqlalchemy.engine.Engine - INFO - [cached since 215.1s ago] {}
2025-03-24 13:25:06 - sqlalchemy.engine.Engine - INFO - SELECT count(invoices.id) AS count_1 
FROM invoices 
WHERE invoices.status = %(status_1)s
2025-03-24 13:25:06 - sqlalchemy.engine.Engine - INFO - [cached since 215.1s ago] {'status_1': 'overdue'}
2025-03-24 13:25:06 - sqlalchemy.engine.Engine - INFO - SELECT count(clients.id) AS count_1 
FROM clients
2025-03-24 13:25:06 - sqlalchemy.engine.Engine - INFO - [cached since 215.1s ago] {}
2025-03-24 13:25:06 - sqlalchemy.engine.Engine - INFO - SELECT count(clients.id) AS count_1 
FROM clients 
WHERE clients.status = %(status_1)s
2025-03-24 13:25:06 - sqlalchemy.engine.Engine - INFO - [cached since 215.1s ago] {'status_1': 'active'}
2025-03-24 13:25:06 - sqlalchemy.engine.Engine - INFO - SELECT count(technicians.id) AS count_1 
FROM technicians
2025-03-24 13:25:06 - sqlalchemy.engine.Engine - INFO - [cached since 215.1s ago] {}
2025-03-24 13:25:06 - sqlalchemy.engine.Engine - INFO - SELECT count(technicians.id) AS count_1 
FROM technicians 
WHERE technicians.status = %(status_1)s
2025-03-24 13:25:06 - sqlalchemy.engine.Engine - INFO - [cached since 215.1s ago] {'status_1': 'active'}
2025-03-24 13:25:06 - app.core.middleware - INFO - Request c4415dd2-cd3a-46b7-96ef-062c85098030 completed: GET http://localhost:8000/api/dashboard/stats - Status: 200 - Time: 0.0280s
2025-03-24 13:25:06 - sqlalchemy.engine.Engine - INFO - ROLLBACK
2025-03-24 13:30:45 - app.core.middleware - INFO - Request 9bfa51fb-fad1-48ab-8417-4b846f8308c2 started: GET http://localhost:8000/api/dashboard/stats
2025-03-24 13:30:45 - app.routers.dashboard - INFO - Getting dashboard stats (unauthenticated)
2025-03-24 13:30:45 - sqlalchemy.engine.Engine - INFO - BEGIN (implicit)
2025-03-24 13:30:45 - sqlalchemy.engine.Engine - INFO - SELECT count(work_orders.id) AS count_1 
FROM work_orders
2025-03-24 13:30:45 - sqlalchemy.engine.Engine - INFO - [cached since 554s ago] {}
2025-03-24 13:30:45 - sqlalchemy.engine.Engine - INFO - SELECT count(work_orders.id) AS count_1 
FROM work_orders 
WHERE work_orders.status IN (%(status_1_1)s, %(status_1_2)s)
2025-03-24 13:30:45 - sqlalchemy.engine.Engine - INFO - [cached since 554s ago] {'status_1_1': 'pending', 'status_1_2': 'scheduled'}
2025-03-24 13:30:45 - sqlalchemy.engine.Engine - INFO - SELECT count(work_orders.id) AS count_1 
FROM work_orders 
WHERE work_orders.status = %(status_1)s
2025-03-24 13:30:45 - sqlalchemy.engine.Engine - INFO - [cached since 554s ago] {'status_1': 'completed'}
2025-03-24 13:30:45 - sqlalchemy.engine.Engine - INFO - SELECT count(work_orders.id) AS count_1 
FROM work_orders 
WHERE work_orders.created_at >= %(created_at_1)s AND work_orders.created_at <= %(created_at_2)s
2025-03-24 13:30:45 - sqlalchemy.engine.Engine - INFO - [cached since 554s ago] {'created_at_1': datetime.date(2025, 3, 1), 'created_at_2': datetime.date(2025, 3, 31)}
2025-03-24 13:30:45 - sqlalchemy.engine.Engine - INFO - SELECT count(work_orders.id) AS count_1 
FROM work_orders 
WHERE work_orders.created_at >= %(created_at_1)s AND work_orders.created_at < %(created_at_2)s
2025-03-24 13:30:45 - sqlalchemy.engine.Engine - INFO - [cached since 554s ago] {'created_at_1': datetime.date(2025, 2, 1), 'created_at_2': datetime.date(2025, 3, 1)}
2025-03-24 13:30:45 - sqlalchemy.engine.Engine - INFO - SELECT sum(payments.amount) AS sum_1 
FROM payments 
WHERE payments.status = %(status_1)s AND payments.payment_date >= %(payment_date_1)s AND payments.payment_date <= %(payment_date_2)s
2025-03-24 13:30:45 - sqlalchemy.engine.Engine - INFO - [cached since 554s ago] {'status_1': 'success', 'payment_date_1': datetime.date(2025, 3, 1), 'payment_date_2': datetime.date(2025, 3, 31)}
2025-03-24 13:30:45 - sqlalchemy.engine.Engine - INFO - SELECT sum(payments.amount) AS sum_1 
FROM payments 
WHERE payments.status = %(status_1)s AND payments.payment_date >= %(payment_date_1)s AND payments.payment_date < %(payment_date_2)s
2025-03-24 13:30:45 - sqlalchemy.engine.Engine - INFO - [cached since 554s ago] {'status_1': 'success', 'payment_date_1': datetime.date(2025, 2, 1), 'payment_date_2': datetime.date(2025, 3, 1)}
2025-03-24 13:30:45 - sqlalchemy.engine.Engine - INFO - SELECT SUM(total) FROM invoices WHERE status IN ('sent', 'overdue')
2025-03-24 13:30:45 - sqlalchemy.engine.Engine - INFO - [cached since 554s ago] {}
2025-03-24 13:30:45 - sqlalchemy.engine.Engine - INFO - SELECT count(invoices.id) AS count_1 
FROM invoices 
WHERE invoices.status = %(status_1)s
2025-03-24 13:30:45 - sqlalchemy.engine.Engine - INFO - [cached since 554s ago] {'status_1': 'overdue'}
2025-03-24 13:30:45 - sqlalchemy.engine.Engine - INFO - SELECT count(clients.id) AS count_1 
FROM clients
2025-03-24 13:30:45 - sqlalchemy.engine.Engine - INFO - [cached since 554s ago] {}
2025-03-24 13:30:45 - sqlalchemy.engine.Engine - INFO - SELECT count(clients.id) AS count_1 
FROM clients 
WHERE clients.status = %(status_1)s
2025-03-24 13:30:45 - sqlalchemy.engine.Engine - INFO - [cached since 554s ago] {'status_1': 'active'}
2025-03-24 13:30:45 - sqlalchemy.engine.Engine - INFO - SELECT count(technicians.id) AS count_1 
FROM technicians
2025-03-24 13:30:45 - sqlalchemy.engine.Engine - INFO - [cached since 554s ago] {}
2025-03-24 13:30:45 - sqlalchemy.engine.Engine - INFO - SELECT count(technicians.id) AS count_1 
FROM technicians 
WHERE technicians.status = %(status_1)s
2025-03-24 13:30:45 - sqlalchemy.engine.Engine - INFO - [cached since 554s ago] {'status_1': 'active'}
2025-03-24 13:30:45 - app.core.middleware - INFO - Request 9bfa51fb-fad1-48ab-8417-4b846f8308c2 completed: GET http://localhost:8000/api/dashboard/stats - Status: 200 - Time: 0.0620s
2025-03-24 13:30:45 - sqlalchemy.engine.Engine - INFO - ROLLBACK
2025-03-24 13:30:45 - app.core.middleware - INFO - Request 48f68a95-6f9e-4e80-ab6e-9f1903799e5e started: GET http://localhost:8000/api/dashboard/stats
2025-03-24 13:30:45 - app.routers.dashboard - INFO - Getting dashboard stats (unauthenticated)
2025-03-24 13:30:45 - sqlalchemy.engine.Engine - INFO - BEGIN (implicit)
2025-03-24 13:30:45 - sqlalchemy.engine.Engine - INFO - SELECT count(work_orders.id) AS count_1 
FROM work_orders
2025-03-24 13:30:45 - sqlalchemy.engine.Engine - INFO - [cached since 554s ago] {}
2025-03-24 13:30:45 - sqlalchemy.engine.Engine - INFO - SELECT count(work_orders.id) AS count_1 
FROM work_orders 
WHERE work_orders.status IN (%(status_1_1)s, %(status_1_2)s)
2025-03-24 13:30:45 - sqlalchemy.engine.Engine - INFO - [cached since 554s ago] {'status_1_1': 'pending', 'status_1_2': 'scheduled'}
2025-03-24 13:30:45 - sqlalchemy.engine.Engine - INFO - SELECT count(work_orders.id) AS count_1 
FROM work_orders 
WHERE work_orders.status = %(status_1)s
2025-03-24 13:30:45 - sqlalchemy.engine.Engine - INFO - [cached since 554s ago] {'status_1': 'completed'}
2025-03-24 13:30:45 - sqlalchemy.engine.Engine - INFO - SELECT count(work_orders.id) AS count_1 
FROM work_orders 
WHERE work_orders.created_at >= %(created_at_1)s AND work_orders.created_at <= %(created_at_2)s
2025-03-24 13:30:45 - sqlalchemy.engine.Engine - INFO - [cached since 554s ago] {'created_at_1': datetime.date(2025, 3, 1), 'created_at_2': datetime.date(2025, 3, 31)}
2025-03-24 13:30:45 - sqlalchemy.engine.Engine - INFO - SELECT count(work_orders.id) AS count_1 
FROM work_orders 
WHERE work_orders.created_at >= %(created_at_1)s AND work_orders.created_at < %(created_at_2)s
2025-03-24 13:30:45 - sqlalchemy.engine.Engine - INFO - [cached since 554s ago] {'created_at_1': datetime.date(2025, 2, 1), 'created_at_2': datetime.date(2025, 3, 1)}
2025-03-24 13:30:45 - sqlalchemy.engine.Engine - INFO - SELECT sum(payments.amount) AS sum_1 
FROM payments 
WHERE payments.status = %(status_1)s AND payments.payment_date >= %(payment_date_1)s AND payments.payment_date <= %(payment_date_2)s
2025-03-24 13:30:45 - sqlalchemy.engine.Engine - INFO - [cached since 554s ago] {'status_1': 'success', 'payment_date_1': datetime.date(2025, 3, 1), 'payment_date_2': datetime.date(2025, 3, 31)}
2025-03-24 13:30:45 - sqlalchemy.engine.Engine - INFO - SELECT sum(payments.amount) AS sum_1 
FROM payments 
WHERE payments.status = %(status_1)s AND payments.payment_date >= %(payment_date_1)s AND payments.payment_date < %(payment_date_2)s
2025-03-24 13:30:45 - sqlalchemy.engine.Engine - INFO - [cached since 554s ago] {'status_1': 'success', 'payment_date_1': datetime.date(2025, 2, 1), 'payment_date_2': datetime.date(2025, 3, 1)}
2025-03-24 13:30:45 - sqlalchemy.engine.Engine - INFO - SELECT SUM(total) FROM invoices WHERE status IN ('sent', 'overdue')
2025-03-24 13:30:45 - sqlalchemy.engine.Engine - INFO - [cached since 554s ago] {}
2025-03-24 13:30:45 - sqlalchemy.engine.Engine - INFO - SELECT count(invoices.id) AS count_1 
FROM invoices 
WHERE invoices.status = %(status_1)s
2025-03-24 13:30:45 - sqlalchemy.engine.Engine - INFO - [cached since 554s ago] {'status_1': 'overdue'}
2025-03-24 13:30:45 - sqlalchemy.engine.Engine - INFO - SELECT count(clients.id) AS count_1 
FROM clients
2025-03-24 13:30:45 - sqlalchemy.engine.Engine - INFO - [cached since 554s ago] {}
2025-03-24 13:30:45 - sqlalchemy.engine.Engine - INFO - SELECT count(clients.id) AS count_1 
FROM clients 
WHERE clients.status = %(status_1)s
2025-03-24 13:30:45 - sqlalchemy.engine.Engine - INFO - [cached since 554s ago] {'status_1': 'active'}
2025-03-24 13:30:45 - sqlalchemy.engine.Engine - INFO - SELECT count(technicians.id) AS count_1 
FROM technicians
2025-03-24 13:30:45 - sqlalchemy.engine.Engine - INFO - [cached since 554s ago] {}
2025-03-24 13:30:45 - sqlalchemy.engine.Engine - INFO - SELECT count(technicians.id) AS count_1 
FROM technicians 
WHERE technicians.status = %(status_1)s
2025-03-24 13:30:45 - sqlalchemy.engine.Engine - INFO - [cached since 554s ago] {'status_1': 'active'}
2025-03-24 13:30:45 - app.core.middleware - INFO - Request 48f68a95-6f9e-4e80-ab6e-9f1903799e5e completed: GET http://localhost:8000/api/dashboard/stats - Status: 200 - Time: 0.0285s
2025-03-24 13:30:45 - sqlalchemy.engine.Engine - INFO - ROLLBACK
2025-03-24 13:30:50 - app.core.middleware - INFO - Request cbaf9034-0930-4b3d-a626-b2ad10671c59 started: GET http://localhost:8000/api/work-orders?page=1&limit=10
2025-03-24 13:30:50 - app.core.middleware - ERROR - Unhandled error in request cbaf9034-0930-4b3d-a626-b2ad10671c59
Traceback (most recent call last):
  File "C:\Users\chee3\IdeaProjects\idims\venv\lib\site-packages\anyio\streams\memory.py", line 98, in receive
    return self.receive_nowait()
  File "C:\Users\chee3\IdeaProjects\idims\venv\lib\site-packages\anyio\streams\memory.py", line 93, in receive_nowait
    raise WouldBlock
anyio.WouldBlock

During handling of the above exception, another exception occurred:

Traceback (most recent call last):
  File "C:\Users\chee3\IdeaProjects\idims\venv\lib\site-packages\starlette\middleware\base.py", line 78, in call_next
    message = await recv_stream.receive()
  File "C:\Users\chee3\IdeaProjects\idims\venv\lib\site-packages\anyio\streams\memory.py", line 118, in receive
    raise EndOfStream
anyio.EndOfStream

During handling of the above exception, another exception occurred:

Traceback (most recent call last):
  File "C:\Users\chee3\IdeaProjects\idims\backend\app\core\middleware.py", line 62, in dispatch
    response = await call_next(request)
  File "C:\Users\chee3\IdeaProjects\idims\venv\lib\site-packages\starlette\middleware\base.py", line 84, in call_next
    raise app_exc
  File "C:\Users\chee3\IdeaProjects\idims\venv\lib\site-packages\starlette\middleware\base.py", line 70, in coro
    await self.app(scope, receive_or_disconnect, send_no_error)
  File "C:\Users\chee3\IdeaProjects\idims\venv\lib\site-packages\starlette\middleware\base.py", line 108, in __call__
    response = await self.dispatch_func(request, call_next)
  File "C:\Users\chee3\IdeaProjects\idims\backend\app\core\middleware.py", line 136, in dispatch
    response = await call_next(request)
  File "C:\Users\chee3\IdeaProjects\idims\venv\lib\site-packages\starlette\middleware\base.py", line 84, in call_next
    raise app_exc
  File "C:\Users\chee3\IdeaProjects\idims\venv\lib\site-packages\starlette\middleware\base.py", line 70, in coro
    await self.app(scope, receive_or_disconnect, send_no_error)
  File "C:\Users\chee3\IdeaProjects\idims\venv\lib\site-packages\starlette\middleware\cors.py", line 91, in __call__
    await self.simple_response(scope, receive, send, request_headers=headers)
  File "C:\Users\chee3\IdeaProjects\idims\venv\lib\site-packages\starlette\middleware\cors.py", line 146, in simple_response
    await self.app(scope, receive, send)
  File "C:\Users\chee3\IdeaProjects\idims\venv\lib\site-packages\starlette\middleware\exceptions.py", line 79, in __call__
    raise exc
  File "C:\Users\chee3\IdeaProjects\idims\venv\lib\site-packages\starlette\middleware\exceptions.py", line 68, in __call__
    await self.app(scope, receive, sender)
  File "C:\Users\chee3\IdeaProjects\idims\venv\lib\site-packages\fastapi\middleware\asyncexitstack.py", line 20, in __call__
    raise e
  File "C:\Users\chee3\IdeaProjects\idims\venv\lib\site-packages\fastapi\middleware\asyncexitstack.py", line 17, in __call__
    await self.app(scope, receive, send)
  File "C:\Users\chee3\IdeaProjects\idims\venv\lib\site-packages\starlette\routing.py", line 718, in __call__
    await route.handle(scope, receive, send)
  File "C:\Users\chee3\IdeaProjects\idims\venv\lib\site-packages\starlette\routing.py", line 276, in handle
    await self.app(scope, receive, send)
  File "C:\Users\chee3\IdeaProjects\idims\venv\lib\site-packages\starlette\routing.py", line 66, in app
    response = await func(request)
  File "C:\Users\chee3\IdeaProjects\idims\venv\lib\site-packages\fastapi\routing.py", line 263, in app
    solved_result = await solve_dependencies(
  File "C:\Users\chee3\IdeaProjects\idims\venv\lib\site-packages\fastapi\dependencies\utils.py", line 584, in solve_dependencies
    solved = await call(**sub_values)
  File "C:\Users\chee3\IdeaProjects\idims\backend\app\routers\work_orders.py", line 22, in get_current_user_dependency
    return await auth_handler.get_current_user()
  File "C:\Users\chee3\IdeaProjects\idims\backend\app\core\auth.py", line 254, in get_current_user
    payload = jwt.decode(
  File "C:\Users\chee3\IdeaProjects\idims\venv\lib\site-packages\jose\jwt.py", line 142, in decode
    payload = jws.verify(token, key, algorithms, verify=verify_signature)
  File "C:\Users\chee3\IdeaProjects\idims\venv\lib\site-packages\jose\jws.py", line 70, in verify
    header, payload, signing_input, signature = _load(token)
  File "C:\Users\chee3\IdeaProjects\idims\venv\lib\site-packages\jose\jws.py", line 176, in _load
    signing_input, crypto_segment = jwt.rsplit(b".", 1)
AttributeError: 'Depends' object has no attribute 'rsplit'
2025-03-24 13:30:50 - app.core.middleware - INFO - Request cbaf9034-0930-4b3d-a626-b2ad10671c59 completed: GET http://localhost:8000/api/work-orders?page=1&limit=10 - Status: 500 - Time: 0.0080s
2025-03-24 13:30:51 - app.core.middleware - INFO - Request c225db20-b78f-489c-8ddd-a9c645c2a294 started: GET http://localhost:8000/api/work-orders?page=1&limit=10
2025-03-24 13:30:51 - app.core.middleware - ERROR - Unhandled error in request c225db20-b78f-489c-8ddd-a9c645c2a294
Traceback (most recent call last):
  File "C:\Users\chee3\IdeaProjects\idims\venv\lib\site-packages\anyio\streams\memory.py", line 98, in receive
    return self.receive_nowait()
  File "C:\Users\chee3\IdeaProjects\idims\venv\lib\site-packages\anyio\streams\memory.py", line 93, in receive_nowait
    raise WouldBlock
anyio.WouldBlock

During handling of the above exception, another exception occurred:

Traceback (most recent call last):
  File "C:\Users\chee3\IdeaProjects\idims\venv\lib\site-packages\starlette\middleware\base.py", line 78, in call_next
    message = await recv_stream.receive()
  File "C:\Users\chee3\IdeaProjects\idims\venv\lib\site-packages\anyio\streams\memory.py", line 118, in receive
    raise EndOfStream
anyio.EndOfStream

During handling of the above exception, another exception occurred:

Traceback (most recent call last):
  File "C:\Users\chee3\IdeaProjects\idims\backend\app\core\middleware.py", line 62, in dispatch
    response = await call_next(request)
  File "C:\Users\chee3\IdeaProjects\idims\venv\lib\site-packages\starlette\middleware\base.py", line 84, in call_next
    raise app_exc
  File "C:\Users\chee3\IdeaProjects\idims\venv\lib\site-packages\starlette\middleware\base.py", line 70, in coro
    await self.app(scope, receive_or_disconnect, send_no_error)
  File "C:\Users\chee3\IdeaProjects\idims\venv\lib\site-packages\starlette\middleware\base.py", line 108, in __call__
    response = await self.dispatch_func(request, call_next)
  File "C:\Users\chee3\IdeaProjects\idims\backend\app\core\middleware.py", line 136, in dispatch
    response = await call_next(request)
  File "C:\Users\chee3\IdeaProjects\idims\venv\lib\site-packages\starlette\middleware\base.py", line 84, in call_next
    raise app_exc
  File "C:\Users\chee3\IdeaProjects\idims\venv\lib\site-packages\starlette\middleware\base.py", line 70, in coro
    await self.app(scope, receive_or_disconnect, send_no_error)
  File "C:\Users\chee3\IdeaProjects\idims\venv\lib\site-packages\starlette\middleware\cors.py", line 91, in __call__
    await self.simple_response(scope, receive, send, request_headers=headers)
  File "C:\Users\chee3\IdeaProjects\idims\venv\lib\site-packages\starlette\middleware\cors.py", line 146, in simple_response
    await self.app(scope, receive, send)
  File "C:\Users\chee3\IdeaProjects\idims\venv\lib\site-packages\starlette\middleware\exceptions.py", line 79, in __call__
    raise exc
  File "C:\Users\chee3\IdeaProjects\idims\venv\lib\site-packages\starlette\middleware\exceptions.py", line 68, in __call__
    await self.app(scope, receive, sender)
  File "C:\Users\chee3\IdeaProjects\idims\venv\lib\site-packages\fastapi\middleware\asyncexitstack.py", line 20, in __call__
    raise e
  File "C:\Users\chee3\IdeaProjects\idims\venv\lib\site-packages\fastapi\middleware\asyncexitstack.py", line 17, in __call__
    await self.app(scope, receive, send)
  File "C:\Users\chee3\IdeaProjects\idims\venv\lib\site-packages\starlette\routing.py", line 718, in __call__
    await route.handle(scope, receive, send)
  File "C:\Users\chee3\IdeaProjects\idims\venv\lib\site-packages\starlette\routing.py", line 276, in handle
    await self.app(scope, receive, send)
  File "C:\Users\chee3\IdeaProjects\idims\venv\lib\site-packages\starlette\routing.py", line 66, in app
    response = await func(request)
  File "C:\Users\chee3\IdeaProjects\idims\venv\lib\site-packages\fastapi\routing.py", line 263, in app
    solved_result = await solve_dependencies(
  File "C:\Users\chee3\IdeaProjects\idims\venv\lib\site-packages\fastapi\dependencies\utils.py", line 584, in solve_dependencies
    solved = await call(**sub_values)
  File "C:\Users\chee3\IdeaProjects\idims\backend\app\routers\work_orders.py", line 22, in get_current_user_dependency
    return await auth_handler.get_current_user()
  File "C:\Users\chee3\IdeaProjects\idims\backend\app\core\auth.py", line 254, in get_current_user
    payload = jwt.decode(
  File "C:\Users\chee3\IdeaProjects\idims\venv\lib\site-packages\jose\jwt.py", line 142, in decode
    payload = jws.verify(token, key, algorithms, verify=verify_signature)
  File "C:\Users\chee3\IdeaProjects\idims\venv\lib\site-packages\jose\jws.py", line 70, in verify
    header, payload, signing_input, signature = _load(token)
  File "C:\Users\chee3\IdeaProjects\idims\venv\lib\site-packages\jose\jws.py", line 176, in _load
    signing_input, crypto_segment = jwt.rsplit(b".", 1)
AttributeError: 'Depends' object has no attribute 'rsplit'
2025-03-24 13:30:51 - app.core.middleware - INFO - Request c225db20-b78f-489c-8ddd-a9c645c2a294 completed: GET http://localhost:8000/api/work-orders?page=1&limit=10 - Status: 500 - Time: 0.0080s
2025-03-24 13:31:26 - app.core.middleware - INFO - Request 4e393888-2318-4141-9c59-a4c3b9175948 started: GET http://localhost:8000/api/work-orders?page=1&limit=10
2025-03-24 13:31:26 - app.core.middleware - ERROR - Unhandled error in request 4e393888-2318-4141-9c59-a4c3b9175948
Traceback (most recent call last):
  File "C:\Users\chee3\IdeaProjects\idims\venv\lib\site-packages\anyio\streams\memory.py", line 98, in receive
    return self.receive_nowait()
  File "C:\Users\chee3\IdeaProjects\idims\venv\lib\site-packages\anyio\streams\memory.py", line 93, in receive_nowait
    raise WouldBlock
anyio.WouldBlock

During handling of the above exception, another exception occurred:

Traceback (most recent call last):
  File "C:\Users\chee3\IdeaProjects\idims\venv\lib\site-packages\starlette\middleware\base.py", line 78, in call_next
    message = await recv_stream.receive()
  File "C:\Users\chee3\IdeaProjects\idims\venv\lib\site-packages\anyio\streams\memory.py", line 118, in receive
    raise EndOfStream
anyio.EndOfStream

During handling of the above exception, another exception occurred:

Traceback (most recent call last):
  File "C:\Users\chee3\IdeaProjects\idims\backend\app\core\middleware.py", line 62, in dispatch
    response = await call_next(request)
  File "C:\Users\chee3\IdeaProjects\idims\venv\lib\site-packages\starlette\middleware\base.py", line 84, in call_next
    raise app_exc
  File "C:\Users\chee3\IdeaProjects\idims\venv\lib\site-packages\starlette\middleware\base.py", line 70, in coro
    await self.app(scope, receive_or_disconnect, send_no_error)
  File "C:\Users\chee3\IdeaProjects\idims\venv\lib\site-packages\starlette\middleware\base.py", line 108, in __call__
    response = await self.dispatch_func(request, call_next)
  File "C:\Users\chee3\IdeaProjects\idims\backend\app\core\middleware.py", line 136, in dispatch
    response = await call_next(request)
  File "C:\Users\chee3\IdeaProjects\idims\venv\lib\site-packages\starlette\middleware\base.py", line 84, in call_next
    raise app_exc
  File "C:\Users\chee3\IdeaProjects\idims\venv\lib\site-packages\starlette\middleware\base.py", line 70, in coro
    await self.app(scope, receive_or_disconnect, send_no_error)
  File "C:\Users\chee3\IdeaProjects\idims\venv\lib\site-packages\starlette\middleware\cors.py", line 91, in __call__
    await self.simple_response(scope, receive, send, request_headers=headers)
  File "C:\Users\chee3\IdeaProjects\idims\venv\lib\site-packages\starlette\middleware\cors.py", line 146, in simple_response
    await self.app(scope, receive, send)
  File "C:\Users\chee3\IdeaProjects\idims\venv\lib\site-packages\starlette\middleware\exceptions.py", line 79, in __call__
    raise exc
  File "C:\Users\chee3\IdeaProjects\idims\venv\lib\site-packages\starlette\middleware\exceptions.py", line 68, in __call__
    await self.app(scope, receive, sender)
  File "C:\Users\chee3\IdeaProjects\idims\venv\lib\site-packages\fastapi\middleware\asyncexitstack.py", line 20, in __call__
    raise e
  File "C:\Users\chee3\IdeaProjects\idims\venv\lib\site-packages\fastapi\middleware\asyncexitstack.py", line 17, in __call__
    await self.app(scope, receive, send)
  File "C:\Users\chee3\IdeaProjects\idims\venv\lib\site-packages\starlette\routing.py", line 718, in __call__
    await route.handle(scope, receive, send)
  File "C:\Users\chee3\IdeaProjects\idims\venv\lib\site-packages\starlette\routing.py", line 276, in handle
    await self.app(scope, receive, send)
  File "C:\Users\chee3\IdeaProjects\idims\venv\lib\site-packages\starlette\routing.py", line 66, in app
    response = await func(request)
  File "C:\Users\chee3\IdeaProjects\idims\venv\lib\site-packages\fastapi\routing.py", line 263, in app
    solved_result = await solve_dependencies(
  File "C:\Users\chee3\IdeaProjects\idims\venv\lib\site-packages\fastapi\dependencies\utils.py", line 584, in solve_dependencies
    solved = await call(**sub_values)
  File "C:\Users\chee3\IdeaProjects\idims\backend\app\routers\work_orders.py", line 22, in get_current_user_dependency
    return await auth_handler.get_current_user()
  File "C:\Users\chee3\IdeaProjects\idims\backend\app\core\auth.py", line 254, in get_current_user
    payload = jwt.decode(
  File "C:\Users\chee3\IdeaProjects\idims\venv\lib\site-packages\jose\jwt.py", line 142, in decode
    payload = jws.verify(token, key, algorithms, verify=verify_signature)
  File "C:\Users\chee3\IdeaProjects\idims\venv\lib\site-packages\jose\jws.py", line 70, in verify
    header, payload, signing_input, signature = _load(token)
  File "C:\Users\chee3\IdeaProjects\idims\venv\lib\site-packages\jose\jws.py", line 176, in _load
    signing_input, crypto_segment = jwt.rsplit(b".", 1)
AttributeError: 'Depends' object has no attribute 'rsplit'
2025-03-24 13:31:26 - app.core.middleware - INFO - Request 4e393888-2318-4141-9c59-a4c3b9175948 completed: GET http://localhost:8000/api/work-orders?page=1&limit=10 - Status: 500 - Time: 0.0090s
2025-03-24 13:31:27 - app.core.middleware - INFO - Request da5c24e4-22d8-4d22-bb0e-1547b2555f85 started: GET http://localhost:8000/api/work-orders?page=1&limit=10
2025-03-24 13:31:27 - app.core.middleware - ERROR - Unhandled error in request da5c24e4-22d8-4d22-bb0e-1547b2555f85
Traceback (most recent call last):
  File "C:\Users\chee3\IdeaProjects\idims\venv\lib\site-packages\anyio\streams\memory.py", line 98, in receive
    return self.receive_nowait()
  File "C:\Users\chee3\IdeaProjects\idims\venv\lib\site-packages\anyio\streams\memory.py", line 93, in receive_nowait
    raise WouldBlock
anyio.WouldBlock

During handling of the above exception, another exception occurred:

Traceback (most recent call last):
  File "C:\Users\chee3\IdeaProjects\idims\venv\lib\site-packages\starlette\middleware\base.py", line 78, in call_next
    message = await recv_stream.receive()
  File "C:\Users\chee3\IdeaProjects\idims\venv\lib\site-packages\anyio\streams\memory.py", line 118, in receive
    raise EndOfStream
anyio.EndOfStream

During handling of the above exception, another exception occurred:

Traceback (most recent call last):
  File "C:\Users\chee3\IdeaProjects\idims\backend\app\core\middleware.py", line 62, in dispatch
    response = await call_next(request)
  File "C:\Users\chee3\IdeaProjects\idims\venv\lib\site-packages\starlette\middleware\base.py", line 84, in call_next
    raise app_exc
  File "C:\Users\chee3\IdeaProjects\idims\venv\lib\site-packages\starlette\middleware\base.py", line 70, in coro
    await self.app(scope, receive_or_disconnect, send_no_error)
  File "C:\Users\chee3\IdeaProjects\idims\venv\lib\site-packages\starlette\middleware\base.py", line 108, in __call__
    response = await self.dispatch_func(request, call_next)
  File "C:\Users\chee3\IdeaProjects\idims\backend\app\core\middleware.py", line 136, in dispatch
    response = await call_next(request)
  File "C:\Users\chee3\IdeaProjects\idims\venv\lib\site-packages\starlette\middleware\base.py", line 84, in call_next
    raise app_exc
  File "C:\Users\chee3\IdeaProjects\idims\venv\lib\site-packages\starlette\middleware\base.py", line 70, in coro
    await self.app(scope, receive_or_disconnect, send_no_error)
  File "C:\Users\chee3\IdeaProjects\idims\venv\lib\site-packages\starlette\middleware\cors.py", line 91, in __call__
    await self.simple_response(scope, receive, send, request_headers=headers)
  File "C:\Users\chee3\IdeaProjects\idims\venv\lib\site-packages\starlette\middleware\cors.py", line 146, in simple_response
    await self.app(scope, receive, send)
  File "C:\Users\chee3\IdeaProjects\idims\venv\lib\site-packages\starlette\middleware\exceptions.py", line 79, in __call__
    raise exc
  File "C:\Users\chee3\IdeaProjects\idims\venv\lib\site-packages\starlette\middleware\exceptions.py", line 68, in __call__
    await self.app(scope, receive, sender)
  File "C:\Users\chee3\IdeaProjects\idims\venv\lib\site-packages\fastapi\middleware\asyncexitstack.py", line 20, in __call__
    raise e
  File "C:\Users\chee3\IdeaProjects\idims\venv\lib\site-packages\fastapi\middleware\asyncexitstack.py", line 17, in __call__
    await self.app(scope, receive, send)
  File "C:\Users\chee3\IdeaProjects\idims\venv\lib\site-packages\starlette\routing.py", line 718, in __call__
    await route.handle(scope, receive, send)
  File "C:\Users\chee3\IdeaProjects\idims\venv\lib\site-packages\starlette\routing.py", line 276, in handle
    await self.app(scope, receive, send)
  File "C:\Users\chee3\IdeaProjects\idims\venv\lib\site-packages\starlette\routing.py", line 66, in app
    response = await func(request)
  File "C:\Users\chee3\IdeaProjects\idims\venv\lib\site-packages\fastapi\routing.py", line 263, in app
    solved_result = await solve_dependencies(
  File "C:\Users\chee3\IdeaProjects\idims\venv\lib\site-packages\fastapi\dependencies\utils.py", line 584, in solve_dependencies
    solved = await call(**sub_values)
  File "C:\Users\chee3\IdeaProjects\idims\backend\app\routers\work_orders.py", line 22, in get_current_user_dependency
    return await auth_handler.get_current_user()
  File "C:\Users\chee3\IdeaProjects\idims\backend\app\core\auth.py", line 254, in get_current_user
    payload = jwt.decode(
  File "C:\Users\chee3\IdeaProjects\idims\venv\lib\site-packages\jose\jwt.py", line 142, in decode
    payload = jws.verify(token, key, algorithms, verify=verify_signature)
  File "C:\Users\chee3\IdeaProjects\idims\venv\lib\site-packages\jose\jws.py", line 70, in verify
    header, payload, signing_input, signature = _load(token)
  File "C:\Users\chee3\IdeaProjects\idims\venv\lib\site-packages\jose\jws.py", line 176, in _load
    signing_input, crypto_segment = jwt.rsplit(b".", 1)
AttributeError: 'Depends' object has no attribute 'rsplit'
2025-03-24 13:31:27 - app.core.middleware - INFO - Request da5c24e4-22d8-4d22-bb0e-1547b2555f85 completed: GET http://localhost:8000/api/work-orders?page=1&limit=10 - Status: 500 - Time: 0.0085s
2025-03-24 13:36:24 - app.core.middleware - INFO - Request bcf28fc3-ba31-41ca-a3d9-454a89058766 started: GET http://localhost:8000/api/clients?limit=100
2025-03-24 13:36:24 - app.core.middleware - ERROR - Unhandled error in request bcf28fc3-ba31-41ca-a3d9-454a89058766
Traceback (most recent call last):
  File "C:\Users\chee3\IdeaProjects\idims\venv\lib\site-packages\anyio\streams\memory.py", line 98, in receive
    return self.receive_nowait()
  File "C:\Users\chee3\IdeaProjects\idims\venv\lib\site-packages\anyio\streams\memory.py", line 93, in receive_nowait
    raise WouldBlock
anyio.WouldBlock

During handling of the above exception, another exception occurred:

Traceback (most recent call last):
  File "C:\Users\chee3\IdeaProjects\idims\venv\lib\site-packages\starlette\middleware\base.py", line 78, in call_next
    message = await recv_stream.receive()
  File "C:\Users\chee3\IdeaProjects\idims\venv\lib\site-packages\anyio\streams\memory.py", line 118, in receive
    raise EndOfStream
anyio.EndOfStream

During handling of the above exception, another exception occurred:

Traceback (most recent call last):
  File "C:\Users\chee3\IdeaProjects\idims\backend\app\core\middleware.py", line 62, in dispatch
    response = await call_next(request)
  File "C:\Users\chee3\IdeaProjects\idims\venv\lib\site-packages\starlette\middleware\base.py", line 84, in call_next
    raise app_exc
  File "C:\Users\chee3\IdeaProjects\idims\venv\lib\site-packages\starlette\middleware\base.py", line 70, in coro
    await self.app(scope, receive_or_disconnect, send_no_error)
  File "C:\Users\chee3\IdeaProjects\idims\venv\lib\site-packages\starlette\middleware\base.py", line 108, in __call__
    response = await self.dispatch_func(request, call_next)
  File "C:\Users\chee3\IdeaProjects\idims\backend\app\core\middleware.py", line 136, in dispatch
    response = await call_next(request)
  File "C:\Users\chee3\IdeaProjects\idims\venv\lib\site-packages\starlette\middleware\base.py", line 84, in call_next
    raise app_exc
  File "C:\Users\chee3\IdeaProjects\idims\venv\lib\site-packages\starlette\middleware\base.py", line 70, in coro
    await self.app(scope, receive_or_disconnect, send_no_error)
  File "C:\Users\chee3\IdeaProjects\idims\venv\lib\site-packages\starlette\middleware\cors.py", line 91, in __call__
    await self.simple_response(scope, receive, send, request_headers=headers)
  File "C:\Users\chee3\IdeaProjects\idims\venv\lib\site-packages\starlette\middleware\cors.py", line 146, in simple_response
    await self.app(scope, receive, send)
  File "C:\Users\chee3\IdeaProjects\idims\venv\lib\site-packages\starlette\middleware\exceptions.py", line 79, in __call__
    raise exc
  File "C:\Users\chee3\IdeaProjects\idims\venv\lib\site-packages\starlette\middleware\exceptions.py", line 68, in __call__
    await self.app(scope, receive, sender)
  File "C:\Users\chee3\IdeaProjects\idims\venv\lib\site-packages\fastapi\middleware\asyncexitstack.py", line 20, in __call__
    raise e
  File "C:\Users\chee3\IdeaProjects\idims\venv\lib\site-packages\fastapi\middleware\asyncexitstack.py", line 17, in __call__
    await self.app(scope, receive, send)
  File "C:\Users\chee3\IdeaProjects\idims\venv\lib\site-packages\starlette\routing.py", line 718, in __call__
    await route.handle(scope, receive, send)
  File "C:\Users\chee3\IdeaProjects\idims\venv\lib\site-packages\starlette\routing.py", line 276, in handle
    await self.app(scope, receive, send)
  File "C:\Users\chee3\IdeaProjects\idims\venv\lib\site-packages\starlette\routing.py", line 66, in app
    response = await func(request)
  File "C:\Users\chee3\IdeaProjects\idims\venv\lib\site-packages\fastapi\routing.py", line 263, in app
    solved_result = await solve_dependencies(
  File "C:\Users\chee3\IdeaProjects\idims\venv\lib\site-packages\fastapi\dependencies\utils.py", line 584, in solve_dependencies
    solved = await call(**sub_values)
  File "C:\Users\chee3\IdeaProjects\idims\backend\app\routers\clients.py", line 21, in get_current_user_dependency
    return await auth_handler.get_current_user()
  File "C:\Users\chee3\IdeaProjects\idims\backend\app\core\auth.py", line 254, in get_current_user
    payload = jwt.decode(
  File "C:\Users\chee3\IdeaProjects\idims\venv\lib\site-packages\jose\jwt.py", line 142, in decode
    payload = jws.verify(token, key, algorithms, verify=verify_signature)
  File "C:\Users\chee3\IdeaProjects\idims\venv\lib\site-packages\jose\jws.py", line 70, in verify
    header, payload, signing_input, signature = _load(token)
  File "C:\Users\chee3\IdeaProjects\idims\venv\lib\site-packages\jose\jws.py", line 176, in _load
    signing_input, crypto_segment = jwt.rsplit(b".", 1)
AttributeError: 'Depends' object has no attribute 'rsplit'
2025-03-24 13:36:24 - app.core.middleware - INFO - Request bcf28fc3-ba31-41ca-a3d9-454a89058766 completed: GET http://localhost:8000/api/clients?limit=100 - Status: 500 - Time: 0.0075s
2025-03-24 13:36:24 - app.core.middleware - INFO - Request f9b25a30-c208-4b00-9f4e-b809c1e2d614 started: GET http://localhost:8000/api/technicians?limit=100
2025-03-24 13:36:24 - app.core.middleware - ERROR - Unhandled error in request f9b25a30-c208-4b00-9f4e-b809c1e2d614
Traceback (most recent call last):
  File "C:\Users\chee3\IdeaProjects\idims\venv\lib\site-packages\anyio\streams\memory.py", line 98, in receive
    return self.receive_nowait()
  File "C:\Users\chee3\IdeaProjects\idims\venv\lib\site-packages\anyio\streams\memory.py", line 93, in receive_nowait
    raise WouldBlock
anyio.WouldBlock

During handling of the above exception, another exception occurred:

Traceback (most recent call last):
  File "C:\Users\chee3\IdeaProjects\idims\venv\lib\site-packages\starlette\middleware\base.py", line 78, in call_next
    message = await recv_stream.receive()
  File "C:\Users\chee3\IdeaProjects\idims\venv\lib\site-packages\anyio\streams\memory.py", line 118, in receive
    raise EndOfStream
anyio.EndOfStream

During handling of the above exception, another exception occurred:

Traceback (most recent call last):
  File "C:\Users\chee3\IdeaProjects\idims\backend\app\core\middleware.py", line 62, in dispatch
    response = await call_next(request)
  File "C:\Users\chee3\IdeaProjects\idims\venv\lib\site-packages\starlette\middleware\base.py", line 84, in call_next
    raise app_exc
  File "C:\Users\chee3\IdeaProjects\idims\venv\lib\site-packages\starlette\middleware\base.py", line 70, in coro
    await self.app(scope, receive_or_disconnect, send_no_error)
  File "C:\Users\chee3\IdeaProjects\idims\venv\lib\site-packages\starlette\middleware\base.py", line 108, in __call__
    response = await self.dispatch_func(request, call_next)
  File "C:\Users\chee3\IdeaProjects\idims\backend\app\core\middleware.py", line 136, in dispatch
    response = await call_next(request)
  File "C:\Users\chee3\IdeaProjects\idims\venv\lib\site-packages\starlette\middleware\base.py", line 84, in call_next
    raise app_exc
  File "C:\Users\chee3\IdeaProjects\idims\venv\lib\site-packages\starlette\middleware\base.py", line 70, in coro
    await self.app(scope, receive_or_disconnect, send_no_error)
  File "C:\Users\chee3\IdeaProjects\idims\venv\lib\site-packages\starlette\middleware\cors.py", line 91, in __call__
    await self.simple_response(scope, receive, send, request_headers=headers)
  File "C:\Users\chee3\IdeaProjects\idims\venv\lib\site-packages\starlette\middleware\cors.py", line 146, in simple_response
    await self.app(scope, receive, send)
  File "C:\Users\chee3\IdeaProjects\idims\venv\lib\site-packages\starlette\middleware\exceptions.py", line 79, in __call__
    raise exc
  File "C:\Users\chee3\IdeaProjects\idims\venv\lib\site-packages\starlette\middleware\exceptions.py", line 68, in __call__
    await self.app(scope, receive, sender)
  File "C:\Users\chee3\IdeaProjects\idims\venv\lib\site-packages\fastapi\middleware\asyncexitstack.py", line 20, in __call__
    raise e
  File "C:\Users\chee3\IdeaProjects\idims\venv\lib\site-packages\fastapi\middleware\asyncexitstack.py", line 17, in __call__
    await self.app(scope, receive, send)
  File "C:\Users\chee3\IdeaProjects\idims\venv\lib\site-packages\starlette\routing.py", line 718, in __call__
    await route.handle(scope, receive, send)
  File "C:\Users\chee3\IdeaProjects\idims\venv\lib\site-packages\starlette\routing.py", line 276, in handle
    await self.app(scope, receive, send)
  File "C:\Users\chee3\IdeaProjects\idims\venv\lib\site-packages\starlette\routing.py", line 66, in app
    response = await func(request)
  File "C:\Users\chee3\IdeaProjects\idims\venv\lib\site-packages\fastapi\routing.py", line 263, in app
    solved_result = await solve_dependencies(
  File "C:\Users\chee3\IdeaProjects\idims\venv\lib\site-packages\fastapi\dependencies\utils.py", line 584, in solve_dependencies
    solved = await call(**sub_values)
  File "C:\Users\chee3\IdeaProjects\idims\backend\app\routers\technicians.py", line 21, in get_current_user_dependency
    return await auth_handler.get_current_user()
  File "C:\Users\chee3\IdeaProjects\idims\backend\app\core\auth.py", line 254, in get_current_user
    payload = jwt.decode(
  File "C:\Users\chee3\IdeaProjects\idims\venv\lib\site-packages\jose\jwt.py", line 142, in decode
    payload = jws.verify(token, key, algorithms, verify=verify_signature)
  File "C:\Users\chee3\IdeaProjects\idims\venv\lib\site-packages\jose\jws.py", line 70, in verify
    header, payload, signing_input, signature = _load(token)
  File "C:\Users\chee3\IdeaProjects\idims\venv\lib\site-packages\jose\jws.py", line 176, in _load
    signing_input, crypto_segment = jwt.rsplit(b".", 1)
AttributeError: 'Depends' object has no attribute 'rsplit'
2025-03-24 13:36:24 - app.core.middleware - INFO - Request f9b25a30-c208-4b00-9f4e-b809c1e2d614 completed: GET http://localhost:8000/api/technicians?limit=100 - Status: 500 - Time: 0.0070s
2025-03-24 13:36:24 - app.core.middleware - INFO - Request efffec71-4467-4ddc-88ee-c4a73d75b6c3 started: GET http://localhost:8000/api/services?limit=100
2025-03-24 13:36:24 - app.core.middleware - INFO - Request efffec71-4467-4ddc-88ee-c4a73d75b6c3 completed: GET http://localhost:8000/api/services?limit=100 - Status: 404 - Time: 0.0015s
2025-03-24 13:36:24 - app.core.middleware - INFO - Request 4462258c-842c-4322-8447-e016fc32e7b9 started: GET http://localhost:8000/api/clients?limit=100
2025-03-24 13:36:24 - app.core.middleware - ERROR - Unhandled error in request 4462258c-842c-4322-8447-e016fc32e7b9
Traceback (most recent call last):
  File "C:\Users\chee3\IdeaProjects\idims\venv\lib\site-packages\anyio\streams\memory.py", line 98, in receive
    return self.receive_nowait()
  File "C:\Users\chee3\IdeaProjects\idims\venv\lib\site-packages\anyio\streams\memory.py", line 93, in receive_nowait
    raise WouldBlock
anyio.WouldBlock

During handling of the above exception, another exception occurred:

Traceback (most recent call last):
  File "C:\Users\chee3\IdeaProjects\idims\venv\lib\site-packages\starlette\middleware\base.py", line 78, in call_next
    message = await recv_stream.receive()
  File "C:\Users\chee3\IdeaProjects\idims\venv\lib\site-packages\anyio\streams\memory.py", line 118, in receive
    raise EndOfStream
anyio.EndOfStream

During handling of the above exception, another exception occurred:

Traceback (most recent call last):
  File "C:\Users\chee3\IdeaProjects\idims\backend\app\core\middleware.py", line 62, in dispatch
    response = await call_next(request)
  File "C:\Users\chee3\IdeaProjects\idims\venv\lib\site-packages\starlette\middleware\base.py", line 84, in call_next
    raise app_exc
  File "C:\Users\chee3\IdeaProjects\idims\venv\lib\site-packages\starlette\middleware\base.py", line 70, in coro
    await self.app(scope, receive_or_disconnect, send_no_error)
  File "C:\Users\chee3\IdeaProjects\idims\venv\lib\site-packages\starlette\middleware\base.py", line 108, in __call__
    response = await self.dispatch_func(request, call_next)
  File "C:\Users\chee3\IdeaProjects\idims\backend\app\core\middleware.py", line 136, in dispatch
    response = await call_next(request)
  File "C:\Users\chee3\IdeaProjects\idims\venv\lib\site-packages\starlette\middleware\base.py", line 84, in call_next
    raise app_exc
  File "C:\Users\chee3\IdeaProjects\idims\venv\lib\site-packages\starlette\middleware\base.py", line 70, in coro
    await self.app(scope, receive_or_disconnect, send_no_error)
  File "C:\Users\chee3\IdeaProjects\idims\venv\lib\site-packages\starlette\middleware\cors.py", line 91, in __call__
    await self.simple_response(scope, receive, send, request_headers=headers)
  File "C:\Users\chee3\IdeaProjects\idims\venv\lib\site-packages\starlette\middleware\cors.py", line 146, in simple_response
    await self.app(scope, receive, send)
  File "C:\Users\chee3\IdeaProjects\idims\venv\lib\site-packages\starlette\middleware\exceptions.py", line 79, in __call__
    raise exc
  File "C:\Users\chee3\IdeaProjects\idims\venv\lib\site-packages\starlette\middleware\exceptions.py", line 68, in __call__
    await self.app(scope, receive, sender)
  File "C:\Users\chee3\IdeaProjects\idims\venv\lib\site-packages\fastapi\middleware\asyncexitstack.py", line 20, in __call__
    raise e
  File "C:\Users\chee3\IdeaProjects\idims\venv\lib\site-packages\fastapi\middleware\asyncexitstack.py", line 17, in __call__
    await self.app(scope, receive, send)
  File "C:\Users\chee3\IdeaProjects\idims\venv\lib\site-packages\starlette\routing.py", line 718, in __call__
    await route.handle(scope, receive, send)
  File "C:\Users\chee3\IdeaProjects\idims\venv\lib\site-packages\starlette\routing.py", line 276, in handle
    await self.app(scope, receive, send)
  File "C:\Users\chee3\IdeaProjects\idims\venv\lib\site-packages\starlette\routing.py", line 66, in app
    response = await func(request)
  File "C:\Users\chee3\IdeaProjects\idims\venv\lib\site-packages\fastapi\routing.py", line 263, in app
    solved_result = await solve_dependencies(
  File "C:\Users\chee3\IdeaProjects\idims\venv\lib\site-packages\fastapi\dependencies\utils.py", line 584, in solve_dependencies
    solved = await call(**sub_values)
  File "C:\Users\chee3\IdeaProjects\idims\backend\app\routers\clients.py", line 21, in get_current_user_dependency
    return await auth_handler.get_current_user()
  File "C:\Users\chee3\IdeaProjects\idims\backend\app\core\auth.py", line 254, in get_current_user
    payload = jwt.decode(
  File "C:\Users\chee3\IdeaProjects\idims\venv\lib\site-packages\jose\jwt.py", line 142, in decode
    payload = jws.verify(token, key, algorithms, verify=verify_signature)
  File "C:\Users\chee3\IdeaProjects\idims\venv\lib\site-packages\jose\jws.py", line 70, in verify
    header, payload, signing_input, signature = _load(token)
  File "C:\Users\chee3\IdeaProjects\idims\venv\lib\site-packages\jose\jws.py", line 176, in _load
    signing_input, crypto_segment = jwt.rsplit(b".", 1)
AttributeError: 'Depends' object has no attribute 'rsplit'
2025-03-24 13:36:24 - app.core.middleware - INFO - Request 4462258c-842c-4322-8447-e016fc32e7b9 completed: GET http://localhost:8000/api/clients?limit=100 - Status: 500 - Time: 0.0060s
2025-03-24 13:36:24 - app.core.middleware - INFO - Request b15a42b1-01bf-4d4b-a3f4-ccea1250ddc1 started: GET http://localhost:8000/api/technicians?limit=100
2025-03-24 13:36:24 - app.core.middleware - ERROR - Unhandled error in request b15a42b1-01bf-4d4b-a3f4-ccea1250ddc1
Traceback (most recent call last):
  File "C:\Users\chee3\IdeaProjects\idims\venv\lib\site-packages\anyio\streams\memory.py", line 98, in receive
    return self.receive_nowait()
  File "C:\Users\chee3\IdeaProjects\idims\venv\lib\site-packages\anyio\streams\memory.py", line 93, in receive_nowait
    raise WouldBlock
anyio.WouldBlock

During handling of the above exception, another exception occurred:

Traceback (most recent call last):
  File "C:\Users\chee3\IdeaProjects\idims\venv\lib\site-packages\starlette\middleware\base.py", line 78, in call_next
    message = await recv_stream.receive()
  File "C:\Users\chee3\IdeaProjects\idims\venv\lib\site-packages\anyio\streams\memory.py", line 118, in receive
    raise EndOfStream
anyio.EndOfStream

During handling of the above exception, another exception occurred:

Traceback (most recent call last):
  File "C:\Users\chee3\IdeaProjects\idims\backend\app\core\middleware.py", line 62, in dispatch
    response = await call_next(request)
  File "C:\Users\chee3\IdeaProjects\idims\venv\lib\site-packages\starlette\middleware\base.py", line 84, in call_next
    raise app_exc
  File "C:\Users\chee3\IdeaProjects\idims\venv\lib\site-packages\starlette\middleware\base.py", line 70, in coro
    await self.app(scope, receive_or_disconnect, send_no_error)
  File "C:\Users\chee3\IdeaProjects\idims\venv\lib\site-packages\starlette\middleware\base.py", line 108, in __call__
    response = await self.dispatch_func(request, call_next)
  File "C:\Users\chee3\IdeaProjects\idims\backend\app\core\middleware.py", line 136, in dispatch
    response = await call_next(request)
  File "C:\Users\chee3\IdeaProjects\idims\venv\lib\site-packages\starlette\middleware\base.py", line 84, in call_next
    raise app_exc
  File "C:\Users\chee3\IdeaProjects\idims\venv\lib\site-packages\starlette\middleware\base.py", line 70, in coro
    await self.app(scope, receive_or_disconnect, send_no_error)
  File "C:\Users\chee3\IdeaProjects\idims\venv\lib\site-packages\starlette\middleware\cors.py", line 91, in __call__
    await self.simple_response(scope, receive, send, request_headers=headers)
  File "C:\Users\chee3\IdeaProjects\idims\venv\lib\site-packages\starlette\middleware\cors.py", line 146, in simple_response
    await self.app(scope, receive, send)
  File "C:\Users\chee3\IdeaProjects\idims\venv\lib\site-packages\starlette\middleware\exceptions.py", line 79, in __call__
    raise exc
  File "C:\Users\chee3\IdeaProjects\idims\venv\lib\site-packages\starlette\middleware\exceptions.py", line 68, in __call__
    await self.app(scope, receive, sender)
  File "C:\Users\chee3\IdeaProjects\idims\venv\lib\site-packages\fastapi\middleware\asyncexitstack.py", line 20, in __call__
    raise e
  File "C:\Users\chee3\IdeaProjects\idims\venv\lib\site-packages\fastapi\middleware\asyncexitstack.py", line 17, in __call__
    await self.app(scope, receive, send)
  File "C:\Users\chee3\IdeaProjects\idims\venv\lib\site-packages\starlette\routing.py", line 718, in __call__
    await route.handle(scope, receive, send)
  File "C:\Users\chee3\IdeaProjects\idims\venv\lib\site-packages\starlette\routing.py", line 276, in handle
    await self.app(scope, receive, send)
  File "C:\Users\chee3\IdeaProjects\idims\venv\lib\site-packages\starlette\routing.py", line 66, in app
    response = await func(request)
  File "C:\Users\chee3\IdeaProjects\idims\venv\lib\site-packages\fastapi\routing.py", line 263, in app
    solved_result = await solve_dependencies(
  File "C:\Users\chee3\IdeaProjects\idims\venv\lib\site-packages\fastapi\dependencies\utils.py", line 584, in solve_dependencies
    solved = await call(**sub_values)
  File "C:\Users\chee3\IdeaProjects\idims\backend\app\routers\technicians.py", line 21, in get_current_user_dependency
    return await auth_handler.get_current_user()
  File "C:\Users\chee3\IdeaProjects\idims\backend\app\core\auth.py", line 254, in get_current_user
    payload = jwt.decode(
  File "C:\Users\chee3\IdeaProjects\idims\venv\lib\site-packages\jose\jwt.py", line 142, in decode
    payload = jws.verify(token, key, algorithms, verify=verify_signature)
  File "C:\Users\chee3\IdeaProjects\idims\venv\lib\site-packages\jose\jws.py", line 70, in verify
    header, payload, signing_input, signature = _load(token)
  File "C:\Users\chee3\IdeaProjects\idims\venv\lib\site-packages\jose\jws.py", line 176, in _load
    signing_input, crypto_segment = jwt.rsplit(b".", 1)
AttributeError: 'Depends' object has no attribute 'rsplit'
2025-03-24 13:36:24 - app.core.middleware - INFO - Request b15a42b1-01bf-4d4b-a3f4-ccea1250ddc1 completed: GET http://localhost:8000/api/technicians?limit=100 - Status: 500 - Time: 0.0065s
2025-03-24 13:36:24 - app.core.middleware - INFO - Request 0200a754-471f-4487-9bf4-ac7a66d766d3 started: GET http://localhost:8000/api/services?limit=100
2025-03-24 13:36:24 - app.core.middleware - INFO - Request 0200a754-471f-4487-9bf4-ac7a66d766d3 completed: GET http://localhost:8000/api/services?limit=100 - Status: 404 - Time: 0.0015s
2025-03-24 13:36:24 - app.core.middleware - INFO - Request b42dafea-74cf-465f-8be9-d14a3089c41a started: GET http://localhost:8000/api/clients?limit=100
2025-03-24 13:36:24 - app.core.middleware - ERROR - Unhandled error in request b42dafea-74cf-465f-8be9-d14a3089c41a
Traceback (most recent call last):
  File "C:\Users\chee3\IdeaProjects\idims\venv\lib\site-packages\anyio\streams\memory.py", line 98, in receive
    return self.receive_nowait()
  File "C:\Users\chee3\IdeaProjects\idims\venv\lib\site-packages\anyio\streams\memory.py", line 93, in receive_nowait
    raise WouldBlock
anyio.WouldBlock

During handling of the above exception, another exception occurred:

Traceback (most recent call last):
  File "C:\Users\chee3\IdeaProjects\idims\venv\lib\site-packages\starlette\middleware\base.py", line 78, in call_next
    message = await recv_stream.receive()
  File "C:\Users\chee3\IdeaProjects\idims\venv\lib\site-packages\anyio\streams\memory.py", line 118, in receive
    raise EndOfStream
anyio.EndOfStream

During handling of the above exception, another exception occurred:

Traceback (most recent call last):
  File "C:\Users\chee3\IdeaProjects\idims\backend\app\core\middleware.py", line 62, in dispatch
    response = await call_next(request)
  File "C:\Users\chee3\IdeaProjects\idims\venv\lib\site-packages\starlette\middleware\base.py", line 84, in call_next
    raise app_exc
  File "C:\Users\chee3\IdeaProjects\idims\venv\lib\site-packages\starlette\middleware\base.py", line 70, in coro
    await self.app(scope, receive_or_disconnect, send_no_error)
  File "C:\Users\chee3\IdeaProjects\idims\venv\lib\site-packages\starlette\middleware\base.py", line 108, in __call__
    response = await self.dispatch_func(request, call_next)
  File "C:\Users\chee3\IdeaProjects\idims\backend\app\core\middleware.py", line 136, in dispatch
    response = await call_next(request)
  File "C:\Users\chee3\IdeaProjects\idims\venv\lib\site-packages\starlette\middleware\base.py", line 84, in call_next
    raise app_exc
  File "C:\Users\chee3\IdeaProjects\idims\venv\lib\site-packages\starlette\middleware\base.py", line 70, in coro
    await self.app(scope, receive_or_disconnect, send_no_error)
  File "C:\Users\chee3\IdeaProjects\idims\venv\lib\site-packages\starlette\middleware\cors.py", line 91, in __call__
    await self.simple_response(scope, receive, send, request_headers=headers)
  File "C:\Users\chee3\IdeaProjects\idims\venv\lib\site-packages\starlette\middleware\cors.py", line 146, in simple_response
    await self.app(scope, receive, send)
  File "C:\Users\chee3\IdeaProjects\idims\venv\lib\site-packages\starlette\middleware\exceptions.py", line 79, in __call__
    raise exc
  File "C:\Users\chee3\IdeaProjects\idims\venv\lib\site-packages\starlette\middleware\exceptions.py", line 68, in __call__
    await self.app(scope, receive, sender)
  File "C:\Users\chee3\IdeaProjects\idims\venv\lib\site-packages\fastapi\middleware\asyncexitstack.py", line 20, in __call__
    raise e
  File "C:\Users\chee3\IdeaProjects\idims\venv\lib\site-packages\fastapi\middleware\asyncexitstack.py", line 17, in __call__
    await self.app(scope, receive, send)
  File "C:\Users\chee3\IdeaProjects\idims\venv\lib\site-packages\starlette\routing.py", line 718, in __call__
    await route.handle(scope, receive, send)
  File "C:\Users\chee3\IdeaProjects\idims\venv\lib\site-packages\starlette\routing.py", line 276, in handle
    await self.app(scope, receive, send)
  File "C:\Users\chee3\IdeaProjects\idims\venv\lib\site-packages\starlette\routing.py", line 66, in app
    response = await func(request)
  File "C:\Users\chee3\IdeaProjects\idims\venv\lib\site-packages\fastapi\routing.py", line 263, in app
    solved_result = await solve_dependencies(
  File "C:\Users\chee3\IdeaProjects\idims\venv\lib\site-packages\fastapi\dependencies\utils.py", line 584, in solve_dependencies
    solved = await call(**sub_values)
  File "C:\Users\chee3\IdeaProjects\idims\backend\app\routers\clients.py", line 21, in get_current_user_dependency
    return await auth_handler.get_current_user()
  File "C:\Users\chee3\IdeaProjects\idims\backend\app\core\auth.py", line 254, in get_current_user
    payload = jwt.decode(
  File "C:\Users\chee3\IdeaProjects\idims\venv\lib\site-packages\jose\jwt.py", line 142, in decode
    payload = jws.verify(token, key, algorithms, verify=verify_signature)
  File "C:\Users\chee3\IdeaProjects\idims\venv\lib\site-packages\jose\jws.py", line 70, in verify
    header, payload, signing_input, signature = _load(token)
  File "C:\Users\chee3\IdeaProjects\idims\venv\lib\site-packages\jose\jws.py", line 176, in _load
    signing_input, crypto_segment = jwt.rsplit(b".", 1)
AttributeError: 'Depends' object has no attribute 'rsplit'
2025-03-24 13:36:24 - app.core.middleware - INFO - Request b42dafea-74cf-465f-8be9-d14a3089c41a completed: GET http://localhost:8000/api/clients?limit=100 - Status: 500 - Time: 0.0075s
2025-03-24 13:36:24 - app.core.middleware - INFO - Request 21bf29ed-c0fb-4035-982b-7009604378ee started: GET http://localhost:8000/api/technicians?limit=100
2025-03-24 13:36:24 - app.core.middleware - ERROR - Unhandled error in request 21bf29ed-c0fb-4035-982b-7009604378ee
Traceback (most recent call last):
  File "C:\Users\chee3\IdeaProjects\idims\venv\lib\site-packages\anyio\streams\memory.py", line 98, in receive
    return self.receive_nowait()
  File "C:\Users\chee3\IdeaProjects\idims\venv\lib\site-packages\anyio\streams\memory.py", line 93, in receive_nowait
    raise WouldBlock
anyio.WouldBlock

During handling of the above exception, another exception occurred:

Traceback (most recent call last):
  File "C:\Users\chee3\IdeaProjects\idims\venv\lib\site-packages\starlette\middleware\base.py", line 78, in call_next
    message = await recv_stream.receive()
  File "C:\Users\chee3\IdeaProjects\idims\venv\lib\site-packages\anyio\streams\memory.py", line 118, in receive
    raise EndOfStream
anyio.EndOfStream

During handling of the above exception, another exception occurred:

Traceback (most recent call last):
  File "C:\Users\chee3\IdeaProjects\idims\backend\app\core\middleware.py", line 62, in dispatch
    response = await call_next(request)
  File "C:\Users\chee3\IdeaProjects\idims\venv\lib\site-packages\starlette\middleware\base.py", line 84, in call_next
    raise app_exc
  File "C:\Users\chee3\IdeaProjects\idims\venv\lib\site-packages\starlette\middleware\base.py", line 70, in coro
    await self.app(scope, receive_or_disconnect, send_no_error)
  File "C:\Users\chee3\IdeaProjects\idims\venv\lib\site-packages\starlette\middleware\base.py", line 108, in __call__
    response = await self.dispatch_func(request, call_next)
  File "C:\Users\chee3\IdeaProjects\idims\backend\app\core\middleware.py", line 136, in dispatch
    response = await call_next(request)
  File "C:\Users\chee3\IdeaProjects\idims\venv\lib\site-packages\starlette\middleware\base.py", line 84, in call_next
    raise app_exc
  File "C:\Users\chee3\IdeaProjects\idims\venv\lib\site-packages\starlette\middleware\base.py", line 70, in coro
    await self.app(scope, receive_or_disconnect, send_no_error)
  File "C:\Users\chee3\IdeaProjects\idims\venv\lib\site-packages\starlette\middleware\cors.py", line 91, in __call__
    await self.simple_response(scope, receive, send, request_headers=headers)
  File "C:\Users\chee3\IdeaProjects\idims\venv\lib\site-packages\starlette\middleware\cors.py", line 146, in simple_response
    await self.app(scope, receive, send)
  File "C:\Users\chee3\IdeaProjects\idims\venv\lib\site-packages\starlette\middleware\exceptions.py", line 79, in __call__
    raise exc
  File "C:\Users\chee3\IdeaProjects\idims\venv\lib\site-packages\starlette\middleware\exceptions.py", line 68, in __call__
    await self.app(scope, receive, sender)
  File "C:\Users\chee3\IdeaProjects\idims\venv\lib\site-packages\fastapi\middleware\asyncexitstack.py", line 20, in __call__
    raise e
  File "C:\Users\chee3\IdeaProjects\idims\venv\lib\site-packages\fastapi\middleware\asyncexitstack.py", line 17, in __call__
    await self.app(scope, receive, send)
  File "C:\Users\chee3\IdeaProjects\idims\venv\lib\site-packages\starlette\routing.py", line 718, in __call__
    await route.handle(scope, receive, send)
  File "C:\Users\chee3\IdeaProjects\idims\venv\lib\site-packages\starlette\routing.py", line 276, in handle
    await self.app(scope, receive, send)
  File "C:\Users\chee3\IdeaProjects\idims\venv\lib\site-packages\starlette\routing.py", line 66, in app
    response = await func(request)
  File "C:\Users\chee3\IdeaProjects\idims\venv\lib\site-packages\fastapi\routing.py", line 263, in app
    solved_result = await solve_dependencies(
  File "C:\Users\chee3\IdeaProjects\idims\venv\lib\site-packages\fastapi\dependencies\utils.py", line 584, in solve_dependencies
    solved = await call(**sub_values)
  File "C:\Users\chee3\IdeaProjects\idims\backend\app\routers\technicians.py", line 21, in get_current_user_dependency
    return await auth_handler.get_current_user()
  File "C:\Users\chee3\IdeaProjects\idims\backend\app\core\auth.py", line 254, in get_current_user
    payload = jwt.decode(
  File "C:\Users\chee3\IdeaProjects\idims\venv\lib\site-packages\jose\jwt.py", line 142, in decode
    payload = jws.verify(token, key, algorithms, verify=verify_signature)
  File "C:\Users\chee3\IdeaProjects\idims\venv\lib\site-packages\jose\jws.py", line 70, in verify
    header, payload, signing_input, signature = _load(token)
  File "C:\Users\chee3\IdeaProjects\idims\venv\lib\site-packages\jose\jws.py", line 176, in _load
    signing_input, crypto_segment = jwt.rsplit(b".", 1)
AttributeError: 'Depends' object has no attribute 'rsplit'
2025-03-24 13:36:24 - app.core.middleware - INFO - Request 21bf29ed-c0fb-4035-982b-7009604378ee completed: GET http://localhost:8000/api/technicians?limit=100 - Status: 500 - Time: 0.0075s
2025-03-24 13:37:03 - app.core.middleware - INFO - Request 8cf2ddfe-6454-47b1-8856-31b035ae5213 started: GET http://localhost:8000/api/dashboard/stats
2025-03-24 13:37:03 - app.routers.dashboard - INFO - Getting dashboard stats (unauthenticated)
2025-03-24 13:37:03 - sqlalchemy.engine.Engine - INFO - BEGIN (implicit)
2025-03-24 13:37:03 - sqlalchemy.engine.Engine - INFO - SELECT count(work_orders.id) AS count_1 
FROM work_orders
2025-03-24 13:37:03 - sqlalchemy.engine.Engine - INFO - [cached since 931.6s ago] {}
2025-03-24 13:37:03 - sqlalchemy.engine.Engine - INFO - SELECT count(work_orders.id) AS count_1 
FROM work_orders 
WHERE work_orders.status IN (%(status_1_1)s, %(status_1_2)s)
2025-03-24 13:37:03 - sqlalchemy.engine.Engine - INFO - [cached since 931.6s ago] {'status_1_1': 'pending', 'status_1_2': 'scheduled'}
2025-03-24 13:37:03 - sqlalchemy.engine.Engine - INFO - SELECT count(work_orders.id) AS count_1 
FROM work_orders 
WHERE work_orders.status = %(status_1)s
2025-03-24 13:37:03 - sqlalchemy.engine.Engine - INFO - [cached since 931.6s ago] {'status_1': 'completed'}
2025-03-24 13:37:03 - sqlalchemy.engine.Engine - INFO - SELECT count(work_orders.id) AS count_1 
FROM work_orders 
WHERE work_orders.created_at >= %(created_at_1)s AND work_orders.created_at <= %(created_at_2)s
2025-03-24 13:37:03 - sqlalchemy.engine.Engine - INFO - [cached since 931.6s ago] {'created_at_1': datetime.date(2025, 3, 1), 'created_at_2': datetime.date(2025, 3, 31)}
2025-03-24 13:37:03 - sqlalchemy.engine.Engine - INFO - SELECT count(work_orders.id) AS count_1 
FROM work_orders 
WHERE work_orders.created_at >= %(created_at_1)s AND work_orders.created_at < %(created_at_2)s
2025-03-24 13:37:03 - sqlalchemy.engine.Engine - INFO - [cached since 931.6s ago] {'created_at_1': datetime.date(2025, 2, 1), 'created_at_2': datetime.date(2025, 3, 1)}
2025-03-24 13:37:03 - sqlalchemy.engine.Engine - INFO - SELECT sum(payments.amount) AS sum_1 
FROM payments 
WHERE payments.status = %(status_1)s AND payments.payment_date >= %(payment_date_1)s AND payments.payment_date <= %(payment_date_2)s
2025-03-24 13:37:03 - sqlalchemy.engine.Engine - INFO - [cached since 931.6s ago] {'status_1': 'success', 'payment_date_1': datetime.date(2025, 3, 1), 'payment_date_2': datetime.date(2025, 3, 31)}
2025-03-24 13:37:03 - sqlalchemy.engine.Engine - INFO - SELECT sum(payments.amount) AS sum_1 
FROM payments 
WHERE payments.status = %(status_1)s AND payments.payment_date >= %(payment_date_1)s AND payments.payment_date < %(payment_date_2)s
2025-03-24 13:37:03 - sqlalchemy.engine.Engine - INFO - [cached since 931.6s ago] {'status_1': 'success', 'payment_date_1': datetime.date(2025, 2, 1), 'payment_date_2': datetime.date(2025, 3, 1)}
2025-03-24 13:37:03 - sqlalchemy.engine.Engine - INFO - SELECT SUM(total) FROM invoices WHERE status IN ('sent', 'overdue')
2025-03-24 13:37:03 - sqlalchemy.engine.Engine - INFO - [cached since 931.6s ago] {}
2025-03-24 13:37:03 - sqlalchemy.engine.Engine - INFO - SELECT count(invoices.id) AS count_1 
FROM invoices 
WHERE invoices.status = %(status_1)s
2025-03-24 13:37:03 - sqlalchemy.engine.Engine - INFO - [cached since 931.6s ago] {'status_1': 'overdue'}
2025-03-24 13:37:03 - sqlalchemy.engine.Engine - INFO - SELECT count(clients.id) AS count_1 
FROM clients
2025-03-24 13:37:03 - sqlalchemy.engine.Engine - INFO - [cached since 931.6s ago] {}
2025-03-24 13:37:03 - sqlalchemy.engine.Engine - INFO - SELECT count(clients.id) AS count_1 
FROM clients 
WHERE clients.status = %(status_1)s
2025-03-24 13:37:03 - sqlalchemy.engine.Engine - INFO - [cached since 931.6s ago] {'status_1': 'active'}
2025-03-24 13:37:03 - sqlalchemy.engine.Engine - INFO - SELECT count(technicians.id) AS count_1 
FROM technicians
2025-03-24 13:37:03 - sqlalchemy.engine.Engine - INFO - [cached since 931.6s ago] {}
2025-03-24 13:37:03 - sqlalchemy.engine.Engine - INFO - SELECT count(technicians.id) AS count_1 
FROM technicians 
WHERE technicians.status = %(status_1)s
2025-03-24 13:37:03 - sqlalchemy.engine.Engine - INFO - [cached since 931.6s ago] {'status_1': 'active'}
2025-03-24 13:37:03 - app.core.middleware - INFO - Request 8cf2ddfe-6454-47b1-8856-31b035ae5213 completed: GET http://localhost:8000/api/dashboard/stats - Status: 200 - Time: 0.0785s
2025-03-24 13:37:03 - sqlalchemy.engine.Engine - INFO - ROLLBACK
2025-03-24 13:37:03 - app.core.middleware - INFO - Request 4395dbcf-ae39-4015-84bb-4bc4ed7a25f4 started: GET http://localhost:8000/api/dashboard/stats
2025-03-24 13:37:03 - app.routers.dashboard - INFO - Getting dashboard stats (unauthenticated)
2025-03-24 13:37:03 - sqlalchemy.engine.Engine - INFO - BEGIN (implicit)
2025-03-24 13:37:03 - sqlalchemy.engine.Engine - INFO - SELECT count(work_orders.id) AS count_1 
FROM work_orders
2025-03-24 13:37:03 - sqlalchemy.engine.Engine - INFO - [cached since 931.7s ago] {}
2025-03-24 13:37:03 - sqlalchemy.engine.Engine - INFO - SELECT count(work_orders.id) AS count_1 
FROM work_orders 
WHERE work_orders.status IN (%(status_1_1)s, %(status_1_2)s)
2025-03-24 13:37:03 - sqlalchemy.engine.Engine - INFO - [cached since 931.7s ago] {'status_1_1': 'pending', 'status_1_2': 'scheduled'}
2025-03-24 13:37:03 - sqlalchemy.engine.Engine - INFO - SELECT count(work_orders.id) AS count_1 
FROM work_orders 
WHERE work_orders.status = %(status_1)s
2025-03-24 13:37:03 - sqlalchemy.engine.Engine - INFO - [cached since 931.7s ago] {'status_1': 'completed'}
2025-03-24 13:37:03 - sqlalchemy.engine.Engine - INFO - SELECT count(work_orders.id) AS count_1 
FROM work_orders 
WHERE work_orders.created_at >= %(created_at_1)s AND work_orders.created_at <= %(created_at_2)s
2025-03-24 13:37:03 - sqlalchemy.engine.Engine - INFO - [cached since 931.7s ago] {'created_at_1': datetime.date(2025, 3, 1), 'created_at_2': datetime.date(2025, 3, 31)}
2025-03-24 13:37:03 - sqlalchemy.engine.Engine - INFO - SELECT count(work_orders.id) AS count_1 
FROM work_orders 
WHERE work_orders.created_at >= %(created_at_1)s AND work_orders.created_at < %(created_at_2)s
2025-03-24 13:37:03 - sqlalchemy.engine.Engine - INFO - [cached since 931.7s ago] {'created_at_1': datetime.date(2025, 2, 1), 'created_at_2': datetime.date(2025, 3, 1)}
2025-03-24 13:37:03 - sqlalchemy.engine.Engine - INFO - SELECT sum(payments.amount) AS sum_1 
FROM payments 
WHERE payments.status = %(status_1)s AND payments.payment_date >= %(payment_date_1)s AND payments.payment_date <= %(payment_date_2)s
2025-03-24 13:37:03 - sqlalchemy.engine.Engine - INFO - [cached since 931.7s ago] {'status_1': 'success', 'payment_date_1': datetime.date(2025, 3, 1), 'payment_date_2': datetime.date(2025, 3, 31)}
2025-03-24 13:37:03 - sqlalchemy.engine.Engine - INFO - SELECT sum(payments.amount) AS sum_1 
FROM payments 
WHERE payments.status = %(status_1)s AND payments.payment_date >= %(payment_date_1)s AND payments.payment_date < %(payment_date_2)s
2025-03-24 13:37:03 - sqlalchemy.engine.Engine - INFO - [cached since 931.7s ago] {'status_1': 'success', 'payment_date_1': datetime.date(2025, 2, 1), 'payment_date_2': datetime.date(2025, 3, 1)}
2025-03-24 13:37:03 - sqlalchemy.engine.Engine - INFO - SELECT SUM(total) FROM invoices WHERE status IN ('sent', 'overdue')
2025-03-24 13:37:03 - sqlalchemy.engine.Engine - INFO - [cached since 931.7s ago] {}
2025-03-24 13:37:03 - sqlalchemy.engine.Engine - INFO - SELECT count(invoices.id) AS count_1 
FROM invoices 
WHERE invoices.status = %(status_1)s
2025-03-24 13:37:03 - sqlalchemy.engine.Engine - INFO - [cached since 931.7s ago] {'status_1': 'overdue'}
2025-03-24 13:37:03 - sqlalchemy.engine.Engine - INFO - SELECT count(clients.id) AS count_1 
FROM clients
2025-03-24 13:37:03 - sqlalchemy.engine.Engine - INFO - [cached since 931.7s ago] {}
2025-03-24 13:37:03 - sqlalchemy.engine.Engine - INFO - SELECT count(clients.id) AS count_1 
FROM clients 
WHERE clients.status = %(status_1)s
2025-03-24 13:37:03 - sqlalchemy.engine.Engine - INFO - [cached since 931.7s ago] {'status_1': 'active'}
2025-03-24 13:37:03 - sqlalchemy.engine.Engine - INFO - SELECT count(technicians.id) AS count_1 
FROM technicians
2025-03-24 13:37:03 - sqlalchemy.engine.Engine - INFO - [cached since 931.7s ago] {}
2025-03-24 13:37:03 - sqlalchemy.engine.Engine - INFO - SELECT count(technicians.id) AS count_1 
FROM technicians 
WHERE technicians.status = %(status_1)s
2025-03-24 13:37:03 - sqlalchemy.engine.Engine - INFO - [cached since 931.7s ago] {'status_1': 'active'}
2025-03-24 13:37:03 - app.core.middleware - INFO - Request 4395dbcf-ae39-4015-84bb-4bc4ed7a25f4 completed: GET http://localhost:8000/api/dashboard/stats - Status: 200 - Time: 0.0330s
2025-03-24 13:37:03 - sqlalchemy.engine.Engine - INFO - ROLLBACK
2025-03-24 13:37:31 - app.core.middleware - INFO - Request 7cf5b6c9-af2c-4246-abc6-ee81e4b24a9c started: GET http://localhost:8000/api/work-orders?page=1&limit=10
2025-03-24 13:37:31 - app.core.middleware - ERROR - Unhandled error in request 7cf5b6c9-af2c-4246-abc6-ee81e4b24a9c
Traceback (most recent call last):
  File "C:\Users\chee3\IdeaProjects\idims\venv\lib\site-packages\anyio\streams\memory.py", line 98, in receive
    return self.receive_nowait()
  File "C:\Users\chee3\IdeaProjects\idims\venv\lib\site-packages\anyio\streams\memory.py", line 93, in receive_nowait
    raise WouldBlock
anyio.WouldBlock

During handling of the above exception, another exception occurred:

Traceback (most recent call last):
  File "C:\Users\chee3\IdeaProjects\idims\venv\lib\site-packages\starlette\middleware\base.py", line 78, in call_next
    message = await recv_stream.receive()
  File "C:\Users\chee3\IdeaProjects\idims\venv\lib\site-packages\anyio\streams\memory.py", line 118, in receive
    raise EndOfStream
anyio.EndOfStream

During handling of the above exception, another exception occurred:

Traceback (most recent call last):
  File "C:\Users\chee3\IdeaProjects\idims\backend\app\core\middleware.py", line 62, in dispatch
    response = await call_next(request)
  File "C:\Users\chee3\IdeaProjects\idims\venv\lib\site-packages\starlette\middleware\base.py", line 84, in call_next
    raise app_exc
  File "C:\Users\chee3\IdeaProjects\idims\venv\lib\site-packages\starlette\middleware\base.py", line 70, in coro
    await self.app(scope, receive_or_disconnect, send_no_error)
  File "C:\Users\chee3\IdeaProjects\idims\venv\lib\site-packages\starlette\middleware\base.py", line 108, in __call__
    response = await self.dispatch_func(request, call_next)
  File "C:\Users\chee3\IdeaProjects\idims\backend\app\core\middleware.py", line 136, in dispatch
    response = await call_next(request)
  File "C:\Users\chee3\IdeaProjects\idims\venv\lib\site-packages\starlette\middleware\base.py", line 84, in call_next
    raise app_exc
  File "C:\Users\chee3\IdeaProjects\idims\venv\lib\site-packages\starlette\middleware\base.py", line 70, in coro
    await self.app(scope, receive_or_disconnect, send_no_error)
  File "C:\Users\chee3\IdeaProjects\idims\venv\lib\site-packages\starlette\middleware\cors.py", line 91, in __call__
    await self.simple_response(scope, receive, send, request_headers=headers)
  File "C:\Users\chee3\IdeaProjects\idims\venv\lib\site-packages\starlette\middleware\cors.py", line 146, in simple_response
    await self.app(scope, receive, send)
  File "C:\Users\chee3\IdeaProjects\idims\venv\lib\site-packages\starlette\middleware\exceptions.py", line 79, in __call__
    raise exc
  File "C:\Users\chee3\IdeaProjects\idims\venv\lib\site-packages\starlette\middleware\exceptions.py", line 68, in __call__
    await self.app(scope, receive, sender)
  File "C:\Users\chee3\IdeaProjects\idims\venv\lib\site-packages\fastapi\middleware\asyncexitstack.py", line 20, in __call__
    raise e
  File "C:\Users\chee3\IdeaProjects\idims\venv\lib\site-packages\fastapi\middleware\asyncexitstack.py", line 17, in __call__
    await self.app(scope, receive, send)
  File "C:\Users\chee3\IdeaProjects\idims\venv\lib\site-packages\starlette\routing.py", line 718, in __call__
    await route.handle(scope, receive, send)
  File "C:\Users\chee3\IdeaProjects\idims\venv\lib\site-packages\starlette\routing.py", line 276, in handle
    await self.app(scope, receive, send)
  File "C:\Users\chee3\IdeaProjects\idims\venv\lib\site-packages\starlette\routing.py", line 66, in app
    response = await func(request)
  File "C:\Users\chee3\IdeaProjects\idims\venv\lib\site-packages\fastapi\routing.py", line 263, in app
    solved_result = await solve_dependencies(
  File "C:\Users\chee3\IdeaProjects\idims\venv\lib\site-packages\fastapi\dependencies\utils.py", line 584, in solve_dependencies
    solved = await call(**sub_values)
  File "C:\Users\chee3\IdeaProjects\idims\backend\app\routers\work_orders.py", line 22, in get_current_user_dependency
    return await auth_handler.get_current_user()
  File "C:\Users\chee3\IdeaProjects\idims\backend\app\core\auth.py", line 254, in get_current_user
    payload = jwt.decode(
  File "C:\Users\chee3\IdeaProjects\idims\venv\lib\site-packages\jose\jwt.py", line 142, in decode
    payload = jws.verify(token, key, algorithms, verify=verify_signature)
  File "C:\Users\chee3\IdeaProjects\idims\venv\lib\site-packages\jose\jws.py", line 70, in verify
    header, payload, signing_input, signature = _load(token)
  File "C:\Users\chee3\IdeaProjects\idims\venv\lib\site-packages\jose\jws.py", line 176, in _load
    signing_input, crypto_segment = jwt.rsplit(b".", 1)
AttributeError: 'Depends' object has no attribute 'rsplit'
2025-03-24 13:37:31 - app.core.middleware - INFO - Request 7cf5b6c9-af2c-4246-abc6-ee81e4b24a9c completed: GET http://localhost:8000/api/work-orders?page=1&limit=10 - Status: 500 - Time: 0.0075s
2025-03-24 13:37:32 - app.core.middleware - INFO - Request d0125235-70bf-4bb3-9f89-cd153329905f started: GET http://localhost:8000/api/work-orders?page=1&limit=10
2025-03-24 13:37:32 - app.core.middleware - ERROR - Unhandled error in request d0125235-70bf-4bb3-9f89-cd153329905f
Traceback (most recent call last):
  File "C:\Users\chee3\IdeaProjects\idims\venv\lib\site-packages\anyio\streams\memory.py", line 98, in receive
    return self.receive_nowait()
  File "C:\Users\chee3\IdeaProjects\idims\venv\lib\site-packages\anyio\streams\memory.py", line 93, in receive_nowait
    raise WouldBlock
anyio.WouldBlock

During handling of the above exception, another exception occurred:

Traceback (most recent call last):
  File "C:\Users\chee3\IdeaProjects\idims\venv\lib\site-packages\starlette\middleware\base.py", line 78, in call_next
    message = await recv_stream.receive()
  File "C:\Users\chee3\IdeaProjects\idims\venv\lib\site-packages\anyio\streams\memory.py", line 118, in receive
    raise EndOfStream
anyio.EndOfStream

During handling of the above exception, another exception occurred:

Traceback (most recent call last):
  File "C:\Users\chee3\IdeaProjects\idims\backend\app\core\middleware.py", line 62, in dispatch
    response = await call_next(request)
  File "C:\Users\chee3\IdeaProjects\idims\venv\lib\site-packages\starlette\middleware\base.py", line 84, in call_next
    raise app_exc
  File "C:\Users\chee3\IdeaProjects\idims\venv\lib\site-packages\starlette\middleware\base.py", line 70, in coro
    await self.app(scope, receive_or_disconnect, send_no_error)
  File "C:\Users\chee3\IdeaProjects\idims\venv\lib\site-packages\starlette\middleware\base.py", line 108, in __call__
    response = await self.dispatch_func(request, call_next)
  File "C:\Users\chee3\IdeaProjects\idims\backend\app\core\middleware.py", line 136, in dispatch
    response = await call_next(request)
  File "C:\Users\chee3\IdeaProjects\idims\venv\lib\site-packages\starlette\middleware\base.py", line 84, in call_next
    raise app_exc
  File "C:\Users\chee3\IdeaProjects\idims\venv\lib\site-packages\starlette\middleware\base.py", line 70, in coro
    await self.app(scope, receive_or_disconnect, send_no_error)
  File "C:\Users\chee3\IdeaProjects\idims\venv\lib\site-packages\starlette\middleware\cors.py", line 91, in __call__
    await self.simple_response(scope, receive, send, request_headers=headers)
  File "C:\Users\chee3\IdeaProjects\idims\venv\lib\site-packages\starlette\middleware\cors.py", line 146, in simple_response
    await self.app(scope, receive, send)
  File "C:\Users\chee3\IdeaProjects\idims\venv\lib\site-packages\starlette\middleware\exceptions.py", line 79, in __call__
    raise exc
  File "C:\Users\chee3\IdeaProjects\idims\venv\lib\site-packages\starlette\middleware\exceptions.py", line 68, in __call__
    await self.app(scope, receive, sender)
  File "C:\Users\chee3\IdeaProjects\idims\venv\lib\site-packages\fastapi\middleware\asyncexitstack.py", line 20, in __call__
    raise e
  File "C:\Users\chee3\IdeaProjects\idims\venv\lib\site-packages\fastapi\middleware\asyncexitstack.py", line 17, in __call__
    await self.app(scope, receive, send)
  File "C:\Users\chee3\IdeaProjects\idims\venv\lib\site-packages\starlette\routing.py", line 718, in __call__
    await route.handle(scope, receive, send)
  File "C:\Users\chee3\IdeaProjects\idims\venv\lib\site-packages\starlette\routing.py", line 276, in handle
    await self.app(scope, receive, send)
  File "C:\Users\chee3\IdeaProjects\idims\venv\lib\site-packages\starlette\routing.py", line 66, in app
    response = await func(request)
  File "C:\Users\chee3\IdeaProjects\idims\venv\lib\site-packages\fastapi\routing.py", line 263, in app
    solved_result = await solve_dependencies(
  File "C:\Users\chee3\IdeaProjects\idims\venv\lib\site-packages\fastapi\dependencies\utils.py", line 584, in solve_dependencies
    solved = await call(**sub_values)
  File "C:\Users\chee3\IdeaProjects\idims\backend\app\routers\work_orders.py", line 22, in get_current_user_dependency
    return await auth_handler.get_current_user()
  File "C:\Users\chee3\IdeaProjects\idims\backend\app\core\auth.py", line 254, in get_current_user
    payload = jwt.decode(
  File "C:\Users\chee3\IdeaProjects\idims\venv\lib\site-packages\jose\jwt.py", line 142, in decode
    payload = jws.verify(token, key, algorithms, verify=verify_signature)
  File "C:\Users\chee3\IdeaProjects\idims\venv\lib\site-packages\jose\jws.py", line 70, in verify
    header, payload, signing_input, signature = _load(token)
  File "C:\Users\chee3\IdeaProjects\idims\venv\lib\site-packages\jose\jws.py", line 176, in _load
    signing_input, crypto_segment = jwt.rsplit(b".", 1)
AttributeError: 'Depends' object has no attribute 'rsplit'
2025-03-24 13:37:32 - app.core.middleware - INFO - Request d0125235-70bf-4bb3-9f89-cd153329905f completed: GET http://localhost:8000/api/work-orders?page=1&limit=10 - Status: 500 - Time: 0.0080s
2025-03-24 13:39:21 - app.core.middleware - INFO - Request 5d7ae512-1f21-48b7-9a57-50bea8059edb started: GET http://localhost:8000/api/dashboard/stats
2025-03-24 13:39:21 - app.routers.dashboard - INFO - Getting dashboard stats (unauthenticated)
2025-03-24 13:39:21 - sqlalchemy.engine.Engine - INFO - BEGIN (implicit)
2025-03-24 13:39:21 - sqlalchemy.engine.Engine - INFO - SELECT count(work_orders.id) AS count_1 
FROM work_orders
2025-03-24 13:39:21 - sqlalchemy.engine.Engine - INFO - [cached since 1070s ago] {}
2025-03-24 13:39:21 - sqlalchemy.engine.Engine - INFO - SELECT count(work_orders.id) AS count_1 
FROM work_orders 
WHERE work_orders.status IN (%(status_1_1)s, %(status_1_2)s)
2025-03-24 13:39:21 - sqlalchemy.engine.Engine - INFO - [cached since 1070s ago] {'status_1_1': 'pending', 'status_1_2': 'scheduled'}
2025-03-24 13:39:21 - sqlalchemy.engine.Engine - INFO - SELECT count(work_orders.id) AS count_1 
FROM work_orders 
WHERE work_orders.status = %(status_1)s
2025-03-24 13:39:21 - sqlalchemy.engine.Engine - INFO - [cached since 1070s ago] {'status_1': 'completed'}
2025-03-24 13:39:21 - sqlalchemy.engine.Engine - INFO - SELECT count(work_orders.id) AS count_1 
FROM work_orders 
WHERE work_orders.created_at >= %(created_at_1)s AND work_orders.created_at <= %(created_at_2)s
2025-03-24 13:39:21 - sqlalchemy.engine.Engine - INFO - [cached since 1070s ago] {'created_at_1': datetime.date(2025, 3, 1), 'created_at_2': datetime.date(2025, 3, 31)}
2025-03-24 13:39:21 - sqlalchemy.engine.Engine - INFO - SELECT count(work_orders.id) AS count_1 
FROM work_orders 
WHERE work_orders.created_at >= %(created_at_1)s AND work_orders.created_at < %(created_at_2)s
2025-03-24 13:39:21 - sqlalchemy.engine.Engine - INFO - [cached since 1070s ago] {'created_at_1': datetime.date(2025, 2, 1), 'created_at_2': datetime.date(2025, 3, 1)}
2025-03-24 13:39:21 - sqlalchemy.engine.Engine - INFO - SELECT sum(payments.amount) AS sum_1 
FROM payments 
WHERE payments.status = %(status_1)s AND payments.payment_date >= %(payment_date_1)s AND payments.payment_date <= %(payment_date_2)s
2025-03-24 13:39:21 - sqlalchemy.engine.Engine - INFO - [cached since 1070s ago] {'status_1': 'success', 'payment_date_1': datetime.date(2025, 3, 1), 'payment_date_2': datetime.date(2025, 3, 31)}
2025-03-24 13:39:21 - sqlalchemy.engine.Engine - INFO - SELECT sum(payments.amount) AS sum_1 
FROM payments 
WHERE payments.status = %(status_1)s AND payments.payment_date >= %(payment_date_1)s AND payments.payment_date < %(payment_date_2)s
2025-03-24 13:39:21 - sqlalchemy.engine.Engine - INFO - [cached since 1070s ago] {'status_1': 'success', 'payment_date_1': datetime.date(2025, 2, 1), 'payment_date_2': datetime.date(2025, 3, 1)}
2025-03-24 13:39:21 - sqlalchemy.engine.Engine - INFO - SELECT SUM(total) FROM invoices WHERE status IN ('sent', 'overdue')
2025-03-24 13:39:21 - sqlalchemy.engine.Engine - INFO - [cached since 1070s ago] {}
2025-03-24 13:39:21 - sqlalchemy.engine.Engine - INFO - SELECT count(invoices.id) AS count_1 
FROM invoices 
WHERE invoices.status = %(status_1)s
2025-03-24 13:39:21 - sqlalchemy.engine.Engine - INFO - [cached since 1070s ago] {'status_1': 'overdue'}
2025-03-24 13:39:21 - sqlalchemy.engine.Engine - INFO - SELECT count(clients.id) AS count_1 
FROM clients
2025-03-24 13:39:21 - sqlalchemy.engine.Engine - INFO - [cached since 1070s ago] {}
2025-03-24 13:39:21 - sqlalchemy.engine.Engine - INFO - SELECT count(clients.id) AS count_1 
FROM clients 
WHERE clients.status = %(status_1)s
2025-03-24 13:39:21 - sqlalchemy.engine.Engine - INFO - [cached since 1070s ago] {'status_1': 'active'}
2025-03-24 13:39:21 - sqlalchemy.engine.Engine - INFO - SELECT count(technicians.id) AS count_1 
FROM technicians
2025-03-24 13:39:21 - sqlalchemy.engine.Engine - INFO - [cached since 1070s ago] {}
2025-03-24 13:39:21 - sqlalchemy.engine.Engine - INFO - SELECT count(technicians.id) AS count_1 
FROM technicians 
WHERE technicians.status = %(status_1)s
2025-03-24 13:39:21 - sqlalchemy.engine.Engine - INFO - [cached since 1070s ago] {'status_1': 'active'}
2025-03-24 13:39:21 - app.core.middleware - INFO - Request 5d7ae512-1f21-48b7-9a57-50bea8059edb completed: GET http://localhost:8000/api/dashboard/stats - Status: 200 - Time: 0.0295s
2025-03-24 13:39:21 - sqlalchemy.engine.Engine - INFO - ROLLBACK
2025-03-24 13:39:21 - app.core.middleware - INFO - Request a83f068b-976d-4db9-a39a-756646bd6dad started: GET http://localhost:8000/api/dashboard/stats
2025-03-24 13:39:21 - app.routers.dashboard - INFO - Getting dashboard stats (unauthenticated)
2025-03-24 13:39:21 - sqlalchemy.engine.Engine - INFO - BEGIN (implicit)
2025-03-24 13:39:21 - sqlalchemy.engine.Engine - INFO - SELECT count(work_orders.id) AS count_1 
FROM work_orders
2025-03-24 13:39:21 - sqlalchemy.engine.Engine - INFO - [cached since 1070s ago] {}
2025-03-24 13:39:21 - sqlalchemy.engine.Engine - INFO - SELECT count(work_orders.id) AS count_1 
FROM work_orders 
WHERE work_orders.status IN (%(status_1_1)s, %(status_1_2)s)
2025-03-24 13:39:21 - sqlalchemy.engine.Engine - INFO - [cached since 1070s ago] {'status_1_1': 'pending', 'status_1_2': 'scheduled'}
2025-03-24 13:39:21 - sqlalchemy.engine.Engine - INFO - SELECT count(work_orders.id) AS count_1 
FROM work_orders 
WHERE work_orders.status = %(status_1)s
2025-03-24 13:39:21 - sqlalchemy.engine.Engine - INFO - [cached since 1070s ago] {'status_1': 'completed'}
2025-03-24 13:39:21 - sqlalchemy.engine.Engine - INFO - SELECT count(work_orders.id) AS count_1 
FROM work_orders 
WHERE work_orders.created_at >= %(created_at_1)s AND work_orders.created_at <= %(created_at_2)s
2025-03-24 13:39:21 - sqlalchemy.engine.Engine - INFO - [cached since 1070s ago] {'created_at_1': datetime.date(2025, 3, 1), 'created_at_2': datetime.date(2025, 3, 31)}
2025-03-24 13:39:21 - sqlalchemy.engine.Engine - INFO - SELECT count(work_orders.id) AS count_1 
FROM work_orders 
WHERE work_orders.created_at >= %(created_at_1)s AND work_orders.created_at < %(created_at_2)s
2025-03-24 13:39:21 - sqlalchemy.engine.Engine - INFO - [cached since 1070s ago] {'created_at_1': datetime.date(2025, 2, 1), 'created_at_2': datetime.date(2025, 3, 1)}
2025-03-24 13:39:21 - sqlalchemy.engine.Engine - INFO - SELECT sum(payments.amount) AS sum_1 
FROM payments 
WHERE payments.status = %(status_1)s AND payments.payment_date >= %(payment_date_1)s AND payments.payment_date <= %(payment_date_2)s
2025-03-24 13:39:21 - sqlalchemy.engine.Engine - INFO - [cached since 1070s ago] {'status_1': 'success', 'payment_date_1': datetime.date(2025, 3, 1), 'payment_date_2': datetime.date(2025, 3, 31)}
2025-03-24 13:39:21 - sqlalchemy.engine.Engine - INFO - SELECT sum(payments.amount) AS sum_1 
FROM payments 
WHERE payments.status = %(status_1)s AND payments.payment_date >= %(payment_date_1)s AND payments.payment_date < %(payment_date_2)s
2025-03-24 13:39:21 - sqlalchemy.engine.Engine - INFO - [cached since 1070s ago] {'status_1': 'success', 'payment_date_1': datetime.date(2025, 2, 1), 'payment_date_2': datetime.date(2025, 3, 1)}
2025-03-24 13:39:21 - sqlalchemy.engine.Engine - INFO - SELECT SUM(total) FROM invoices WHERE status IN ('sent', 'overdue')
2025-03-24 13:39:21 - sqlalchemy.engine.Engine - INFO - [cached since 1070s ago] {}
2025-03-24 13:39:21 - sqlalchemy.engine.Engine - INFO - SELECT count(invoices.id) AS count_1 
FROM invoices 
WHERE invoices.status = %(status_1)s
2025-03-24 13:39:21 - sqlalchemy.engine.Engine - INFO - [cached since 1070s ago] {'status_1': 'overdue'}
2025-03-24 13:39:21 - sqlalchemy.engine.Engine - INFO - SELECT count(clients.id) AS count_1 
FROM clients
2025-03-24 13:39:21 - sqlalchemy.engine.Engine - INFO - [cached since 1070s ago] {}
2025-03-24 13:39:21 - sqlalchemy.engine.Engine - INFO - SELECT count(clients.id) AS count_1 
FROM clients 
WHERE clients.status = %(status_1)s
2025-03-24 13:39:21 - sqlalchemy.engine.Engine - INFO - [cached since 1070s ago] {'status_1': 'active'}
2025-03-24 13:39:21 - sqlalchemy.engine.Engine - INFO - SELECT count(technicians.id) AS count_1 
FROM technicians
2025-03-24 13:39:21 - sqlalchemy.engine.Engine - INFO - [cached since 1070s ago] {}
2025-03-24 13:39:21 - sqlalchemy.engine.Engine - INFO - SELECT count(technicians.id) AS count_1 
FROM technicians 
WHERE technicians.status = %(status_1)s
2025-03-24 13:39:21 - sqlalchemy.engine.Engine - INFO - [cached since 1070s ago] {'status_1': 'active'}
2025-03-24 13:39:21 - app.core.middleware - INFO - Request a83f068b-976d-4db9-a39a-756646bd6dad completed: GET http://localhost:8000/api/dashboard/stats - Status: 200 - Time: 0.0300s
2025-03-24 13:39:21 - sqlalchemy.engine.Engine - INFO - ROLLBACK
2025-03-24 13:39:25 - app.core.middleware - INFO - Request aa908888-f38e-4b69-964a-1574c673f481 started: GET http://localhost:8000/api/work-orders?page=1&limit=10
2025-03-24 13:39:25 - app.core.middleware - ERROR - Unhandled error in request aa908888-f38e-4b69-964a-1574c673f481
Traceback (most recent call last):
  File "C:\Users\chee3\IdeaProjects\idims\venv\lib\site-packages\anyio\streams\memory.py", line 98, in receive
    return self.receive_nowait()
  File "C:\Users\chee3\IdeaProjects\idims\venv\lib\site-packages\anyio\streams\memory.py", line 93, in receive_nowait
    raise WouldBlock
anyio.WouldBlock

During handling of the above exception, another exception occurred:

Traceback (most recent call last):
  File "C:\Users\chee3\IdeaProjects\idims\venv\lib\site-packages\starlette\middleware\base.py", line 78, in call_next
    message = await recv_stream.receive()
  File "C:\Users\chee3\IdeaProjects\idims\venv\lib\site-packages\anyio\streams\memory.py", line 118, in receive
    raise EndOfStream
anyio.EndOfStream

During handling of the above exception, another exception occurred:

Traceback (most recent call last):
  File "C:\Users\chee3\IdeaProjects\idims\backend\app\core\middleware.py", line 62, in dispatch
    response = await call_next(request)
  File "C:\Users\chee3\IdeaProjects\idims\venv\lib\site-packages\starlette\middleware\base.py", line 84, in call_next
    raise app_exc
  File "C:\Users\chee3\IdeaProjects\idims\venv\lib\site-packages\starlette\middleware\base.py", line 70, in coro
    await self.app(scope, receive_or_disconnect, send_no_error)
  File "C:\Users\chee3\IdeaProjects\idims\venv\lib\site-packages\starlette\middleware\base.py", line 108, in __call__
    response = await self.dispatch_func(request, call_next)
  File "C:\Users\chee3\IdeaProjects\idims\backend\app\core\middleware.py", line 136, in dispatch
    response = await call_next(request)
  File "C:\Users\chee3\IdeaProjects\idims\venv\lib\site-packages\starlette\middleware\base.py", line 84, in call_next
    raise app_exc
  File "C:\Users\chee3\IdeaProjects\idims\venv\lib\site-packages\starlette\middleware\base.py", line 70, in coro
    await self.app(scope, receive_or_disconnect, send_no_error)
  File "C:\Users\chee3\IdeaProjects\idims\venv\lib\site-packages\starlette\middleware\cors.py", line 91, in __call__
    await self.simple_response(scope, receive, send, request_headers=headers)
  File "C:\Users\chee3\IdeaProjects\idims\venv\lib\site-packages\starlette\middleware\cors.py", line 146, in simple_response
    await self.app(scope, receive, send)
  File "C:\Users\chee3\IdeaProjects\idims\venv\lib\site-packages\starlette\middleware\exceptions.py", line 79, in __call__
    raise exc
  File "C:\Users\chee3\IdeaProjects\idims\venv\lib\site-packages\starlette\middleware\exceptions.py", line 68, in __call__
    await self.app(scope, receive, sender)
  File "C:\Users\chee3\IdeaProjects\idims\venv\lib\site-packages\fastapi\middleware\asyncexitstack.py", line 20, in __call__
    raise e
  File "C:\Users\chee3\IdeaProjects\idims\venv\lib\site-packages\fastapi\middleware\asyncexitstack.py", line 17, in __call__
    await self.app(scope, receive, send)
  File "C:\Users\chee3\IdeaProjects\idims\venv\lib\site-packages\starlette\routing.py", line 718, in __call__
    await route.handle(scope, receive, send)
  File "C:\Users\chee3\IdeaProjects\idims\venv\lib\site-packages\starlette\routing.py", line 276, in handle
    await self.app(scope, receive, send)
  File "C:\Users\chee3\IdeaProjects\idims\venv\lib\site-packages\starlette\routing.py", line 66, in app
    response = await func(request)
  File "C:\Users\chee3\IdeaProjects\idims\venv\lib\site-packages\fastapi\routing.py", line 263, in app
    solved_result = await solve_dependencies(
  File "C:\Users\chee3\IdeaProjects\idims\venv\lib\site-packages\fastapi\dependencies\utils.py", line 584, in solve_dependencies
    solved = await call(**sub_values)
  File "C:\Users\chee3\IdeaProjects\idims\backend\app\routers\work_orders.py", line 22, in get_current_user_dependency
    return await auth_handler.get_current_user()
  File "C:\Users\chee3\IdeaProjects\idims\backend\app\core\auth.py", line 254, in get_current_user
    payload = jwt.decode(
  File "C:\Users\chee3\IdeaProjects\idims\venv\lib\site-packages\jose\jwt.py", line 142, in decode
    payload = jws.verify(token, key, algorithms, verify=verify_signature)
  File "C:\Users\chee3\IdeaProjects\idims\venv\lib\site-packages\jose\jws.py", line 70, in verify
    header, payload, signing_input, signature = _load(token)
  File "C:\Users\chee3\IdeaProjects\idims\venv\lib\site-packages\jose\jws.py", line 176, in _load
    signing_input, crypto_segment = jwt.rsplit(b".", 1)
AttributeError: 'Depends' object has no attribute 'rsplit'
2025-03-24 13:39:25 - app.core.middleware - INFO - Request aa908888-f38e-4b69-964a-1574c673f481 completed: GET http://localhost:8000/api/work-orders?page=1&limit=10 - Status: 500 - Time: 0.0080s
2025-03-24 13:39:26 - app.core.middleware - INFO - Request 2cfd6cae-d590-4ce7-9553-2b8bb6131bc5 started: GET http://localhost:8000/api/work-orders?page=1&limit=10
2025-03-24 13:39:26 - app.core.middleware - ERROR - Unhandled error in request 2cfd6cae-d590-4ce7-9553-2b8bb6131bc5
Traceback (most recent call last):
  File "C:\Users\chee3\IdeaProjects\idims\venv\lib\site-packages\anyio\streams\memory.py", line 98, in receive
    return self.receive_nowait()
  File "C:\Users\chee3\IdeaProjects\idims\venv\lib\site-packages\anyio\streams\memory.py", line 93, in receive_nowait
    raise WouldBlock
anyio.WouldBlock

During handling of the above exception, another exception occurred:

Traceback (most recent call last):
  File "C:\Users\chee3\IdeaProjects\idims\venv\lib\site-packages\starlette\middleware\base.py", line 78, in call_next
    message = await recv_stream.receive()
  File "C:\Users\chee3\IdeaProjects\idims\venv\lib\site-packages\anyio\streams\memory.py", line 118, in receive
    raise EndOfStream
anyio.EndOfStream

During handling of the above exception, another exception occurred:

Traceback (most recent call last):
  File "C:\Users\chee3\IdeaProjects\idims\backend\app\core\middleware.py", line 62, in dispatch
    response = await call_next(request)
  File "C:\Users\chee3\IdeaProjects\idims\venv\lib\site-packages\starlette\middleware\base.py", line 84, in call_next
    raise app_exc
  File "C:\Users\chee3\IdeaProjects\idims\venv\lib\site-packages\starlette\middleware\base.py", line 70, in coro
    await self.app(scope, receive_or_disconnect, send_no_error)
  File "C:\Users\chee3\IdeaProjects\idims\venv\lib\site-packages\starlette\middleware\base.py", line 108, in __call__
    response = await self.dispatch_func(request, call_next)
  File "C:\Users\chee3\IdeaProjects\idims\backend\app\core\middleware.py", line 136, in dispatch
    response = await call_next(request)
  File "C:\Users\chee3\IdeaProjects\idims\venv\lib\site-packages\starlette\middleware\base.py", line 84, in call_next
    raise app_exc
  File "C:\Users\chee3\IdeaProjects\idims\venv\lib\site-packages\starlette\middleware\base.py", line 70, in coro
    await self.app(scope, receive_or_disconnect, send_no_error)
  File "C:\Users\chee3\IdeaProjects\idims\venv\lib\site-packages\starlette\middleware\cors.py", line 91, in __call__
    await self.simple_response(scope, receive, send, request_headers=headers)
  File "C:\Users\chee3\IdeaProjects\idims\venv\lib\site-packages\starlette\middleware\cors.py", line 146, in simple_response
    await self.app(scope, receive, send)
  File "C:\Users\chee3\IdeaProjects\idims\venv\lib\site-packages\starlette\middleware\exceptions.py", line 79, in __call__
    raise exc
  File "C:\Users\chee3\IdeaProjects\idims\venv\lib\site-packages\starlette\middleware\exceptions.py", line 68, in __call__
    await self.app(scope, receive, sender)
  File "C:\Users\chee3\IdeaProjects\idims\venv\lib\site-packages\fastapi\middleware\asyncexitstack.py", line 20, in __call__
    raise e
  File "C:\Users\chee3\IdeaProjects\idims\venv\lib\site-packages\fastapi\middleware\asyncexitstack.py", line 17, in __call__
    await self.app(scope, receive, send)
  File "C:\Users\chee3\IdeaProjects\idims\venv\lib\site-packages\starlette\routing.py", line 718, in __call__
    await route.handle(scope, receive, send)
  File "C:\Users\chee3\IdeaProjects\idims\venv\lib\site-packages\starlette\routing.py", line 276, in handle
    await self.app(scope, receive, send)
  File "C:\Users\chee3\IdeaProjects\idims\venv\lib\site-packages\starlette\routing.py", line 66, in app
    response = await func(request)
  File "C:\Users\chee3\IdeaProjects\idims\venv\lib\site-packages\fastapi\routing.py", line 263, in app
    solved_result = await solve_dependencies(
  File "C:\Users\chee3\IdeaProjects\idims\venv\lib\site-packages\fastapi\dependencies\utils.py", line 584, in solve_dependencies
    solved = await call(**sub_values)
  File "C:\Users\chee3\IdeaProjects\idims\backend\app\routers\work_orders.py", line 22, in get_current_user_dependency
    return await auth_handler.get_current_user()
  File "C:\Users\chee3\IdeaProjects\idims\backend\app\core\auth.py", line 254, in get_current_user
    payload = jwt.decode(
  File "C:\Users\chee3\IdeaProjects\idims\venv\lib\site-packages\jose\jwt.py", line 142, in decode
    payload = jws.verify(token, key, algorithms, verify=verify_signature)
  File "C:\Users\chee3\IdeaProjects\idims\venv\lib\site-packages\jose\jws.py", line 70, in verify
    header, payload, signing_input, signature = _load(token)
  File "C:\Users\chee3\IdeaProjects\idims\venv\lib\site-packages\jose\jws.py", line 176, in _load
    signing_input, crypto_segment = jwt.rsplit(b".", 1)
AttributeError: 'Depends' object has no attribute 'rsplit'
2025-03-24 13:39:26 - app.core.middleware - INFO - Request 2cfd6cae-d590-4ce7-9553-2b8bb6131bc5 completed: GET http://localhost:8000/api/work-orders?page=1&limit=10 - Status: 500 - Time: 0.0085s
2025-03-24 13:39:28 - app.core.middleware - INFO - Request d80c62ab-c779-4256-bb89-66578666954b started: GET http://localhost:8000/api/clients?limit=100
2025-03-24 13:39:28 - app.core.middleware - INFO - Request 3eef0711-6fa4-480a-a963-2d7e63bfe3b4 started: GET http://localhost:8000/api/technicians?limit=100
2025-03-24 13:39:28 - app.core.middleware - INFO - Request 7e229e50-f296-4b9b-9259-1201cb5ed0f1 started: GET http://localhost:8000/api/services?limit=100
2025-03-24 13:39:28 - app.core.middleware - ERROR - Unhandled error in request d80c62ab-c779-4256-bb89-66578666954b
Traceback (most recent call last):
  File "C:\Users\chee3\IdeaProjects\idims\venv\lib\site-packages\anyio\streams\memory.py", line 98, in receive
    return self.receive_nowait()
  File "C:\Users\chee3\IdeaProjects\idims\venv\lib\site-packages\anyio\streams\memory.py", line 93, in receive_nowait
    raise WouldBlock
anyio.WouldBlock

During handling of the above exception, another exception occurred:

Traceback (most recent call last):
  File "C:\Users\chee3\IdeaProjects\idims\venv\lib\site-packages\starlette\middleware\base.py", line 78, in call_next
    message = await recv_stream.receive()
  File "C:\Users\chee3\IdeaProjects\idims\venv\lib\site-packages\anyio\streams\memory.py", line 118, in receive
    raise EndOfStream
anyio.EndOfStream

During handling of the above exception, another exception occurred:

Traceback (most recent call last):
  File "C:\Users\chee3\IdeaProjects\idims\backend\app\core\middleware.py", line 62, in dispatch
    response = await call_next(request)
  File "C:\Users\chee3\IdeaProjects\idims\venv\lib\site-packages\starlette\middleware\base.py", line 84, in call_next
    raise app_exc
  File "C:\Users\chee3\IdeaProjects\idims\venv\lib\site-packages\starlette\middleware\base.py", line 70, in coro
    await self.app(scope, receive_or_disconnect, send_no_error)
  File "C:\Users\chee3\IdeaProjects\idims\venv\lib\site-packages\starlette\middleware\base.py", line 108, in __call__
    response = await self.dispatch_func(request, call_next)
  File "C:\Users\chee3\IdeaProjects\idims\backend\app\core\middleware.py", line 136, in dispatch
    response = await call_next(request)
  File "C:\Users\chee3\IdeaProjects\idims\venv\lib\site-packages\starlette\middleware\base.py", line 84, in call_next
    raise app_exc
  File "C:\Users\chee3\IdeaProjects\idims\venv\lib\site-packages\starlette\middleware\base.py", line 70, in coro
    await self.app(scope, receive_or_disconnect, send_no_error)
  File "C:\Users\chee3\IdeaProjects\idims\venv\lib\site-packages\starlette\middleware\cors.py", line 91, in __call__
    await self.simple_response(scope, receive, send, request_headers=headers)
  File "C:\Users\chee3\IdeaProjects\idims\venv\lib\site-packages\starlette\middleware\cors.py", line 146, in simple_response
    await self.app(scope, receive, send)
  File "C:\Users\chee3\IdeaProjects\idims\venv\lib\site-packages\starlette\middleware\exceptions.py", line 79, in __call__
    raise exc
  File "C:\Users\chee3\IdeaProjects\idims\venv\lib\site-packages\starlette\middleware\exceptions.py", line 68, in __call__
    await self.app(scope, receive, sender)
  File "C:\Users\chee3\IdeaProjects\idims\venv\lib\site-packages\fastapi\middleware\asyncexitstack.py", line 20, in __call__
    raise e
  File "C:\Users\chee3\IdeaProjects\idims\venv\lib\site-packages\fastapi\middleware\asyncexitstack.py", line 17, in __call__
    await self.app(scope, receive, send)
  File "C:\Users\chee3\IdeaProjects\idims\venv\lib\site-packages\starlette\routing.py", line 718, in __call__
    await route.handle(scope, receive, send)
  File "C:\Users\chee3\IdeaProjects\idims\venv\lib\site-packages\starlette\routing.py", line 276, in handle
    await self.app(scope, receive, send)
  File "C:\Users\chee3\IdeaProjects\idims\venv\lib\site-packages\starlette\routing.py", line 66, in app
    response = await func(request)
  File "C:\Users\chee3\IdeaProjects\idims\venv\lib\site-packages\fastapi\routing.py", line 263, in app
    solved_result = await solve_dependencies(
  File "C:\Users\chee3\IdeaProjects\idims\venv\lib\site-packages\fastapi\dependencies\utils.py", line 584, in solve_dependencies
    solved = await call(**sub_values)
  File "C:\Users\chee3\IdeaProjects\idims\backend\app\routers\clients.py", line 21, in get_current_user_dependency
    return await auth_handler.get_current_user()
  File "C:\Users\chee3\IdeaProjects\idims\backend\app\core\auth.py", line 254, in get_current_user
    payload = jwt.decode(
  File "C:\Users\chee3\IdeaProjects\idims\venv\lib\site-packages\jose\jwt.py", line 142, in decode
    payload = jws.verify(token, key, algorithms, verify=verify_signature)
  File "C:\Users\chee3\IdeaProjects\idims\venv\lib\site-packages\jose\jws.py", line 70, in verify
    header, payload, signing_input, signature = _load(token)
  File "C:\Users\chee3\IdeaProjects\idims\venv\lib\site-packages\jose\jws.py", line 176, in _load
    signing_input, crypto_segment = jwt.rsplit(b".", 1)
AttributeError: 'Depends' object has no attribute 'rsplit'
2025-03-24 13:39:28 - app.core.middleware - ERROR - Unhandled error in request 3eef0711-6fa4-480a-a963-2d7e63bfe3b4
Traceback (most recent call last):
  File "C:\Users\chee3\IdeaProjects\idims\venv\lib\site-packages\anyio\streams\memory.py", line 98, in receive
    return self.receive_nowait()
  File "C:\Users\chee3\IdeaProjects\idims\venv\lib\site-packages\anyio\streams\memory.py", line 93, in receive_nowait
    raise WouldBlock
anyio.WouldBlock

During handling of the above exception, another exception occurred:

Traceback (most recent call last):
  File "C:\Users\chee3\IdeaProjects\idims\venv\lib\site-packages\starlette\middleware\base.py", line 78, in call_next
    message = await recv_stream.receive()
  File "C:\Users\chee3\IdeaProjects\idims\venv\lib\site-packages\anyio\streams\memory.py", line 118, in receive
    raise EndOfStream
anyio.EndOfStream

During handling of the above exception, another exception occurred:

Traceback (most recent call last):
  File "C:\Users\chee3\IdeaProjects\idims\backend\app\core\middleware.py", line 62, in dispatch
    response = await call_next(request)
  File "C:\Users\chee3\IdeaProjects\idims\venv\lib\site-packages\starlette\middleware\base.py", line 84, in call_next
    raise app_exc
  File "C:\Users\chee3\IdeaProjects\idims\venv\lib\site-packages\starlette\middleware\base.py", line 70, in coro
    await self.app(scope, receive_or_disconnect, send_no_error)
  File "C:\Users\chee3\IdeaProjects\idims\venv\lib\site-packages\starlette\middleware\base.py", line 108, in __call__
    response = await self.dispatch_func(request, call_next)
  File "C:\Users\chee3\IdeaProjects\idims\backend\app\core\middleware.py", line 136, in dispatch
    response = await call_next(request)
  File "C:\Users\chee3\IdeaProjects\idims\venv\lib\site-packages\starlette\middleware\base.py", line 84, in call_next
    raise app_exc
  File "C:\Users\chee3\IdeaProjects\idims\venv\lib\site-packages\starlette\middleware\base.py", line 70, in coro
    await self.app(scope, receive_or_disconnect, send_no_error)
  File "C:\Users\chee3\IdeaProjects\idims\venv\lib\site-packages\starlette\middleware\cors.py", line 91, in __call__
    await self.simple_response(scope, receive, send, request_headers=headers)
  File "C:\Users\chee3\IdeaProjects\idims\venv\lib\site-packages\starlette\middleware\cors.py", line 146, in simple_response
    await self.app(scope, receive, send)
  File "C:\Users\chee3\IdeaProjects\idims\venv\lib\site-packages\starlette\middleware\exceptions.py", line 79, in __call__
    raise exc
  File "C:\Users\chee3\IdeaProjects\idims\venv\lib\site-packages\starlette\middleware\exceptions.py", line 68, in __call__
    await self.app(scope, receive, sender)
  File "C:\Users\chee3\IdeaProjects\idims\venv\lib\site-packages\fastapi\middleware\asyncexitstack.py", line 20, in __call__
    raise e
  File "C:\Users\chee3\IdeaProjects\idims\venv\lib\site-packages\fastapi\middleware\asyncexitstack.py", line 17, in __call__
    await self.app(scope, receive, send)
  File "C:\Users\chee3\IdeaProjects\idims\venv\lib\site-packages\starlette\routing.py", line 718, in __call__
    await route.handle(scope, receive, send)
  File "C:\Users\chee3\IdeaProjects\idims\venv\lib\site-packages\starlette\routing.py", line 276, in handle
    await self.app(scope, receive, send)
  File "C:\Users\chee3\IdeaProjects\idims\venv\lib\site-packages\starlette\routing.py", line 66, in app
    response = await func(request)
  File "C:\Users\chee3\IdeaProjects\idims\venv\lib\site-packages\fastapi\routing.py", line 263, in app
    solved_result = await solve_dependencies(
  File "C:\Users\chee3\IdeaProjects\idims\venv\lib\site-packages\fastapi\dependencies\utils.py", line 584, in solve_dependencies
    solved = await call(**sub_values)
  File "C:\Users\chee3\IdeaProjects\idims\backend\app\routers\technicians.py", line 21, in get_current_user_dependency
    return await auth_handler.get_current_user()
  File "C:\Users\chee3\IdeaProjects\idims\backend\app\core\auth.py", line 254, in get_current_user
    payload = jwt.decode(
  File "C:\Users\chee3\IdeaProjects\idims\venv\lib\site-packages\jose\jwt.py", line 142, in decode
    payload = jws.verify(token, key, algorithms, verify=verify_signature)
  File "C:\Users\chee3\IdeaProjects\idims\venv\lib\site-packages\jose\jws.py", line 70, in verify
    header, payload, signing_input, signature = _load(token)
  File "C:\Users\chee3\IdeaProjects\idims\venv\lib\site-packages\jose\jws.py", line 176, in _load
    signing_input, crypto_segment = jwt.rsplit(b".", 1)
AttributeError: 'Depends' object has no attribute 'rsplit'
2025-03-24 13:39:28 - app.core.middleware - INFO - Request d80c62ab-c779-4256-bb89-66578666954b completed: GET http://localhost:8000/api/clients?limit=100 - Status: 500 - Time: 0.0205s
2025-03-24 13:39:28 - app.core.middleware - INFO - Request 3eef0711-6fa4-480a-a963-2d7e63bfe3b4 completed: GET http://localhost:8000/api/technicians?limit=100 - Status: 500 - Time: 0.0190s
2025-03-24 13:39:28 - app.core.middleware - INFO - Request 7e229e50-f296-4b9b-9259-1201cb5ed0f1 completed: GET http://localhost:8000/api/services?limit=100 - Status: 404 - Time: 0.0180s
2025-03-24 13:39:28 - app.core.middleware - INFO - Request 3ad99e7c-f651-43bb-8e9b-62ff4dfab87a started: GET http://localhost:8000/api/clients?limit=100
2025-03-24 13:39:28 - app.core.middleware - INFO - Request 656ed503-45ff-4ca3-a70a-b0f2a2445d93 started: GET http://localhost:8000/api/technicians?limit=100
2025-03-24 13:39:28 - app.core.middleware - ERROR - Unhandled error in request 3ad99e7c-f651-43bb-8e9b-62ff4dfab87a
Traceback (most recent call last):
  File "C:\Users\chee3\IdeaProjects\idims\venv\lib\site-packages\anyio\streams\memory.py", line 98, in receive
    return self.receive_nowait()
  File "C:\Users\chee3\IdeaProjects\idims\venv\lib\site-packages\anyio\streams\memory.py", line 93, in receive_nowait
    raise WouldBlock
anyio.WouldBlock

During handling of the above exception, another exception occurred:

Traceback (most recent call last):
  File "C:\Users\chee3\IdeaProjects\idims\venv\lib\site-packages\starlette\middleware\base.py", line 78, in call_next
    message = await recv_stream.receive()
  File "C:\Users\chee3\IdeaProjects\idims\venv\lib\site-packages\anyio\streams\memory.py", line 118, in receive
    raise EndOfStream
anyio.EndOfStream

During handling of the above exception, another exception occurred:

Traceback (most recent call last):
  File "C:\Users\chee3\IdeaProjects\idims\backend\app\core\middleware.py", line 62, in dispatch
    response = await call_next(request)
  File "C:\Users\chee3\IdeaProjects\idims\venv\lib\site-packages\starlette\middleware\base.py", line 84, in call_next
    raise app_exc
  File "C:\Users\chee3\IdeaProjects\idims\venv\lib\site-packages\starlette\middleware\base.py", line 70, in coro
    await self.app(scope, receive_or_disconnect, send_no_error)
  File "C:\Users\chee3\IdeaProjects\idims\venv\lib\site-packages\starlette\middleware\base.py", line 108, in __call__
    response = await self.dispatch_func(request, call_next)
  File "C:\Users\chee3\IdeaProjects\idims\backend\app\core\middleware.py", line 136, in dispatch
    response = await call_next(request)
  File "C:\Users\chee3\IdeaProjects\idims\venv\lib\site-packages\starlette\middleware\base.py", line 84, in call_next
    raise app_exc
  File "C:\Users\chee3\IdeaProjects\idims\venv\lib\site-packages\starlette\middleware\base.py", line 70, in coro
    await self.app(scope, receive_or_disconnect, send_no_error)
  File "C:\Users\chee3\IdeaProjects\idims\venv\lib\site-packages\starlette\middleware\cors.py", line 91, in __call__
    await self.simple_response(scope, receive, send, request_headers=headers)
  File "C:\Users\chee3\IdeaProjects\idims\venv\lib\site-packages\starlette\middleware\cors.py", line 146, in simple_response
    await self.app(scope, receive, send)
  File "C:\Users\chee3\IdeaProjects\idims\venv\lib\site-packages\starlette\middleware\exceptions.py", line 79, in __call__
    raise exc
  File "C:\Users\chee3\IdeaProjects\idims\venv\lib\site-packages\starlette\middleware\exceptions.py", line 68, in __call__
    await self.app(scope, receive, sender)
  File "C:\Users\chee3\IdeaProjects\idims\venv\lib\site-packages\fastapi\middleware\asyncexitstack.py", line 20, in __call__
    raise e
  File "C:\Users\chee3\IdeaProjects\idims\venv\lib\site-packages\fastapi\middleware\asyncexitstack.py", line 17, in __call__
    await self.app(scope, receive, send)
  File "C:\Users\chee3\IdeaProjects\idims\venv\lib\site-packages\starlette\routing.py", line 718, in __call__
    await route.handle(scope, receive, send)
  File "C:\Users\chee3\IdeaProjects\idims\venv\lib\site-packages\starlette\routing.py", line 276, in handle
    await self.app(scope, receive, send)
  File "C:\Users\chee3\IdeaProjects\idims\venv\lib\site-packages\starlette\routing.py", line 66, in app
    response = await func(request)
  File "C:\Users\chee3\IdeaProjects\idims\venv\lib\site-packages\fastapi\routing.py", line 263, in app
    solved_result = await solve_dependencies(
  File "C:\Users\chee3\IdeaProjects\idims\venv\lib\site-packages\fastapi\dependencies\utils.py", line 584, in solve_dependencies
    solved = await call(**sub_values)
  File "C:\Users\chee3\IdeaProjects\idims\backend\app\routers\clients.py", line 21, in get_current_user_dependency
    return await auth_handler.get_current_user()
  File "C:\Users\chee3\IdeaProjects\idims\backend\app\core\auth.py", line 254, in get_current_user
    payload = jwt.decode(
  File "C:\Users\chee3\IdeaProjects\idims\venv\lib\site-packages\jose\jwt.py", line 142, in decode
    payload = jws.verify(token, key, algorithms, verify=verify_signature)
  File "C:\Users\chee3\IdeaProjects\idims\venv\lib\site-packages\jose\jws.py", line 70, in verify
    header, payload, signing_input, signature = _load(token)
  File "C:\Users\chee3\IdeaProjects\idims\venv\lib\site-packages\jose\jws.py", line 176, in _load
    signing_input, crypto_segment = jwt.rsplit(b".", 1)
AttributeError: 'Depends' object has no attribute 'rsplit'
2025-03-24 13:39:28 - app.core.middleware - ERROR - Unhandled error in request 656ed503-45ff-4ca3-a70a-b0f2a2445d93
Traceback (most recent call last):
  File "C:\Users\chee3\IdeaProjects\idims\venv\lib\site-packages\anyio\streams\memory.py", line 98, in receive
    return self.receive_nowait()
  File "C:\Users\chee3\IdeaProjects\idims\venv\lib\site-packages\anyio\streams\memory.py", line 93, in receive_nowait
    raise WouldBlock
anyio.WouldBlock

During handling of the above exception, another exception occurred:

Traceback (most recent call last):
  File "C:\Users\chee3\IdeaProjects\idims\venv\lib\site-packages\starlette\middleware\base.py", line 78, in call_next
    message = await recv_stream.receive()
  File "C:\Users\chee3\IdeaProjects\idims\venv\lib\site-packages\anyio\streams\memory.py", line 118, in receive
    raise EndOfStream
anyio.EndOfStream

During handling of the above exception, another exception occurred:

Traceback (most recent call last):
  File "C:\Users\chee3\IdeaProjects\idims\backend\app\core\middleware.py", line 62, in dispatch
    response = await call_next(request)
  File "C:\Users\chee3\IdeaProjects\idims\venv\lib\site-packages\starlette\middleware\base.py", line 84, in call_next
    raise app_exc
  File "C:\Users\chee3\IdeaProjects\idims\venv\lib\site-packages\starlette\middleware\base.py", line 70, in coro
    await self.app(scope, receive_or_disconnect, send_no_error)
  File "C:\Users\chee3\IdeaProjects\idims\venv\lib\site-packages\starlette\middleware\base.py", line 108, in __call__
    response = await self.dispatch_func(request, call_next)
  File "C:\Users\chee3\IdeaProjects\idims\backend\app\core\middleware.py", line 136, in dispatch
    response = await call_next(request)
  File "C:\Users\chee3\IdeaProjects\idims\venv\lib\site-packages\starlette\middleware\base.py", line 84, in call_next
    raise app_exc
  File "C:\Users\chee3\IdeaProjects\idims\venv\lib\site-packages\starlette\middleware\base.py", line 70, in coro
    await self.app(scope, receive_or_disconnect, send_no_error)
  File "C:\Users\chee3\IdeaProjects\idims\venv\lib\site-packages\starlette\middleware\cors.py", line 91, in __call__
    await self.simple_response(scope, receive, send, request_headers=headers)
  File "C:\Users\chee3\IdeaProjects\idims\venv\lib\site-packages\starlette\middleware\cors.py", line 146, in simple_response
    await self.app(scope, receive, send)
  File "C:\Users\chee3\IdeaProjects\idims\venv\lib\site-packages\starlette\middleware\exceptions.py", line 79, in __call__
    raise exc
  File "C:\Users\chee3\IdeaProjects\idims\venv\lib\site-packages\starlette\middleware\exceptions.py", line 68, in __call__
    await self.app(scope, receive, sender)
  File "C:\Users\chee3\IdeaProjects\idims\venv\lib\site-packages\fastapi\middleware\asyncexitstack.py", line 20, in __call__
    raise e
  File "C:\Users\chee3\IdeaProjects\idims\venv\lib\site-packages\fastapi\middleware\asyncexitstack.py", line 17, in __call__
    await self.app(scope, receive, send)
  File "C:\Users\chee3\IdeaProjects\idims\venv\lib\site-packages\starlette\routing.py", line 718, in __call__
    await route.handle(scope, receive, send)
  File "C:\Users\chee3\IdeaProjects\idims\venv\lib\site-packages\starlette\routing.py", line 276, in handle
    await self.app(scope, receive, send)
  File "C:\Users\chee3\IdeaProjects\idims\venv\lib\site-packages\starlette\routing.py", line 66, in app
    response = await func(request)
  File "C:\Users\chee3\IdeaProjects\idims\venv\lib\site-packages\fastapi\routing.py", line 263, in app
    solved_result = await solve_dependencies(
  File "C:\Users\chee3\IdeaProjects\idims\venv\lib\site-packages\fastapi\dependencies\utils.py", line 584, in solve_dependencies
    solved = await call(**sub_values)
  File "C:\Users\chee3\IdeaProjects\idims\backend\app\routers\technicians.py", line 21, in get_current_user_dependency
    return await auth_handler.get_current_user()
  File "C:\Users\chee3\IdeaProjects\idims\backend\app\core\auth.py", line 254, in get_current_user
    payload = jwt.decode(
  File "C:\Users\chee3\IdeaProjects\idims\venv\lib\site-packages\jose\jwt.py", line 142, in decode
    payload = jws.verify(token, key, algorithms, verify=verify_signature)
  File "C:\Users\chee3\IdeaProjects\idims\venv\lib\site-packages\jose\jws.py", line 70, in verify
    header, payload, signing_input, signature = _load(token)
  File "C:\Users\chee3\IdeaProjects\idims\venv\lib\site-packages\jose\jws.py", line 176, in _load
    signing_input, crypto_segment = jwt.rsplit(b".", 1)
AttributeError: 'Depends' object has no attribute 'rsplit'
2025-03-24 13:39:28 - app.core.middleware - INFO - Request 3ad99e7c-f651-43bb-8e9b-62ff4dfab87a completed: GET http://localhost:8000/api/clients?limit=100 - Status: 500 - Time: 0.0155s
2025-03-24 13:39:28 - app.core.middleware - INFO - Request 656ed503-45ff-4ca3-a70a-b0f2a2445d93 completed: GET http://localhost:8000/api/technicians?limit=100 - Status: 500 - Time: 0.0155s
2025-03-24 13:39:28 - app.core.middleware - INFO - Request 1337d30b-cb1d-492a-aa11-58f150d96b9d started: GET http://localhost:8000/api/clients?limit=100
2025-03-24 13:39:28 - app.core.middleware - INFO - Request 6b2a7e21-b5c8-4436-85a4-025f64eb4fc1 started: GET http://localhost:8000/api/technicians?limit=100
2025-03-24 13:39:28 - app.core.middleware - INFO - Request 30a395f3-6da9-4ae1-86e3-fa8d6c1bdadd started: GET http://localhost:8000/api/services?limit=100
2025-03-24 13:39:28 - app.core.middleware - ERROR - Unhandled error in request 1337d30b-cb1d-492a-aa11-58f150d96b9d
Traceback (most recent call last):
  File "C:\Users\chee3\IdeaProjects\idims\venv\lib\site-packages\anyio\streams\memory.py", line 98, in receive
    return self.receive_nowait()
  File "C:\Users\chee3\IdeaProjects\idims\venv\lib\site-packages\anyio\streams\memory.py", line 93, in receive_nowait
    raise WouldBlock
anyio.WouldBlock

During handling of the above exception, another exception occurred:

Traceback (most recent call last):
  File "C:\Users\chee3\IdeaProjects\idims\venv\lib\site-packages\starlette\middleware\base.py", line 78, in call_next
    message = await recv_stream.receive()
  File "C:\Users\chee3\IdeaProjects\idims\venv\lib\site-packages\anyio\streams\memory.py", line 118, in receive
    raise EndOfStream
anyio.EndOfStream

During handling of the above exception, another exception occurred:

Traceback (most recent call last):
  File "C:\Users\chee3\IdeaProjects\idims\backend\app\core\middleware.py", line 62, in dispatch
    response = await call_next(request)
  File "C:\Users\chee3\IdeaProjects\idims\venv\lib\site-packages\starlette\middleware\base.py", line 84, in call_next
    raise app_exc
  File "C:\Users\chee3\IdeaProjects\idims\venv\lib\site-packages\starlette\middleware\base.py", line 70, in coro
    await self.app(scope, receive_or_disconnect, send_no_error)
  File "C:\Users\chee3\IdeaProjects\idims\venv\lib\site-packages\starlette\middleware\base.py", line 108, in __call__
    response = await self.dispatch_func(request, call_next)
  File "C:\Users\chee3\IdeaProjects\idims\backend\app\core\middleware.py", line 136, in dispatch
    response = await call_next(request)
  File "C:\Users\chee3\IdeaProjects\idims\venv\lib\site-packages\starlette\middleware\base.py", line 84, in call_next
    raise app_exc
  File "C:\Users\chee3\IdeaProjects\idims\venv\lib\site-packages\starlette\middleware\base.py", line 70, in coro
    await self.app(scope, receive_or_disconnect, send_no_error)
  File "C:\Users\chee3\IdeaProjects\idims\venv\lib\site-packages\starlette\middleware\cors.py", line 91, in __call__
    await self.simple_response(scope, receive, send, request_headers=headers)
  File "C:\Users\chee3\IdeaProjects\idims\venv\lib\site-packages\starlette\middleware\cors.py", line 146, in simple_response
    await self.app(scope, receive, send)
  File "C:\Users\chee3\IdeaProjects\idims\venv\lib\site-packages\starlette\middleware\exceptions.py", line 79, in __call__
    raise exc
  File "C:\Users\chee3\IdeaProjects\idims\venv\lib\site-packages\starlette\middleware\exceptions.py", line 68, in __call__
    await self.app(scope, receive, sender)
  File "C:\Users\chee3\IdeaProjects\idims\venv\lib\site-packages\fastapi\middleware\asyncexitstack.py", line 20, in __call__
    raise e
  File "C:\Users\chee3\IdeaProjects\idims\venv\lib\site-packages\fastapi\middleware\asyncexitstack.py", line 17, in __call__
    await self.app(scope, receive, send)
  File "C:\Users\chee3\IdeaProjects\idims\venv\lib\site-packages\starlette\routing.py", line 718, in __call__
    await route.handle(scope, receive, send)
  File "C:\Users\chee3\IdeaProjects\idims\venv\lib\site-packages\starlette\routing.py", line 276, in handle
    await self.app(scope, receive, send)
  File "C:\Users\chee3\IdeaProjects\idims\venv\lib\site-packages\starlette\routing.py", line 66, in app
    response = await func(request)
  File "C:\Users\chee3\IdeaProjects\idims\venv\lib\site-packages\fastapi\routing.py", line 263, in app
    solved_result = await solve_dependencies(
  File "C:\Users\chee3\IdeaProjects\idims\venv\lib\site-packages\fastapi\dependencies\utils.py", line 584, in solve_dependencies
    solved = await call(**sub_values)
  File "C:\Users\chee3\IdeaProjects\idims\backend\app\routers\clients.py", line 21, in get_current_user_dependency
    return await auth_handler.get_current_user()
  File "C:\Users\chee3\IdeaProjects\idims\backend\app\core\auth.py", line 254, in get_current_user
    payload = jwt.decode(
  File "C:\Users\chee3\IdeaProjects\idims\venv\lib\site-packages\jose\jwt.py", line 142, in decode
    payload = jws.verify(token, key, algorithms, verify=verify_signature)
  File "C:\Users\chee3\IdeaProjects\idims\venv\lib\site-packages\jose\jws.py", line 70, in verify
    header, payload, signing_input, signature = _load(token)
  File "C:\Users\chee3\IdeaProjects\idims\venv\lib\site-packages\jose\jws.py", line 176, in _load
    signing_input, crypto_segment = jwt.rsplit(b".", 1)
AttributeError: 'Depends' object has no attribute 'rsplit'
2025-03-24 13:39:28 - app.core.middleware - ERROR - Unhandled error in request 6b2a7e21-b5c8-4436-85a4-025f64eb4fc1
Traceback (most recent call last):
  File "C:\Users\chee3\IdeaProjects\idims\venv\lib\site-packages\anyio\streams\memory.py", line 98, in receive
    return self.receive_nowait()
  File "C:\Users\chee3\IdeaProjects\idims\venv\lib\site-packages\anyio\streams\memory.py", line 93, in receive_nowait
    raise WouldBlock
anyio.WouldBlock

During handling of the above exception, another exception occurred:

Traceback (most recent call last):
  File "C:\Users\chee3\IdeaProjects\idims\venv\lib\site-packages\starlette\middleware\base.py", line 78, in call_next
    message = await recv_stream.receive()
  File "C:\Users\chee3\IdeaProjects\idims\venv\lib\site-packages\anyio\streams\memory.py", line 118, in receive
    raise EndOfStream
anyio.EndOfStream

During handling of the above exception, another exception occurred:

Traceback (most recent call last):
  File "C:\Users\chee3\IdeaProjects\idims\backend\app\core\middleware.py", line 62, in dispatch
    response = await call_next(request)
  File "C:\Users\chee3\IdeaProjects\idims\venv\lib\site-packages\starlette\middleware\base.py", line 84, in call_next
    raise app_exc
  File "C:\Users\chee3\IdeaProjects\idims\venv\lib\site-packages\starlette\middleware\base.py", line 70, in coro
    await self.app(scope, receive_or_disconnect, send_no_error)
  File "C:\Users\chee3\IdeaProjects\idims\venv\lib\site-packages\starlette\middleware\base.py", line 108, in __call__
    response = await self.dispatch_func(request, call_next)
  File "C:\Users\chee3\IdeaProjects\idims\backend\app\core\middleware.py", line 136, in dispatch
    response = await call_next(request)
  File "C:\Users\chee3\IdeaProjects\idims\venv\lib\site-packages\starlette\middleware\base.py", line 84, in call_next
    raise app_exc
  File "C:\Users\chee3\IdeaProjects\idims\venv\lib\site-packages\starlette\middleware\base.py", line 70, in coro
    await self.app(scope, receive_or_disconnect, send_no_error)
  File "C:\Users\chee3\IdeaProjects\idims\venv\lib\site-packages\starlette\middleware\cors.py", line 91, in __call__
    await self.simple_response(scope, receive, send, request_headers=headers)
  File "C:\Users\chee3\IdeaProjects\idims\venv\lib\site-packages\starlette\middleware\cors.py", line 146, in simple_response
    await self.app(scope, receive, send)
  File "C:\Users\chee3\IdeaProjects\idims\venv\lib\site-packages\starlette\middleware\exceptions.py", line 79, in __call__
    raise exc
  File "C:\Users\chee3\IdeaProjects\idims\venv\lib\site-packages\starlette\middleware\exceptions.py", line 68, in __call__
    await self.app(scope, receive, sender)
  File "C:\Users\chee3\IdeaProjects\idims\venv\lib\site-packages\fastapi\middleware\asyncexitstack.py", line 20, in __call__
    raise e
  File "C:\Users\chee3\IdeaProjects\idims\venv\lib\site-packages\fastapi\middleware\asyncexitstack.py", line 17, in __call__
    await self.app(scope, receive, send)
  File "C:\Users\chee3\IdeaProjects\idims\venv\lib\site-packages\starlette\routing.py", line 718, in __call__
    await route.handle(scope, receive, send)
  File "C:\Users\chee3\IdeaProjects\idims\venv\lib\site-packages\starlette\routing.py", line 276, in handle
    await self.app(scope, receive, send)
  File "C:\Users\chee3\IdeaProjects\idims\venv\lib\site-packages\starlette\routing.py", line 66, in app
    response = await func(request)
  File "C:\Users\chee3\IdeaProjects\idims\venv\lib\site-packages\fastapi\routing.py", line 263, in app
    solved_result = await solve_dependencies(
  File "C:\Users\chee3\IdeaProjects\idims\venv\lib\site-packages\fastapi\dependencies\utils.py", line 584, in solve_dependencies
    solved = await call(**sub_values)
  File "C:\Users\chee3\IdeaProjects\idims\backend\app\routers\technicians.py", line 21, in get_current_user_dependency
    return await auth_handler.get_current_user()
  File "C:\Users\chee3\IdeaProjects\idims\backend\app\core\auth.py", line 254, in get_current_user
    payload = jwt.decode(
  File "C:\Users\chee3\IdeaProjects\idims\venv\lib\site-packages\jose\jwt.py", line 142, in decode
    payload = jws.verify(token, key, algorithms, verify=verify_signature)
  File "C:\Users\chee3\IdeaProjects\idims\venv\lib\site-packages\jose\jws.py", line 70, in verify
    header, payload, signing_input, signature = _load(token)
  File "C:\Users\chee3\IdeaProjects\idims\venv\lib\site-packages\jose\jws.py", line 176, in _load
    signing_input, crypto_segment = jwt.rsplit(b".", 1)
AttributeError: 'Depends' object has no attribute 'rsplit'
2025-03-24 13:39:28 - app.core.middleware - INFO - Request 1337d30b-cb1d-492a-aa11-58f150d96b9d completed: GET http://localhost:8000/api/clients?limit=100 - Status: 500 - Time: 0.0155s
2025-03-24 13:39:28 - app.core.middleware - INFO - Request 6b2a7e21-b5c8-4436-85a4-025f64eb4fc1 completed: GET http://localhost:8000/api/technicians?limit=100 - Status: 500 - Time: 0.0155s
2025-03-24 13:39:28 - app.core.middleware - INFO - Request 30a395f3-6da9-4ae1-86e3-fa8d6c1bdadd completed: GET http://localhost:8000/api/services?limit=100 - Status: 404 - Time: 0.0155s
2025-03-24 13:40:04 - app.core.middleware - INFO - Request b51ea7c9-349e-4920-93e9-7e24375271ce started: GET http://localhost:8000/api/work-orders?page=1&limit=10
2025-03-24 13:40:04 - app.core.middleware - ERROR - Unhandled error in request b51ea7c9-349e-4920-93e9-7e24375271ce
Traceback (most recent call last):
  File "C:\Users\chee3\IdeaProjects\idims\venv\lib\site-packages\anyio\streams\memory.py", line 98, in receive
    return self.receive_nowait()
  File "C:\Users\chee3\IdeaProjects\idims\venv\lib\site-packages\anyio\streams\memory.py", line 93, in receive_nowait
    raise WouldBlock
anyio.WouldBlock

During handling of the above exception, another exception occurred:

Traceback (most recent call last):
  File "C:\Users\chee3\IdeaProjects\idims\venv\lib\site-packages\starlette\middleware\base.py", line 78, in call_next
    message = await recv_stream.receive()
  File "C:\Users\chee3\IdeaProjects\idims\venv\lib\site-packages\anyio\streams\memory.py", line 118, in receive
    raise EndOfStream
anyio.EndOfStream

During handling of the above exception, another exception occurred:

Traceback (most recent call last):
  File "C:\Users\chee3\IdeaProjects\idims\backend\app\core\middleware.py", line 62, in dispatch
    response = await call_next(request)
  File "C:\Users\chee3\IdeaProjects\idims\venv\lib\site-packages\starlette\middleware\base.py", line 84, in call_next
    raise app_exc
  File "C:\Users\chee3\IdeaProjects\idims\venv\lib\site-packages\starlette\middleware\base.py", line 70, in coro
    await self.app(scope, receive_or_disconnect, send_no_error)
  File "C:\Users\chee3\IdeaProjects\idims\venv\lib\site-packages\starlette\middleware\base.py", line 108, in __call__
    response = await self.dispatch_func(request, call_next)
  File "C:\Users\chee3\IdeaProjects\idims\backend\app\core\middleware.py", line 136, in dispatch
    response = await call_next(request)
  File "C:\Users\chee3\IdeaProjects\idims\venv\lib\site-packages\starlette\middleware\base.py", line 84, in call_next
    raise app_exc
  File "C:\Users\chee3\IdeaProjects\idims\venv\lib\site-packages\starlette\middleware\base.py", line 70, in coro
    await self.app(scope, receive_or_disconnect, send_no_error)
  File "C:\Users\chee3\IdeaProjects\idims\venv\lib\site-packages\starlette\middleware\cors.py", line 91, in __call__
    await self.simple_response(scope, receive, send, request_headers=headers)
  File "C:\Users\chee3\IdeaProjects\idims\venv\lib\site-packages\starlette\middleware\cors.py", line 146, in simple_response
    await self.app(scope, receive, send)
  File "C:\Users\chee3\IdeaProjects\idims\venv\lib\site-packages\starlette\middleware\exceptions.py", line 79, in __call__
    raise exc
  File "C:\Users\chee3\IdeaProjects\idims\venv\lib\site-packages\starlette\middleware\exceptions.py", line 68, in __call__
    await self.app(scope, receive, sender)
  File "C:\Users\chee3\IdeaProjects\idims\venv\lib\site-packages\fastapi\middleware\asyncexitstack.py", line 20, in __call__
    raise e
  File "C:\Users\chee3\IdeaProjects\idims\venv\lib\site-packages\fastapi\middleware\asyncexitstack.py", line 17, in __call__
    await self.app(scope, receive, send)
  File "C:\Users\chee3\IdeaProjects\idims\venv\lib\site-packages\starlette\routing.py", line 718, in __call__
    await route.handle(scope, receive, send)
  File "C:\Users\chee3\IdeaProjects\idims\venv\lib\site-packages\starlette\routing.py", line 276, in handle
    await self.app(scope, receive, send)
  File "C:\Users\chee3\IdeaProjects\idims\venv\lib\site-packages\starlette\routing.py", line 66, in app
    response = await func(request)
  File "C:\Users\chee3\IdeaProjects\idims\venv\lib\site-packages\fastapi\routing.py", line 263, in app
    solved_result = await solve_dependencies(
  File "C:\Users\chee3\IdeaProjects\idims\venv\lib\site-packages\fastapi\dependencies\utils.py", line 584, in solve_dependencies
    solved = await call(**sub_values)
  File "C:\Users\chee3\IdeaProjects\idims\backend\app\routers\work_orders.py", line 22, in get_current_user_dependency
    return await auth_handler.get_current_user()
  File "C:\Users\chee3\IdeaProjects\idims\backend\app\core\auth.py", line 254, in get_current_user
    payload = jwt.decode(
  File "C:\Users\chee3\IdeaProjects\idims\venv\lib\site-packages\jose\jwt.py", line 142, in decode
    payload = jws.verify(token, key, algorithms, verify=verify_signature)
  File "C:\Users\chee3\IdeaProjects\idims\venv\lib\site-packages\jose\jws.py", line 70, in verify
    header, payload, signing_input, signature = _load(token)
  File "C:\Users\chee3\IdeaProjects\idims\venv\lib\site-packages\jose\jws.py", line 176, in _load
    signing_input, crypto_segment = jwt.rsplit(b".", 1)
AttributeError: 'Depends' object has no attribute 'rsplit'
2025-03-24 13:40:04 - app.core.middleware - INFO - Request b51ea7c9-349e-4920-93e9-7e24375271ce completed: GET http://localhost:8000/api/work-orders?page=1&limit=10 - Status: 500 - Time: 0.0095s
2025-03-24 13:40:05 - app.core.middleware - INFO - Request a93cc796-4462-4912-bd06-b11fbfe37390 started: GET http://localhost:8000/api/work-orders?page=1&limit=10
2025-03-24 13:40:05 - app.core.middleware - ERROR - Unhandled error in request a93cc796-4462-4912-bd06-b11fbfe37390
Traceback (most recent call last):
  File "C:\Users\chee3\IdeaProjects\idims\venv\lib\site-packages\anyio\streams\memory.py", line 98, in receive
    return self.receive_nowait()
  File "C:\Users\chee3\IdeaProjects\idims\venv\lib\site-packages\anyio\streams\memory.py", line 93, in receive_nowait
    raise WouldBlock
anyio.WouldBlock

During handling of the above exception, another exception occurred:

Traceback (most recent call last):
  File "C:\Users\chee3\IdeaProjects\idims\venv\lib\site-packages\starlette\middleware\base.py", line 78, in call_next
    message = await recv_stream.receive()
  File "C:\Users\chee3\IdeaProjects\idims\venv\lib\site-packages\anyio\streams\memory.py", line 118, in receive
    raise EndOfStream
anyio.EndOfStream

During handling of the above exception, another exception occurred:

Traceback (most recent call last):
  File "C:\Users\chee3\IdeaProjects\idims\backend\app\core\middleware.py", line 62, in dispatch
    response = await call_next(request)
  File "C:\Users\chee3\IdeaProjects\idims\venv\lib\site-packages\starlette\middleware\base.py", line 84, in call_next
    raise app_exc
  File "C:\Users\chee3\IdeaProjects\idims\venv\lib\site-packages\starlette\middleware\base.py", line 70, in coro
    await self.app(scope, receive_or_disconnect, send_no_error)
  File "C:\Users\chee3\IdeaProjects\idims\venv\lib\site-packages\starlette\middleware\base.py", line 108, in __call__
    response = await self.dispatch_func(request, call_next)
  File "C:\Users\chee3\IdeaProjects\idims\backend\app\core\middleware.py", line 136, in dispatch
    response = await call_next(request)
  File "C:\Users\chee3\IdeaProjects\idims\venv\lib\site-packages\starlette\middleware\base.py", line 84, in call_next
    raise app_exc
  File "C:\Users\chee3\IdeaProjects\idims\venv\lib\site-packages\starlette\middleware\base.py", line 70, in coro
    await self.app(scope, receive_or_disconnect, send_no_error)
  File "C:\Users\chee3\IdeaProjects\idims\venv\lib\site-packages\starlette\middleware\cors.py", line 91, in __call__
    await self.simple_response(scope, receive, send, request_headers=headers)
  File "C:\Users\chee3\IdeaProjects\idims\venv\lib\site-packages\starlette\middleware\cors.py", line 146, in simple_response
    await self.app(scope, receive, send)
  File "C:\Users\chee3\IdeaProjects\idims\venv\lib\site-packages\starlette\middleware\exceptions.py", line 79, in __call__
    raise exc
  File "C:\Users\chee3\IdeaProjects\idims\venv\lib\site-packages\starlette\middleware\exceptions.py", line 68, in __call__
    await self.app(scope, receive, sender)
  File "C:\Users\chee3\IdeaProjects\idims\venv\lib\site-packages\fastapi\middleware\asyncexitstack.py", line 20, in __call__
    raise e
  File "C:\Users\chee3\IdeaProjects\idims\venv\lib\site-packages\fastapi\middleware\asyncexitstack.py", line 17, in __call__
    await self.app(scope, receive, send)
  File "C:\Users\chee3\IdeaProjects\idims\venv\lib\site-packages\starlette\routing.py", line 718, in __call__
    await route.handle(scope, receive, send)
  File "C:\Users\chee3\IdeaProjects\idims\venv\lib\site-packages\starlette\routing.py", line 276, in handle
    await self.app(scope, receive, send)
  File "C:\Users\chee3\IdeaProjects\idims\venv\lib\site-packages\starlette\routing.py", line 66, in app
    response = await func(request)
  File "C:\Users\chee3\IdeaProjects\idims\venv\lib\site-packages\fastapi\routing.py", line 263, in app
    solved_result = await solve_dependencies(
  File "C:\Users\chee3\IdeaProjects\idims\venv\lib\site-packages\fastapi\dependencies\utils.py", line 584, in solve_dependencies
    solved = await call(**sub_values)
  File "C:\Users\chee3\IdeaProjects\idims\backend\app\routers\work_orders.py", line 22, in get_current_user_dependency
    return await auth_handler.get_current_user()
  File "C:\Users\chee3\IdeaProjects\idims\backend\app\core\auth.py", line 254, in get_current_user
    payload = jwt.decode(
  File "C:\Users\chee3\IdeaProjects\idims\venv\lib\site-packages\jose\jwt.py", line 142, in decode
    payload = jws.verify(token, key, algorithms, verify=verify_signature)
  File "C:\Users\chee3\IdeaProjects\idims\venv\lib\site-packages\jose\jws.py", line 70, in verify
    header, payload, signing_input, signature = _load(token)
  File "C:\Users\chee3\IdeaProjects\idims\venv\lib\site-packages\jose\jws.py", line 176, in _load
    signing_input, crypto_segment = jwt.rsplit(b".", 1)
AttributeError: 'Depends' object has no attribute 'rsplit'
2025-03-24 13:40:05 - app.core.middleware - INFO - Request a93cc796-4462-4912-bd06-b11fbfe37390 completed: GET http://localhost:8000/api/work-orders?page=1&limit=10 - Status: 500 - Time: 0.0090s
2025-03-24 13:40:48 - app.core.middleware - INFO - Request 27d8eb9b-61bb-4c6a-952c-99d09ee846e0 started: GET http://localhost:8000/api/work-orders?page=1&limit=10
2025-03-24 13:40:48 - app.core.middleware - ERROR - Unhandled error in request 27d8eb9b-61bb-4c6a-952c-99d09ee846e0
Traceback (most recent call last):
  File "C:\Users\chee3\IdeaProjects\idims\venv\lib\site-packages\anyio\streams\memory.py", line 98, in receive
    return self.receive_nowait()
  File "C:\Users\chee3\IdeaProjects\idims\venv\lib\site-packages\anyio\streams\memory.py", line 93, in receive_nowait
    raise WouldBlock
anyio.WouldBlock

During handling of the above exception, another exception occurred:

Traceback (most recent call last):
  File "C:\Users\chee3\IdeaProjects\idims\venv\lib\site-packages\starlette\middleware\base.py", line 78, in call_next
    message = await recv_stream.receive()
  File "C:\Users\chee3\IdeaProjects\idims\venv\lib\site-packages\anyio\streams\memory.py", line 118, in receive
    raise EndOfStream
anyio.EndOfStream

During handling of the above exception, another exception occurred:

Traceback (most recent call last):
  File "C:\Users\chee3\IdeaProjects\idims\backend\app\core\middleware.py", line 62, in dispatch
    response = await call_next(request)
  File "C:\Users\chee3\IdeaProjects\idims\venv\lib\site-packages\starlette\middleware\base.py", line 84, in call_next
    raise app_exc
  File "C:\Users\chee3\IdeaProjects\idims\venv\lib\site-packages\starlette\middleware\base.py", line 70, in coro
    await self.app(scope, receive_or_disconnect, send_no_error)
  File "C:\Users\chee3\IdeaProjects\idims\venv\lib\site-packages\starlette\middleware\base.py", line 108, in __call__
    response = await self.dispatch_func(request, call_next)
  File "C:\Users\chee3\IdeaProjects\idims\backend\app\core\middleware.py", line 136, in dispatch
    response = await call_next(request)
  File "C:\Users\chee3\IdeaProjects\idims\venv\lib\site-packages\starlette\middleware\base.py", line 84, in call_next
    raise app_exc
  File "C:\Users\chee3\IdeaProjects\idims\venv\lib\site-packages\starlette\middleware\base.py", line 70, in coro
    await self.app(scope, receive_or_disconnect, send_no_error)
  File "C:\Users\chee3\IdeaProjects\idims\venv\lib\site-packages\starlette\middleware\cors.py", line 91, in __call__
    await self.simple_response(scope, receive, send, request_headers=headers)
  File "C:\Users\chee3\IdeaProjects\idims\venv\lib\site-packages\starlette\middleware\cors.py", line 146, in simple_response
    await self.app(scope, receive, send)
  File "C:\Users\chee3\IdeaProjects\idims\venv\lib\site-packages\starlette\middleware\exceptions.py", line 79, in __call__
    raise exc
  File "C:\Users\chee3\IdeaProjects\idims\venv\lib\site-packages\starlette\middleware\exceptions.py", line 68, in __call__
    await self.app(scope, receive, sender)
  File "C:\Users\chee3\IdeaProjects\idims\venv\lib\site-packages\fastapi\middleware\asyncexitstack.py", line 20, in __call__
    raise e
  File "C:\Users\chee3\IdeaProjects\idims\venv\lib\site-packages\fastapi\middleware\asyncexitstack.py", line 17, in __call__
    await self.app(scope, receive, send)
  File "C:\Users\chee3\IdeaProjects\idims\venv\lib\site-packages\starlette\routing.py", line 718, in __call__
    await route.handle(scope, receive, send)
  File "C:\Users\chee3\IdeaProjects\idims\venv\lib\site-packages\starlette\routing.py", line 276, in handle
    await self.app(scope, receive, send)
  File "C:\Users\chee3\IdeaProjects\idims\venv\lib\site-packages\starlette\routing.py", line 66, in app
    response = await func(request)
  File "C:\Users\chee3\IdeaProjects\idims\venv\lib\site-packages\fastapi\routing.py", line 263, in app
    solved_result = await solve_dependencies(
  File "C:\Users\chee3\IdeaProjects\idims\venv\lib\site-packages\fastapi\dependencies\utils.py", line 584, in solve_dependencies
    solved = await call(**sub_values)
  File "C:\Users\chee3\IdeaProjects\idims\backend\app\routers\work_orders.py", line 22, in get_current_user_dependency
    return await auth_handler.get_current_user()
  File "C:\Users\chee3\IdeaProjects\idims\backend\app\core\auth.py", line 254, in get_current_user
    payload = jwt.decode(
  File "C:\Users\chee3\IdeaProjects\idims\venv\lib\site-packages\jose\jwt.py", line 142, in decode
    payload = jws.verify(token, key, algorithms, verify=verify_signature)
  File "C:\Users\chee3\IdeaProjects\idims\venv\lib\site-packages\jose\jws.py", line 70, in verify
    header, payload, signing_input, signature = _load(token)
  File "C:\Users\chee3\IdeaProjects\idims\venv\lib\site-packages\jose\jws.py", line 176, in _load
    signing_input, crypto_segment = jwt.rsplit(b".", 1)
AttributeError: 'Depends' object has no attribute 'rsplit'
2025-03-24 13:40:48 - app.core.middleware - INFO - Request 27d8eb9b-61bb-4c6a-952c-99d09ee846e0 completed: GET http://localhost:8000/api/work-orders?page=1&limit=10 - Status: 500 - Time: 0.0070s
2025-03-24 13:40:49 - app.core.middleware - INFO - Request 0f9ac835-bc09-44ce-b40a-03476400d58d started: GET http://localhost:8000/api/work-orders?page=1&limit=10
2025-03-24 13:40:49 - app.core.middleware - ERROR - Unhandled error in request 0f9ac835-bc09-44ce-b40a-03476400d58d
Traceback (most recent call last):
  File "C:\Users\chee3\IdeaProjects\idims\venv\lib\site-packages\anyio\streams\memory.py", line 98, in receive
    return self.receive_nowait()
  File "C:\Users\chee3\IdeaProjects\idims\venv\lib\site-packages\anyio\streams\memory.py", line 93, in receive_nowait
    raise WouldBlock
anyio.WouldBlock

During handling of the above exception, another exception occurred:

Traceback (most recent call last):
  File "C:\Users\chee3\IdeaProjects\idims\venv\lib\site-packages\starlette\middleware\base.py", line 78, in call_next
    message = await recv_stream.receive()
  File "C:\Users\chee3\IdeaProjects\idims\venv\lib\site-packages\anyio\streams\memory.py", line 118, in receive
    raise EndOfStream
anyio.EndOfStream

During handling of the above exception, another exception occurred:

Traceback (most recent call last):
  File "C:\Users\chee3\IdeaProjects\idims\backend\app\core\middleware.py", line 62, in dispatch
    response = await call_next(request)
  File "C:\Users\chee3\IdeaProjects\idims\venv\lib\site-packages\starlette\middleware\base.py", line 84, in call_next
    raise app_exc
  File "C:\Users\chee3\IdeaProjects\idims\venv\lib\site-packages\starlette\middleware\base.py", line 70, in coro
    await self.app(scope, receive_or_disconnect, send_no_error)
  File "C:\Users\chee3\IdeaProjects\idims\venv\lib\site-packages\starlette\middleware\base.py", line 108, in __call__
    response = await self.dispatch_func(request, call_next)
  File "C:\Users\chee3\IdeaProjects\idims\backend\app\core\middleware.py", line 136, in dispatch
    response = await call_next(request)
  File "C:\Users\chee3\IdeaProjects\idims\venv\lib\site-packages\starlette\middleware\base.py", line 84, in call_next
    raise app_exc
  File "C:\Users\chee3\IdeaProjects\idims\venv\lib\site-packages\starlette\middleware\base.py", line 70, in coro
    await self.app(scope, receive_or_disconnect, send_no_error)
  File "C:\Users\chee3\IdeaProjects\idims\venv\lib\site-packages\starlette\middleware\cors.py", line 91, in __call__
    await self.simple_response(scope, receive, send, request_headers=headers)
  File "C:\Users\chee3\IdeaProjects\idims\venv\lib\site-packages\starlette\middleware\cors.py", line 146, in simple_response
    await self.app(scope, receive, send)
  File "C:\Users\chee3\IdeaProjects\idims\venv\lib\site-packages\starlette\middleware\exceptions.py", line 79, in __call__
    raise exc
  File "C:\Users\chee3\IdeaProjects\idims\venv\lib\site-packages\starlette\middleware\exceptions.py", line 68, in __call__
    await self.app(scope, receive, sender)
  File "C:\Users\chee3\IdeaProjects\idims\venv\lib\site-packages\fastapi\middleware\asyncexitstack.py", line 20, in __call__
    raise e
  File "C:\Users\chee3\IdeaProjects\idims\venv\lib\site-packages\fastapi\middleware\asyncexitstack.py", line 17, in __call__
    await self.app(scope, receive, send)
  File "C:\Users\chee3\IdeaProjects\idims\venv\lib\site-packages\starlette\routing.py", line 718, in __call__
    await route.handle(scope, receive, send)
  File "C:\Users\chee3\IdeaProjects\idims\venv\lib\site-packages\starlette\routing.py", line 276, in handle
    await self.app(scope, receive, send)
  File "C:\Users\chee3\IdeaProjects\idims\venv\lib\site-packages\starlette\routing.py", line 66, in app
    response = await func(request)
  File "C:\Users\chee3\IdeaProjects\idims\venv\lib\site-packages\fastapi\routing.py", line 263, in app
    solved_result = await solve_dependencies(
  File "C:\Users\chee3\IdeaProjects\idims\venv\lib\site-packages\fastapi\dependencies\utils.py", line 584, in solve_dependencies
    solved = await call(**sub_values)
  File "C:\Users\chee3\IdeaProjects\idims\backend\app\routers\work_orders.py", line 22, in get_current_user_dependency
    return await auth_handler.get_current_user()
  File "C:\Users\chee3\IdeaProjects\idims\backend\app\core\auth.py", line 254, in get_current_user
    payload = jwt.decode(
  File "C:\Users\chee3\IdeaProjects\idims\venv\lib\site-packages\jose\jwt.py", line 142, in decode
    payload = jws.verify(token, key, algorithms, verify=verify_signature)
  File "C:\Users\chee3\IdeaProjects\idims\venv\lib\site-packages\jose\jws.py", line 70, in verify
    header, payload, signing_input, signature = _load(token)
  File "C:\Users\chee3\IdeaProjects\idims\venv\lib\site-packages\jose\jws.py", line 176, in _load
    signing_input, crypto_segment = jwt.rsplit(b".", 1)
AttributeError: 'Depends' object has no attribute 'rsplit'
2025-03-24 13:40:49 - app.core.middleware - INFO - Request 0f9ac835-bc09-44ce-b40a-03476400d58d completed: GET http://localhost:8000/api/work-orders?page=1&limit=10 - Status: 500 - Time: 0.0075s
2025-03-24 13:42:39 - root - INFO - Redis client initialized successfully
2025-03-24 13:42:39 - root - INFO - Auth0 configuration loaded - Domain: dev-fqp1z1l3km7uj2gq.us.auth0.com, Audience: https://idimsapi
2025-03-24 13:42:52 - app.core.middleware - INFO - Request fd553907-017a-44f4-8e4c-4fa4ea914327 started: GET http://localhost:8000/api/work-orders?page=1&limit=10
2025-03-24 13:42:52 - app.core.middleware - ERROR - Unhandled error in request fd553907-017a-44f4-8e4c-4fa4ea914327
Traceback (most recent call last):
  File "C:\Users\chee3\IdeaProjects\idims\venv\lib\site-packages\anyio\streams\memory.py", line 98, in receive
    return self.receive_nowait()
  File "C:\Users\chee3\IdeaProjects\idims\venv\lib\site-packages\anyio\streams\memory.py", line 93, in receive_nowait
    raise WouldBlock
anyio.WouldBlock

During handling of the above exception, another exception occurred:

Traceback (most recent call last):
  File "C:\Users\chee3\IdeaProjects\idims\venv\lib\site-packages\starlette\middleware\base.py", line 78, in call_next
    message = await recv_stream.receive()
  File "C:\Users\chee3\IdeaProjects\idims\venv\lib\site-packages\anyio\streams\memory.py", line 118, in receive
    raise EndOfStream
anyio.EndOfStream

During handling of the above exception, another exception occurred:

Traceback (most recent call last):
  File "C:\Users\chee3\IdeaProjects\idims\backend\app\core\middleware.py", line 62, in dispatch
    response = await call_next(request)
  File "C:\Users\chee3\IdeaProjects\idims\venv\lib\site-packages\starlette\middleware\base.py", line 84, in call_next
    raise app_exc
  File "C:\Users\chee3\IdeaProjects\idims\venv\lib\site-packages\starlette\middleware\base.py", line 70, in coro
    await self.app(scope, receive_or_disconnect, send_no_error)
  File "C:\Users\chee3\IdeaProjects\idims\venv\lib\site-packages\starlette\middleware\base.py", line 108, in __call__
    response = await self.dispatch_func(request, call_next)
  File "C:\Users\chee3\IdeaProjects\idims\backend\app\core\middleware.py", line 136, in dispatch
    response = await call_next(request)
  File "C:\Users\chee3\IdeaProjects\idims\venv\lib\site-packages\starlette\middleware\base.py", line 84, in call_next
    raise app_exc
  File "C:\Users\chee3\IdeaProjects\idims\venv\lib\site-packages\starlette\middleware\base.py", line 70, in coro
    await self.app(scope, receive_or_disconnect, send_no_error)
  File "C:\Users\chee3\IdeaProjects\idims\venv\lib\site-packages\starlette\middleware\cors.py", line 91, in __call__
    await self.simple_response(scope, receive, send, request_headers=headers)
  File "C:\Users\chee3\IdeaProjects\idims\venv\lib\site-packages\starlette\middleware\cors.py", line 146, in simple_response
    await self.app(scope, receive, send)
  File "C:\Users\chee3\IdeaProjects\idims\venv\lib\site-packages\starlette\middleware\exceptions.py", line 79, in __call__
    raise exc
  File "C:\Users\chee3\IdeaProjects\idims\venv\lib\site-packages\starlette\middleware\exceptions.py", line 68, in __call__
    await self.app(scope, receive, sender)
  File "C:\Users\chee3\IdeaProjects\idims\venv\lib\site-packages\fastapi\middleware\asyncexitstack.py", line 20, in __call__
    raise e
  File "C:\Users\chee3\IdeaProjects\idims\venv\lib\site-packages\fastapi\middleware\asyncexitstack.py", line 17, in __call__
    await self.app(scope, receive, send)
  File "C:\Users\chee3\IdeaProjects\idims\venv\lib\site-packages\starlette\routing.py", line 718, in __call__
    await route.handle(scope, receive, send)
  File "C:\Users\chee3\IdeaProjects\idims\venv\lib\site-packages\starlette\routing.py", line 276, in handle
    await self.app(scope, receive, send)
  File "C:\Users\chee3\IdeaProjects\idims\venv\lib\site-packages\starlette\routing.py", line 66, in app
    response = await func(request)
  File "C:\Users\chee3\IdeaProjects\idims\venv\lib\site-packages\fastapi\routing.py", line 263, in app
    solved_result = await solve_dependencies(
  File "C:\Users\chee3\IdeaProjects\idims\venv\lib\site-packages\fastapi\dependencies\utils.py", line 584, in solve_dependencies
    solved = await call(**sub_values)
  File "C:\Users\chee3\IdeaProjects\idims\backend\app\routers\work_orders.py", line 22, in get_current_user_dependency
    return await auth_handler.get_current_user()
  File "C:\Users\chee3\IdeaProjects\idims\backend\app\core\auth.py", line 254, in get_current_user
    payload = jwt.decode(
  File "C:\Users\chee3\IdeaProjects\idims\venv\lib\site-packages\jose\jwt.py", line 142, in decode
    payload = jws.verify(token, key, algorithms, verify=verify_signature)
  File "C:\Users\chee3\IdeaProjects\idims\venv\lib\site-packages\jose\jws.py", line 70, in verify
    header, payload, signing_input, signature = _load(token)
  File "C:\Users\chee3\IdeaProjects\idims\venv\lib\site-packages\jose\jws.py", line 176, in _load
    signing_input, crypto_segment = jwt.rsplit(b".", 1)
AttributeError: 'Depends' object has no attribute 'rsplit'
2025-03-24 13:42:52 - app.core.middleware - INFO - Request fd553907-017a-44f4-8e4c-4fa4ea914327 completed: GET http://localhost:8000/api/work-orders?page=1&limit=10 - Status: 500 - Time: 0.0105s
2025-03-24 13:42:53 - app.core.middleware - INFO - Request 31f566a7-1580-48ea-9ef7-3b27c830dc1d started: GET http://localhost:8000/api/work-orders?page=1&limit=10
2025-03-24 13:42:53 - app.core.middleware - ERROR - Unhandled error in request 31f566a7-1580-48ea-9ef7-3b27c830dc1d
Traceback (most recent call last):
  File "C:\Users\chee3\IdeaProjects\idims\venv\lib\site-packages\anyio\streams\memory.py", line 98, in receive
    return self.receive_nowait()
  File "C:\Users\chee3\IdeaProjects\idims\venv\lib\site-packages\anyio\streams\memory.py", line 93, in receive_nowait
    raise WouldBlock
anyio.WouldBlock

During handling of the above exception, another exception occurred:

Traceback (most recent call last):
  File "C:\Users\chee3\IdeaProjects\idims\venv\lib\site-packages\starlette\middleware\base.py", line 78, in call_next
    message = await recv_stream.receive()
  File "C:\Users\chee3\IdeaProjects\idims\venv\lib\site-packages\anyio\streams\memory.py", line 118, in receive
    raise EndOfStream
anyio.EndOfStream

During handling of the above exception, another exception occurred:

Traceback (most recent call last):
  File "C:\Users\chee3\IdeaProjects\idims\backend\app\core\middleware.py", line 62, in dispatch
    response = await call_next(request)
  File "C:\Users\chee3\IdeaProjects\idims\venv\lib\site-packages\starlette\middleware\base.py", line 84, in call_next
    raise app_exc
  File "C:\Users\chee3\IdeaProjects\idims\venv\lib\site-packages\starlette\middleware\base.py", line 70, in coro
    await self.app(scope, receive_or_disconnect, send_no_error)
  File "C:\Users\chee3\IdeaProjects\idims\venv\lib\site-packages\starlette\middleware\base.py", line 108, in __call__
    response = await self.dispatch_func(request, call_next)
  File "C:\Users\chee3\IdeaProjects\idims\backend\app\core\middleware.py", line 136, in dispatch
    response = await call_next(request)
  File "C:\Users\chee3\IdeaProjects\idims\venv\lib\site-packages\starlette\middleware\base.py", line 84, in call_next
    raise app_exc
  File "C:\Users\chee3\IdeaProjects\idims\venv\lib\site-packages\starlette\middleware\base.py", line 70, in coro
    await self.app(scope, receive_or_disconnect, send_no_error)
  File "C:\Users\chee3\IdeaProjects\idims\venv\lib\site-packages\starlette\middleware\cors.py", line 91, in __call__
    await self.simple_response(scope, receive, send, request_headers=headers)
  File "C:\Users\chee3\IdeaProjects\idims\venv\lib\site-packages\starlette\middleware\cors.py", line 146, in simple_response
    await self.app(scope, receive, send)
  File "C:\Users\chee3\IdeaProjects\idims\venv\lib\site-packages\starlette\middleware\exceptions.py", line 79, in __call__
    raise exc
  File "C:\Users\chee3\IdeaProjects\idims\venv\lib\site-packages\starlette\middleware\exceptions.py", line 68, in __call__
    await self.app(scope, receive, sender)
  File "C:\Users\chee3\IdeaProjects\idims\venv\lib\site-packages\fastapi\middleware\asyncexitstack.py", line 20, in __call__
    raise e
  File "C:\Users\chee3\IdeaProjects\idims\venv\lib\site-packages\fastapi\middleware\asyncexitstack.py", line 17, in __call__
    await self.app(scope, receive, send)
  File "C:\Users\chee3\IdeaProjects\idims\venv\lib\site-packages\starlette\routing.py", line 718, in __call__
    await route.handle(scope, receive, send)
  File "C:\Users\chee3\IdeaProjects\idims\venv\lib\site-packages\starlette\routing.py", line 276, in handle
    await self.app(scope, receive, send)
  File "C:\Users\chee3\IdeaProjects\idims\venv\lib\site-packages\starlette\routing.py", line 66, in app
    response = await func(request)
  File "C:\Users\chee3\IdeaProjects\idims\venv\lib\site-packages\fastapi\routing.py", line 263, in app
    solved_result = await solve_dependencies(
  File "C:\Users\chee3\IdeaProjects\idims\venv\lib\site-packages\fastapi\dependencies\utils.py", line 584, in solve_dependencies
    solved = await call(**sub_values)
  File "C:\Users\chee3\IdeaProjects\idims\backend\app\routers\work_orders.py", line 22, in get_current_user_dependency
    return await auth_handler.get_current_user()
  File "C:\Users\chee3\IdeaProjects\idims\backend\app\core\auth.py", line 254, in get_current_user
    payload = jwt.decode(
  File "C:\Users\chee3\IdeaProjects\idims\venv\lib\site-packages\jose\jwt.py", line 142, in decode
    payload = jws.verify(token, key, algorithms, verify=verify_signature)
  File "C:\Users\chee3\IdeaProjects\idims\venv\lib\site-packages\jose\jws.py", line 70, in verify
    header, payload, signing_input, signature = _load(token)
  File "C:\Users\chee3\IdeaProjects\idims\venv\lib\site-packages\jose\jws.py", line 176, in _load
    signing_input, crypto_segment = jwt.rsplit(b".", 1)
AttributeError: 'Depends' object has no attribute 'rsplit'
2025-03-24 13:42:53 - app.core.middleware - INFO - Request 31f566a7-1580-48ea-9ef7-3b27c830dc1d completed: GET http://localhost:8000/api/work-orders?page=1&limit=10 - Status: 500 - Time: 0.0069s
2025-03-24 13:44:59 - root - INFO - Redis client initialized successfully
2025-03-24 13:44:59 - root - INFO - Auth0 configuration loaded - Domain: dev-fqp1z1l3km7uj2gq.us.auth0.com, Audience: https://idimsapi
2025-03-24 13:45:09 - root - INFO - Redis client initialized successfully
2025-03-24 13:45:09 - root - INFO - Auth0 configuration loaded - Domain: dev-fqp1z1l3km7uj2gq.us.auth0.com, Audience: https://idimsapi
2025-03-24 13:45:16 - root - INFO - Redis client initialized successfully
2025-03-24 13:45:16 - root - INFO - Auth0 configuration loaded - Domain: dev-fqp1z1l3km7uj2gq.us.auth0.com, Audience: https://idimsapi
2025-03-24 13:45:24 - root - INFO - Redis client initialized successfully
2025-03-24 13:45:24 - root - INFO - Auth0 configuration loaded - Domain: dev-fqp1z1l3km7uj2gq.us.auth0.com, Audience: https://idimsapi
2025-03-24 13:45:34 - root - INFO - Redis client initialized successfully
2025-03-24 13:45:34 - root - INFO - Auth0 configuration loaded - Domain: dev-fqp1z1l3km7uj2gq.us.auth0.com, Audience: https://idimsapi
2025-03-24 13:45:49 - root - INFO - Redis client initialized successfully
2025-03-24 13:45:49 - root - INFO - Auth0 configuration loaded - Domain: dev-fqp1z1l3km7uj2gq.us.auth0.com, Audience: https://idimsapi
2025-03-24 13:45:58 - app.core.middleware - INFO - Request e45050e0-bfc8-4fcd-ae14-e80ff54e9284 started: GET http://localhost:8000/api/work-orders?page=1&limit=10
2025-03-24 13:45:58 - app.core.auth - ERROR - Authentication error: 'Depends' object has no attribute 'credentials'
2025-03-24 13:45:58 - app.core.middleware - INFO - Request e45050e0-bfc8-4fcd-ae14-e80ff54e9284 completed: GET http://localhost:8000/api/work-orders?page=1&limit=10 - Status: 401 - Time: 0.0036s
2025-03-24 13:45:59 - app.core.middleware - INFO - Request c38e8ae2-bb42-430b-9532-37d4707a6380 started: GET http://localhost:8000/api/work-orders?page=1&limit=10
2025-03-24 13:45:59 - app.core.auth - ERROR - Authentication error: 'Depends' object has no attribute 'credentials'
2025-03-24 13:45:59 - app.core.middleware - INFO - Request c38e8ae2-bb42-430b-9532-37d4707a6380 completed: GET http://localhost:8000/api/work-orders?page=1&limit=10 - Status: 401 - Time: 0.0025s
2025-03-24 13:46:58 - root - INFO - Redis client initialized successfully
2025-03-24 13:46:58 - root - INFO - Auth0 configuration loaded - Domain: dev-fqp1z1l3km7uj2gq.us.auth0.com, Audience: https://idimsapi
2025-03-24 13:51:19 - root - INFO - Redis client initialized successfully
2025-03-24 13:51:19 - root - INFO - Auth0 configuration loaded - Domain: dev-fqp1z1l3km7uj2gq.us.auth0.com, Audience: https://idimsapi
2025-03-24 13:51:34 - root - INFO - Redis client initialized successfully
2025-03-24 13:51:34 - root - INFO - Auth0 configuration loaded - Domain: dev-fqp1z1l3km7uj2gq.us.auth0.com, Audience: https://idimsapi
2025-03-24 13:51:44 - root - INFO - Redis client initialized successfully
2025-03-24 13:51:44 - root - INFO - Auth0 configuration loaded - Domain: dev-fqp1z1l3km7uj2gq.us.auth0.com, Audience: https://idimsapi
2025-03-24 13:52:10 - root - INFO - Redis client initialized successfully
2025-03-24 13:52:10 - root - INFO - Auth0 configuration loaded - Domain: dev-fqp1z1l3km7uj2gq.us.auth0.com, Audience: https://idimsapi
2025-03-24 13:52:20 - root - INFO - Redis client initialized successfully
2025-03-24 13:52:20 - root - INFO - Auth0 configuration loaded - Domain: dev-fqp1z1l3km7uj2gq.us.auth0.com, Audience: https://idimsapi
2025-03-24 13:54:30 - root - INFO - Redis client initialized successfully
2025-03-24 13:54:30 - root - INFO - Auth0 configuration loaded - Domain: dev-fqp1z1l3km7uj2gq.us.auth0.com, Audience: https://idimsapi
2025-03-24 13:54:30 - app.core.middleware - INFO - Request 5b3ca60b-b5c3-4a9b-ab6e-36a449f649a3 started: GET http://localhost:8000/api/dashboard/stats
2025-03-24 13:54:30 - app.core.middleware - INFO - Request f955ecc5-5105-417f-b2c8-134b5deb6de4 started: GET http://localhost:8000/api/dashboard/stats
2025-03-24 13:54:30 - app.core.middleware - INFO - Request f31e41ae-da2e-433a-bcc3-ef72a9199ed8 started: GET http://localhost:8000/api/dashboard/stats
2025-03-24 13:54:30 - app.core.middleware - INFO - Request c788dcdd-8b40-4302-a153-f33af0584ac9 started: GET http://localhost:8000/api/work-orders?page=1&limit=10
2025-03-24 13:54:30 - app.core.middleware - INFO - Request b744917d-5203-4b14-a56f-a14c69e9ad7d started: GET http://localhost:8000/api/dashboard/stats
2025-03-24 13:54:30 - app.core.middleware - INFO - Request b14d0ed4-ad44-487d-ba75-def61320db8e started: GET http://localhost:8000/api/work-orders?page=1&limit=10
2025-03-24 13:54:30 - app.routers.dashboard - INFO - Getting dashboard stats (unauthenticated)
2025-03-24 13:54:30 - sqlalchemy.engine.Engine - INFO - BEGIN (implicit)
2025-03-24 13:54:30 - sqlalchemy.engine.Engine - INFO - SELECT count(work_orders.id) AS count_1 
FROM work_orders
2025-03-24 13:54:30 - sqlalchemy.engine.Engine - INFO - [generated in 0.00097s] {}
2025-03-24 13:54:30 - sqlalchemy.engine.Engine - INFO - SELECT count(work_orders.id) AS count_1 
FROM work_orders 
WHERE work_orders.status IN (%(status_1_1)s, %(status_1_2)s)
2025-03-24 13:54:30 - sqlalchemy.engine.Engine - INFO - [generated in 0.00096s] {'status_1_1': 'pending', 'status_1_2': 'scheduled'}
2025-03-24 13:54:30 - sqlalchemy.engine.Engine - INFO - SELECT count(work_orders.id) AS count_1 
FROM work_orders 
WHERE work_orders.status = %(status_1)s
2025-03-24 13:54:30 - sqlalchemy.engine.Engine - INFO - [generated in 0.00086s] {'status_1': 'completed'}
2025-03-24 13:54:30 - sqlalchemy.engine.Engine - INFO - SELECT count(work_orders.id) AS count_1 
FROM work_orders 
WHERE work_orders.created_at >= %(created_at_1)s AND work_orders.created_at <= %(created_at_2)s
2025-03-24 13:54:30 - sqlalchemy.engine.Engine - INFO - [generated in 0.00117s] {'created_at_1': datetime.date(2025, 3, 1), 'created_at_2': datetime.date(2025, 3, 31)}
2025-03-24 13:54:30 - sqlalchemy.engine.Engine - INFO - SELECT count(work_orders.id) AS count_1 
FROM work_orders 
WHERE work_orders.created_at >= %(created_at_1)s AND work_orders.created_at < %(created_at_2)s
2025-03-24 13:54:30 - sqlalchemy.engine.Engine - INFO - [generated in 0.00131s] {'created_at_1': datetime.date(2025, 2, 1), 'created_at_2': datetime.date(2025, 3, 1)}
2025-03-24 13:54:30 - sqlalchemy.engine.Engine - INFO - SELECT sum(payments.amount) AS sum_1 
FROM payments 
WHERE payments.status = %(status_1)s AND payments.payment_date >= %(payment_date_1)s AND payments.payment_date <= %(payment_date_2)s
2025-03-24 13:54:30 - sqlalchemy.engine.Engine - INFO - [generated in 0.00109s] {'status_1': 'success', 'payment_date_1': datetime.date(2025, 3, 1), 'payment_date_2': datetime.date(2025, 3, 31)}
2025-03-24 13:54:30 - sqlalchemy.engine.Engine - INFO - SELECT sum(payments.amount) AS sum_1 
FROM payments 
WHERE payments.status = %(status_1)s AND payments.payment_date >= %(payment_date_1)s AND payments.payment_date < %(payment_date_2)s
2025-03-24 13:54:30 - sqlalchemy.engine.Engine - INFO - [generated in 0.00091s] {'status_1': 'success', 'payment_date_1': datetime.date(2025, 2, 1), 'payment_date_2': datetime.date(2025, 3, 1)}
2025-03-24 13:54:30 - sqlalchemy.engine.Engine - INFO - SELECT SUM(total) FROM invoices WHERE status IN ('sent', 'overdue')
2025-03-24 13:54:30 - sqlalchemy.engine.Engine - INFO - [generated in 0.00063s] {}
2025-03-24 13:54:30 - sqlalchemy.engine.Engine - INFO - SELECT count(invoices.id) AS count_1 
FROM invoices 
WHERE invoices.status = %(status_1)s
2025-03-24 13:54:30 - sqlalchemy.engine.Engine - INFO - [generated in 0.00083s] {'status_1': 'overdue'}
2025-03-24 13:54:30 - sqlalchemy.engine.Engine - INFO - SELECT count(clients.id) AS count_1 
FROM clients
2025-03-24 13:54:30 - sqlalchemy.engine.Engine - INFO - [generated in 0.00076s] {}
2025-03-24 13:54:30 - sqlalchemy.engine.Engine - INFO - SELECT count(clients.id) AS count_1 
FROM clients 
WHERE clients.status = %(status_1)s
2025-03-24 13:54:30 - sqlalchemy.engine.Engine - INFO - [generated in 0.00084s] {'status_1': 'active'}
2025-03-24 13:54:30 - sqlalchemy.engine.Engine - INFO - SELECT count(technicians.id) AS count_1 
FROM technicians
2025-03-24 13:54:30 - sqlalchemy.engine.Engine - INFO - [generated in 0.00070s] {}
2025-03-24 13:54:30 - sqlalchemy.engine.Engine - INFO - SELECT count(technicians.id) AS count_1 
FROM technicians 
WHERE technicians.status = %(status_1)s
2025-03-24 13:54:30 - sqlalchemy.engine.Engine - INFO - [generated in 0.00079s] {'status_1': 'active'}
2025-03-24 13:54:30 - app.routers.dashboard - INFO - Getting dashboard stats (unauthenticated)
2025-03-24 13:54:31 - sqlalchemy.engine.Engine - INFO - BEGIN (implicit)
2025-03-24 13:54:31 - sqlalchemy.engine.Engine - INFO - SELECT count(work_orders.id) AS count_1 
FROM work_orders
2025-03-24 13:54:31 - sqlalchemy.engine.Engine - INFO - [cached since 0.06858s ago] {}
2025-03-24 13:54:31 - sqlalchemy.engine.Engine - INFO - SELECT count(work_orders.id) AS count_1 
FROM work_orders 
WHERE work_orders.status IN (%(status_1_1)s, %(status_1_2)s)
2025-03-24 13:54:31 - sqlalchemy.engine.Engine - INFO - [cached since 0.06755s ago] {'status_1_1': 'pending', 'status_1_2': 'scheduled'}
2025-03-24 13:54:31 - sqlalchemy.engine.Engine - INFO - SELECT count(work_orders.id) AS count_1 
FROM work_orders 
WHERE work_orders.status = %(status_1)s
2025-03-24 13:54:31 - sqlalchemy.engine.Engine - INFO - [cached since 0.06719s ago] {'status_1': 'completed'}
2025-03-24 13:54:31 - sqlalchemy.engine.Engine - INFO - SELECT count(work_orders.id) AS count_1 
FROM work_orders 
WHERE work_orders.created_at >= %(created_at_1)s AND work_orders.created_at <= %(created_at_2)s
2025-03-24 13:54:31 - sqlalchemy.engine.Engine - INFO - [cached since 0.0658s ago] {'created_at_1': datetime.date(2025, 3, 1), 'created_at_2': datetime.date(2025, 3, 31)}
2025-03-24 13:54:31 - sqlalchemy.engine.Engine - INFO - SELECT count(work_orders.id) AS count_1 
FROM work_orders 
WHERE work_orders.created_at >= %(created_at_1)s AND work_orders.created_at < %(created_at_2)s
2025-03-24 13:54:31 - sqlalchemy.engine.Engine - INFO - [cached since 0.06481s ago] {'created_at_1': datetime.date(2025, 2, 1), 'created_at_2': datetime.date(2025, 3, 1)}
2025-03-24 13:54:31 - sqlalchemy.engine.Engine - INFO - SELECT sum(payments.amount) AS sum_1 
FROM payments 
WHERE payments.status = %(status_1)s AND payments.payment_date >= %(payment_date_1)s AND payments.payment_date <= %(payment_date_2)s
2025-03-24 13:54:31 - sqlalchemy.engine.Engine - INFO - [cached since 0.06312s ago] {'status_1': 'success', 'payment_date_1': datetime.date(2025, 3, 1), 'payment_date_2': datetime.date(2025, 3, 31)}
2025-03-24 13:54:31 - sqlalchemy.engine.Engine - INFO - SELECT sum(payments.amount) AS sum_1 
FROM payments 
WHERE payments.status = %(status_1)s AND payments.payment_date >= %(payment_date_1)s AND payments.payment_date < %(payment_date_2)s
2025-03-24 13:54:31 - sqlalchemy.engine.Engine - INFO - [cached since 0.06276s ago] {'status_1': 'success', 'payment_date_1': datetime.date(2025, 2, 1), 'payment_date_2': datetime.date(2025, 3, 1)}
2025-03-24 13:54:31 - sqlalchemy.engine.Engine - INFO - SELECT SUM(total) FROM invoices WHERE status IN ('sent', 'overdue')
2025-03-24 13:54:31 - sqlalchemy.engine.Engine - INFO - [cached since 0.06238s ago] {}
2025-03-24 13:54:31 - sqlalchemy.engine.Engine - INFO - SELECT count(invoices.id) AS count_1 
FROM invoices 
WHERE invoices.status = %(status_1)s
2025-03-24 13:54:31 - sqlalchemy.engine.Engine - INFO - [cached since 0.06192s ago] {'status_1': 'overdue'}
2025-03-24 13:54:31 - sqlalchemy.engine.Engine - INFO - SELECT count(clients.id) AS count_1 
FROM clients
2025-03-24 13:54:31 - sqlalchemy.engine.Engine - INFO - [cached since 0.06166s ago] {}
2025-03-24 13:54:31 - sqlalchemy.engine.Engine - INFO - SELECT count(clients.id) AS count_1 
FROM clients 
WHERE clients.status = %(status_1)s
2025-03-24 13:54:31 - sqlalchemy.engine.Engine - INFO - [cached since 0.06158s ago] {'status_1': 'active'}
2025-03-24 13:54:31 - sqlalchemy.engine.Engine - INFO - SELECT count(technicians.id) AS count_1 
FROM technicians
2025-03-24 13:54:31 - sqlalchemy.engine.Engine - INFO - [cached since 0.06123s ago] {}
2025-03-24 13:54:31 - sqlalchemy.engine.Engine - INFO - SELECT count(technicians.id) AS count_1 
FROM technicians 
WHERE technicians.status = %(status_1)s
2025-03-24 13:54:31 - sqlalchemy.engine.Engine - INFO - [cached since 0.06196s ago] {'status_1': 'active'}
2025-03-24 13:54:31 - app.routers.dashboard - INFO - Getting dashboard stats (unauthenticated)
2025-03-24 13:54:31 - sqlalchemy.engine.Engine - INFO - BEGIN (implicit)
2025-03-24 13:54:31 - sqlalchemy.engine.Engine - INFO - SELECT count(work_orders.id) AS count_1 
FROM work_orders
2025-03-24 13:54:31 - sqlalchemy.engine.Engine - INFO - [cached since 0.1308s ago] {}
2025-03-24 13:54:31 - sqlalchemy.engine.Engine - INFO - SELECT count(work_orders.id) AS count_1 
FROM work_orders 
WHERE work_orders.status IN (%(status_1_1)s, %(status_1_2)s)
2025-03-24 13:54:31 - sqlalchemy.engine.Engine - INFO - [cached since 0.1303s ago] {'status_1_1': 'pending', 'status_1_2': 'scheduled'}
2025-03-24 13:54:31 - sqlalchemy.engine.Engine - INFO - SELECT count(work_orders.id) AS count_1 
FROM work_orders 
WHERE work_orders.status = %(status_1)s
2025-03-24 13:54:31 - sqlalchemy.engine.Engine - INFO - [cached since 0.1304s ago] {'status_1': 'completed'}
2025-03-24 13:54:31 - sqlalchemy.engine.Engine - INFO - SELECT count(work_orders.id) AS count_1 
FROM work_orders 
WHERE work_orders.created_at >= %(created_at_1)s AND work_orders.created_at <= %(created_at_2)s
2025-03-24 13:54:31 - sqlalchemy.engine.Engine - INFO - [cached since 0.1287s ago] {'created_at_1': datetime.date(2025, 3, 1), 'created_at_2': datetime.date(2025, 3, 31)}
2025-03-24 13:54:31 - sqlalchemy.engine.Engine - INFO - SELECT count(work_orders.id) AS count_1 
FROM work_orders 
WHERE work_orders.created_at >= %(created_at_1)s AND work_orders.created_at < %(created_at_2)s
2025-03-24 13:54:31 - sqlalchemy.engine.Engine - INFO - [cached since 0.1278s ago] {'created_at_1': datetime.date(2025, 2, 1), 'created_at_2': datetime.date(2025, 3, 1)}
2025-03-24 13:54:31 - sqlalchemy.engine.Engine - INFO - SELECT sum(payments.amount) AS sum_1 
FROM payments 
WHERE payments.status = %(status_1)s AND payments.payment_date >= %(payment_date_1)s AND payments.payment_date <= %(payment_date_2)s
2025-03-24 13:54:31 - sqlalchemy.engine.Engine - INFO - [cached since 0.1263s ago] {'status_1': 'success', 'payment_date_1': datetime.date(2025, 3, 1), 'payment_date_2': datetime.date(2025, 3, 31)}
2025-03-24 13:54:31 - sqlalchemy.engine.Engine - INFO - SELECT sum(payments.amount) AS sum_1 
FROM payments 
WHERE payments.status = %(status_1)s AND payments.payment_date >= %(payment_date_1)s AND payments.payment_date < %(payment_date_2)s
2025-03-24 13:54:31 - sqlalchemy.engine.Engine - INFO - [cached since 0.1255s ago] {'status_1': 'success', 'payment_date_1': datetime.date(2025, 2, 1), 'payment_date_2': datetime.date(2025, 3, 1)}
2025-03-24 13:54:31 - sqlalchemy.engine.Engine - INFO - SELECT SUM(total) FROM invoices WHERE status IN ('sent', 'overdue')
2025-03-24 13:54:31 - sqlalchemy.engine.Engine - INFO - [cached since 0.1251s ago] {}
2025-03-24 13:54:31 - sqlalchemy.engine.Engine - INFO - SELECT count(invoices.id) AS count_1 
FROM invoices 
WHERE invoices.status = %(status_1)s
2025-03-24 13:54:31 - sqlalchemy.engine.Engine - INFO - [cached since 0.1247s ago] {'status_1': 'overdue'}
2025-03-24 13:54:31 - sqlalchemy.engine.Engine - INFO - SELECT count(clients.id) AS count_1 
FROM clients
2025-03-24 13:54:31 - sqlalchemy.engine.Engine - INFO - [cached since 0.1243s ago] {}
2025-03-24 13:54:31 - sqlalchemy.engine.Engine - INFO - SELECT count(clients.id) AS count_1 
FROM clients 
WHERE clients.status = %(status_1)s
2025-03-24 13:54:31 - sqlalchemy.engine.Engine - INFO - [cached since 0.1246s ago] {'status_1': 'active'}
2025-03-24 13:54:31 - sqlalchemy.engine.Engine - INFO - SELECT count(technicians.id) AS count_1 
FROM technicians
2025-03-24 13:54:31 - sqlalchemy.engine.Engine - INFO - [cached since 0.1243s ago] {}
2025-03-24 13:54:31 - sqlalchemy.engine.Engine - INFO - SELECT count(technicians.id) AS count_1 
FROM technicians 
WHERE technicians.status = %(status_1)s
2025-03-24 13:54:31 - sqlalchemy.engine.Engine - INFO - [cached since 0.1244s ago] {'status_1': 'active'}
2025-03-24 13:54:31 - app.routers.dashboard - INFO - Getting dashboard stats (unauthenticated)
2025-03-24 13:54:31 - sqlalchemy.engine.Engine - INFO - BEGIN (implicit)
2025-03-24 13:54:31 - sqlalchemy.engine.Engine - INFO - SELECT count(work_orders.id) AS count_1 
FROM work_orders
2025-03-24 13:54:31 - sqlalchemy.engine.Engine - INFO - [cached since 0.1934s ago] {}
2025-03-24 13:54:31 - sqlalchemy.engine.Engine - INFO - SELECT count(work_orders.id) AS count_1 
FROM work_orders 
WHERE work_orders.status IN (%(status_1_1)s, %(status_1_2)s)
2025-03-24 13:54:31 - sqlalchemy.engine.Engine - INFO - [cached since 0.1924s ago] {'status_1_1': 'pending', 'status_1_2': 'scheduled'}
2025-03-24 13:54:31 - sqlalchemy.engine.Engine - INFO - SELECT count(work_orders.id) AS count_1 
FROM work_orders 
WHERE work_orders.status = %(status_1)s
2025-03-24 13:54:31 - sqlalchemy.engine.Engine - INFO - [cached since 0.192s ago] {'status_1': 'completed'}
2025-03-24 13:54:31 - sqlalchemy.engine.Engine - INFO - SELECT count(work_orders.id) AS count_1 
FROM work_orders 
WHERE work_orders.created_at >= %(created_at_1)s AND work_orders.created_at <= %(created_at_2)s
2025-03-24 13:54:31 - sqlalchemy.engine.Engine - INFO - [cached since 0.1904s ago] {'created_at_1': datetime.date(2025, 3, 1), 'created_at_2': datetime.date(2025, 3, 31)}
2025-03-24 13:54:31 - sqlalchemy.engine.Engine - INFO - SELECT count(work_orders.id) AS count_1 
FROM work_orders 
WHERE work_orders.created_at >= %(created_at_1)s AND work_orders.created_at < %(created_at_2)s
2025-03-24 13:54:31 - sqlalchemy.engine.Engine - INFO - [cached since 0.1895s ago] {'created_at_1': datetime.date(2025, 2, 1), 'created_at_2': datetime.date(2025, 3, 1)}
2025-03-24 13:54:31 - sqlalchemy.engine.Engine - INFO - SELECT sum(payments.amount) AS sum_1 
FROM payments 
WHERE payments.status = %(status_1)s AND payments.payment_date >= %(payment_date_1)s AND payments.payment_date <= %(payment_date_2)s
2025-03-24 13:54:31 - sqlalchemy.engine.Engine - INFO - [cached since 0.1878s ago] {'status_1': 'success', 'payment_date_1': datetime.date(2025, 3, 1), 'payment_date_2': datetime.date(2025, 3, 31)}
2025-03-24 13:54:31 - sqlalchemy.engine.Engine - INFO - SELECT sum(payments.amount) AS sum_1 
FROM payments 
WHERE payments.status = %(status_1)s AND payments.payment_date >= %(payment_date_1)s AND payments.payment_date < %(payment_date_2)s
2025-03-24 13:54:31 - sqlalchemy.engine.Engine - INFO - [cached since 0.1873s ago] {'status_1': 'success', 'payment_date_1': datetime.date(2025, 2, 1), 'payment_date_2': datetime.date(2025, 3, 1)}
2025-03-24 13:54:31 - sqlalchemy.engine.Engine - INFO - SELECT SUM(total) FROM invoices WHERE status IN ('sent', 'overdue')
2025-03-24 13:54:31 - sqlalchemy.engine.Engine - INFO - [cached since 0.1869s ago] {}
2025-03-24 13:54:31 - sqlalchemy.engine.Engine - INFO - SELECT count(invoices.id) AS count_1 
FROM invoices 
WHERE invoices.status = %(status_1)s
2025-03-24 13:54:31 - sqlalchemy.engine.Engine - INFO - [cached since 0.1864s ago] {'status_1': 'overdue'}
2025-03-24 13:54:31 - sqlalchemy.engine.Engine - INFO - SELECT count(clients.id) AS count_1 
FROM clients
2025-03-24 13:54:31 - sqlalchemy.engine.Engine - INFO - [cached since 0.186s ago] {}
2025-03-24 13:54:31 - sqlalchemy.engine.Engine - INFO - SELECT count(clients.id) AS count_1 
FROM clients 
WHERE clients.status = %(status_1)s
2025-03-24 13:54:31 - sqlalchemy.engine.Engine - INFO - [cached since 0.1856s ago] {'status_1': 'active'}
2025-03-24 13:54:31 - sqlalchemy.engine.Engine - INFO - SELECT count(technicians.id) AS count_1 
FROM technicians
2025-03-24 13:54:31 - sqlalchemy.engine.Engine - INFO - [cached since 0.1852s ago] {}
2025-03-24 13:54:31 - sqlalchemy.engine.Engine - INFO - SELECT count(technicians.id) AS count_1 
FROM technicians 
WHERE technicians.status = %(status_1)s
2025-03-24 13:54:31 - sqlalchemy.engine.Engine - INFO - [cached since 0.1854s ago] {'status_1': 'active'}
2025-03-24 13:54:31 - app.core.middleware - INFO - Request c788dcdd-8b40-4302-a153-f33af0584ac9 completed: GET http://localhost:8000/api/work-orders?page=1&limit=10 - Status: 403 - Time: 0.2795s
2025-03-24 13:54:31 - app.core.middleware - INFO - Request b14d0ed4-ad44-487d-ba75-def61320db8e completed: GET http://localhost:8000/api/work-orders?page=1&limit=10 - Status: 403 - Time: 0.2785s
2025-03-24 13:54:31 - app.core.middleware - INFO - Request 5b3ca60b-b5c3-4a9b-ab6e-36a449f649a3 completed: GET http://localhost:8000/api/dashboard/stats - Status: 200 - Time: 0.2845s
2025-03-24 13:54:31 - sqlalchemy.engine.Engine - INFO - ROLLBACK
2025-03-24 13:54:31 - sqlalchemy.engine.Engine - INFO - ROLLBACK
2025-03-24 13:54:31 - app.core.middleware - INFO - Request f955ecc5-5105-417f-b2c8-134b5deb6de4 completed: GET http://localhost:8000/api/dashboard/stats - Status: 200 - Time: 0.2840s
2025-03-24 13:54:31 - sqlalchemy.engine.Engine - INFO - ROLLBACK
2025-03-24 13:54:31 - sqlalchemy.engine.Engine - INFO - ROLLBACK
2025-03-24 13:54:31 - app.core.middleware - INFO - Request f31e41ae-da2e-433a-bcc3-ef72a9199ed8 completed: GET http://localhost:8000/api/dashboard/stats - Status: 200 - Time: 0.2850s
2025-03-24 13:54:31 - app.core.middleware - INFO - Request b744917d-5203-4b14-a56f-a14c69e9ad7d completed: GET http://localhost:8000/api/dashboard/stats - Status: 200 - Time: 0.2850s
2025-03-24 13:54:48 - root - INFO - Redis client initialized successfully
2025-03-24 13:54:48 - root - INFO - Auth0 configuration loaded - Domain: dev-fqp1z1l3km7uj2gq.us.auth0.com, Audience: https://idimsapi
2025-03-24 13:54:55 - root - INFO - Redis client initialized successfully
2025-03-24 13:54:55 - root - INFO - Auth0 configuration loaded - Domain: dev-fqp1z1l3km7uj2gq.us.auth0.com, Audience: https://idimsapi
2025-03-24 13:55:05 - root - INFO - Redis client initialized successfully
2025-03-24 13:55:05 - root - INFO - Auth0 configuration loaded - Domain: dev-fqp1z1l3km7uj2gq.us.auth0.com, Audience: https://idimsapi
2025-03-24 13:55:13 - app.core.middleware - INFO - Request bbff2aa2-7c74-440b-9a67-b3bcc48888d0 started: GET http://localhost:8000/api/dashboard/stats
2025-03-24 13:55:13 - app.routers.dashboard - INFO - Getting dashboard stats (unauthenticated)
2025-03-24 13:55:13 - sqlalchemy.engine.Engine - INFO - BEGIN (implicit)
2025-03-24 13:55:13 - sqlalchemy.engine.Engine - INFO - SELECT count(work_orders.id) AS count_1 
FROM work_orders
2025-03-24 13:55:13 - sqlalchemy.engine.Engine - INFO - [generated in 0.00080s] {}
2025-03-24 13:55:13 - sqlalchemy.engine.Engine - INFO - SELECT count(work_orders.id) AS count_1 
FROM work_orders 
WHERE work_orders.status IN (%(status_1_1)s, %(status_1_2)s)
2025-03-24 13:55:13 - sqlalchemy.engine.Engine - INFO - [generated in 0.00102s] {'status_1_1': 'pending', 'status_1_2': 'scheduled'}
2025-03-24 13:55:13 - sqlalchemy.engine.Engine - INFO - SELECT count(work_orders.id) AS count_1 
FROM work_orders 
WHERE work_orders.status = %(status_1)s
2025-03-24 13:55:13 - sqlalchemy.engine.Engine - INFO - [generated in 0.00084s] {'status_1': 'completed'}
2025-03-24 13:55:13 - sqlalchemy.engine.Engine - INFO - SELECT count(work_orders.id) AS count_1 
FROM work_orders 
WHERE work_orders.created_at >= %(created_at_1)s AND work_orders.created_at <= %(created_at_2)s
2025-03-24 13:55:13 - sqlalchemy.engine.Engine - INFO - [generated in 0.00082s] {'created_at_1': datetime.date(2025, 3, 1), 'created_at_2': datetime.date(2025, 3, 31)}
2025-03-24 13:55:13 - sqlalchemy.engine.Engine - INFO - SELECT count(work_orders.id) AS count_1 
FROM work_orders 
WHERE work_orders.created_at >= %(created_at_1)s AND work_orders.created_at < %(created_at_2)s
2025-03-24 13:55:13 - sqlalchemy.engine.Engine - INFO - [generated in 0.00100s] {'created_at_1': datetime.date(2025, 2, 1), 'created_at_2': datetime.date(2025, 3, 1)}
2025-03-24 13:55:13 - sqlalchemy.engine.Engine - INFO - SELECT sum(payments.amount) AS sum_1 
FROM payments 
WHERE payments.status = %(status_1)s AND payments.payment_date >= %(payment_date_1)s AND payments.payment_date <= %(payment_date_2)s
2025-03-24 13:55:13 - sqlalchemy.engine.Engine - INFO - [generated in 0.00092s] {'status_1': 'success', 'payment_date_1': datetime.date(2025, 3, 1), 'payment_date_2': datetime.date(2025, 3, 31)}
2025-03-24 13:55:13 - sqlalchemy.engine.Engine - INFO - SELECT sum(payments.amount) AS sum_1 
FROM payments 
WHERE payments.status = %(status_1)s AND payments.payment_date >= %(payment_date_1)s AND payments.payment_date < %(payment_date_2)s
2025-03-24 13:55:13 - sqlalchemy.engine.Engine - INFO - [generated in 0.00097s] {'status_1': 'success', 'payment_date_1': datetime.date(2025, 2, 1), 'payment_date_2': datetime.date(2025, 3, 1)}
2025-03-24 13:55:13 - sqlalchemy.engine.Engine - INFO - SELECT SUM(total) FROM invoices WHERE status IN ('sent', 'overdue')
2025-03-24 13:55:13 - sqlalchemy.engine.Engine - INFO - [generated in 0.00064s] {}
2025-03-24 13:55:13 - sqlalchemy.engine.Engine - INFO - SELECT count(invoices.id) AS count_1 
FROM invoices 
WHERE invoices.status = %(status_1)s
2025-03-24 13:55:13 - sqlalchemy.engine.Engine - INFO - [generated in 0.00079s] {'status_1': 'overdue'}
2025-03-24 13:55:13 - sqlalchemy.engine.Engine - INFO - SELECT count(clients.id) AS count_1 
FROM clients
2025-03-24 13:55:13 - sqlalchemy.engine.Engine - INFO - [generated in 0.00068s] {}
2025-03-24 13:55:13 - sqlalchemy.engine.Engine - INFO - SELECT count(clients.id) AS count_1 
FROM clients 
WHERE clients.status = %(status_1)s
2025-03-24 13:55:13 - sqlalchemy.engine.Engine - INFO - [generated in 0.00096s] {'status_1': 'active'}
2025-03-24 13:55:13 - sqlalchemy.engine.Engine - INFO - SELECT count(technicians.id) AS count_1 
FROM technicians
2025-03-24 13:55:13 - sqlalchemy.engine.Engine - INFO - [generated in 0.00089s] {}
2025-03-24 13:55:13 - sqlalchemy.engine.Engine - INFO - SELECT count(technicians.id) AS count_1 
FROM technicians 
WHERE technicians.status = %(status_1)s
2025-03-24 13:55:13 - sqlalchemy.engine.Engine - INFO - [generated in 0.00104s] {'status_1': 'active'}
2025-03-24 13:55:13 - app.core.middleware - INFO - Request bbff2aa2-7c74-440b-9a67-b3bcc48888d0 completed: GET http://localhost:8000/api/dashboard/stats - Status: 200 - Time: 0.0805s
2025-03-24 13:55:13 - sqlalchemy.engine.Engine - INFO - ROLLBACK
2025-03-24 13:55:13 - app.core.middleware - INFO - Request ebcb7f62-a630-471b-b6a1-b098ace72271 started: GET http://localhost:8000/api/dashboard/stats
2025-03-24 13:55:13 - app.routers.dashboard - INFO - Getting dashboard stats (unauthenticated)
2025-03-24 13:55:13 - sqlalchemy.engine.Engine - INFO - BEGIN (implicit)
2025-03-24 13:55:13 - sqlalchemy.engine.Engine - INFO - SELECT count(work_orders.id) AS count_1 
FROM work_orders
2025-03-24 13:55:13 - sqlalchemy.engine.Engine - INFO - [cached since 0.03971s ago] {}
2025-03-24 13:55:13 - sqlalchemy.engine.Engine - INFO - SELECT count(work_orders.id) AS count_1 
FROM work_orders 
WHERE work_orders.status IN (%(status_1_1)s, %(status_1_2)s)
2025-03-24 13:55:13 - sqlalchemy.engine.Engine - INFO - [cached since 0.03789s ago] {'status_1_1': 'pending', 'status_1_2': 'scheduled'}
2025-03-24 13:55:13 - sqlalchemy.engine.Engine - INFO - SELECT count(work_orders.id) AS count_1 
FROM work_orders 
WHERE work_orders.status = %(status_1)s
2025-03-24 13:55:13 - sqlalchemy.engine.Engine - INFO - [cached since 0.03734s ago] {'status_1': 'completed'}
2025-03-24 13:55:13 - sqlalchemy.engine.Engine - INFO - SELECT count(work_orders.id) AS count_1 
FROM work_orders 
WHERE work_orders.created_at >= %(created_at_1)s AND work_orders.created_at <= %(created_at_2)s
2025-03-24 13:55:13 - sqlalchemy.engine.Engine - INFO - [cached since 0.03701s ago] {'created_at_1': datetime.date(2025, 3, 1), 'created_at_2': datetime.date(2025, 3, 31)}
2025-03-24 13:55:13 - sqlalchemy.engine.Engine - INFO - SELECT count(work_orders.id) AS count_1 
FROM work_orders 
WHERE work_orders.created_at >= %(created_at_1)s AND work_orders.created_at < %(created_at_2)s
2025-03-24 13:55:13 - sqlalchemy.engine.Engine - INFO - [cached since 0.03704s ago] {'created_at_1': datetime.date(2025, 2, 1), 'created_at_2': datetime.date(2025, 3, 1)}
2025-03-24 13:55:13 - sqlalchemy.engine.Engine - INFO - SELECT sum(payments.amount) AS sum_1 
FROM payments 
WHERE payments.status = %(status_1)s AND payments.payment_date >= %(payment_date_1)s AND payments.payment_date <= %(payment_date_2)s
2025-03-24 13:55:13 - sqlalchemy.engine.Engine - INFO - [cached since 0.03616s ago] {'status_1': 'success', 'payment_date_1': datetime.date(2025, 3, 1), 'payment_date_2': datetime.date(2025, 3, 31)}
2025-03-24 13:55:13 - sqlalchemy.engine.Engine - INFO - SELECT sum(payments.amount) AS sum_1 
FROM payments 
WHERE payments.status = %(status_1)s AND payments.payment_date >= %(payment_date_1)s AND payments.payment_date < %(payment_date_2)s
2025-03-24 13:55:13 - sqlalchemy.engine.Engine - INFO - [cached since 0.03526s ago] {'status_1': 'success', 'payment_date_1': datetime.date(2025, 2, 1), 'payment_date_2': datetime.date(2025, 3, 1)}
2025-03-24 13:55:13 - sqlalchemy.engine.Engine - INFO - SELECT SUM(total) FROM invoices WHERE status IN ('sent', 'overdue')
2025-03-24 13:55:13 - sqlalchemy.engine.Engine - INFO - [cached since 0.03464s ago] {}
2025-03-24 13:55:13 - sqlalchemy.engine.Engine - INFO - SELECT count(invoices.id) AS count_1 
FROM invoices 
WHERE invoices.status = %(status_1)s
2025-03-24 13:55:13 - sqlalchemy.engine.Engine - INFO - [cached since 0.03384s ago] {'status_1': 'overdue'}
2025-03-24 13:55:13 - sqlalchemy.engine.Engine - INFO - SELECT count(clients.id) AS count_1 
FROM clients
2025-03-24 13:55:13 - sqlalchemy.engine.Engine - INFO - [cached since 0.03348s ago] {}
2025-03-24 13:55:13 - sqlalchemy.engine.Engine - INFO - SELECT count(clients.id) AS count_1 
FROM clients 
WHERE clients.status = %(status_1)s
2025-03-24 13:55:13 - sqlalchemy.engine.Engine - INFO - [cached since 0.03259s ago] {'status_1': 'active'}
2025-03-24 13:55:13 - sqlalchemy.engine.Engine - INFO - SELECT count(technicians.id) AS count_1 
FROM technicians
2025-03-24 13:55:13 - sqlalchemy.engine.Engine - INFO - [cached since 0.03206s ago] {}
2025-03-24 13:55:13 - sqlalchemy.engine.Engine - INFO - SELECT count(technicians.id) AS count_1 
FROM technicians 
WHERE technicians.status = %(status_1)s
2025-03-24 13:55:13 - sqlalchemy.engine.Engine - INFO - [cached since 0.03104s ago] {'status_1': 'active'}
2025-03-24 13:55:13 - app.core.middleware - INFO - Request ebcb7f62-a630-471b-b6a1-b098ace72271 completed: GET http://localhost:8000/api/dashboard/stats - Status: 200 - Time: 0.0275s
2025-03-24 13:55:13 - sqlalchemy.engine.Engine - INFO - ROLLBACK
2025-03-24 13:55:13 - app.core.middleware - INFO - Request c6e2da18-2d62-4cf9-b340-3c7094ecb089 started: GET http://localhost:8000/api/dashboard/stats
2025-03-24 13:55:13 - app.routers.dashboard - INFO - Getting dashboard stats (unauthenticated)
2025-03-24 13:55:13 - sqlalchemy.engine.Engine - INFO - BEGIN (implicit)
2025-03-24 13:55:13 - sqlalchemy.engine.Engine - INFO - SELECT count(work_orders.id) AS count_1 
FROM work_orders
2025-03-24 13:55:13 - sqlalchemy.engine.Engine - INFO - [cached since 0.06962s ago] {}
2025-03-24 13:55:13 - sqlalchemy.engine.Engine - INFO - SELECT count(work_orders.id) AS count_1 
FROM work_orders 
WHERE work_orders.status IN (%(status_1_1)s, %(status_1_2)s)
2025-03-24 13:55:13 - sqlalchemy.engine.Engine - INFO - [cached since 0.06815s ago] {'status_1_1': 'pending', 'status_1_2': 'scheduled'}
2025-03-24 13:55:13 - sqlalchemy.engine.Engine - INFO - SELECT count(work_orders.id) AS count_1 
FROM work_orders 
WHERE work_orders.status = %(status_1)s
2025-03-24 13:55:13 - sqlalchemy.engine.Engine - INFO - [cached since 0.06806s ago] {'status_1': 'completed'}
2025-03-24 13:55:13 - sqlalchemy.engine.Engine - INFO - SELECT count(work_orders.id) AS count_1 
FROM work_orders 
WHERE work_orders.created_at >= %(created_at_1)s AND work_orders.created_at <= %(created_at_2)s
2025-03-24 13:55:13 - sqlalchemy.engine.Engine - INFO - [cached since 0.06775s ago] {'created_at_1': datetime.date(2025, 3, 1), 'created_at_2': datetime.date(2025, 3, 31)}
2025-03-24 13:55:13 - sqlalchemy.engine.Engine - INFO - SELECT count(work_orders.id) AS count_1 
FROM work_orders 
WHERE work_orders.created_at >= %(created_at_1)s AND work_orders.created_at < %(created_at_2)s
2025-03-24 13:55:13 - sqlalchemy.engine.Engine - INFO - [cached since 0.06754s ago] {'created_at_1': datetime.date(2025, 2, 1), 'created_at_2': datetime.date(2025, 3, 1)}
2025-03-24 13:55:13 - sqlalchemy.engine.Engine - INFO - SELECT sum(payments.amount) AS sum_1 
FROM payments 
WHERE payments.status = %(status_1)s AND payments.payment_date >= %(payment_date_1)s AND payments.payment_date <= %(payment_date_2)s
2025-03-24 13:55:13 - sqlalchemy.engine.Engine - INFO - [cached since 0.0666s ago] {'status_1': 'success', 'payment_date_1': datetime.date(2025, 3, 1), 'payment_date_2': datetime.date(2025, 3, 31)}
2025-03-24 13:55:13 - sqlalchemy.engine.Engine - INFO - SELECT sum(payments.amount) AS sum_1 
FROM payments 
WHERE payments.status = %(status_1)s AND payments.payment_date >= %(payment_date_1)s AND payments.payment_date < %(payment_date_2)s
2025-03-24 13:55:13 - sqlalchemy.engine.Engine - INFO - [cached since 0.06564s ago] {'status_1': 'success', 'payment_date_1': datetime.date(2025, 2, 1), 'payment_date_2': datetime.date(2025, 3, 1)}
2025-03-24 13:55:13 - sqlalchemy.engine.Engine - INFO - SELECT SUM(total) FROM invoices WHERE status IN ('sent', 'overdue')
2025-03-24 13:55:13 - sqlalchemy.engine.Engine - INFO - [cached since 0.06494s ago] {}
2025-03-24 13:55:13 - sqlalchemy.engine.Engine - INFO - SELECT count(invoices.id) AS count_1 
FROM invoices 
WHERE invoices.status = %(status_1)s
2025-03-24 13:55:13 - sqlalchemy.engine.Engine - INFO - [cached since 0.06393s ago] {'status_1': 'overdue'}
2025-03-24 13:55:13 - sqlalchemy.engine.Engine - INFO - SELECT count(clients.id) AS count_1 
FROM clients
2025-03-24 13:55:13 - sqlalchemy.engine.Engine - INFO - [cached since 0.0634s ago] {}
2025-03-24 13:55:13 - sqlalchemy.engine.Engine - INFO - SELECT count(clients.id) AS count_1 
FROM clients 
WHERE clients.status = %(status_1)s
2025-03-24 13:55:13 - sqlalchemy.engine.Engine - INFO - [cached since 0.06267s ago] {'status_1': 'active'}
2025-03-24 13:55:13 - sqlalchemy.engine.Engine - INFO - SELECT count(technicians.id) AS count_1 
FROM technicians
2025-03-24 13:55:13 - sqlalchemy.engine.Engine - INFO - [cached since 0.06173s ago] {}
2025-03-24 13:55:13 - sqlalchemy.engine.Engine - INFO - SELECT count(technicians.id) AS count_1 
FROM technicians 
WHERE technicians.status = %(status_1)s
2025-03-24 13:55:13 - sqlalchemy.engine.Engine - INFO - [cached since 0.06062s ago] {'status_1': 'active'}
2025-03-24 13:55:13 - app.core.middleware - INFO - Request c6e2da18-2d62-4cf9-b340-3c7094ecb089 completed: GET http://localhost:8000/api/dashboard/stats - Status: 200 - Time: 0.0275s
2025-03-24 13:55:13 - sqlalchemy.engine.Engine - INFO - ROLLBACK
2025-03-24 13:55:15 - app.core.middleware - INFO - Request 85173de4-c981-4f48-82c3-96e2555f4400 started: GET http://localhost:8000/api/work-orders?page=1&limit=10
2025-03-24 13:55:15 - app.core.middleware - INFO - Request 85173de4-c981-4f48-82c3-96e2555f4400 completed: GET http://localhost:8000/api/work-orders?page=1&limit=10 - Status: 403 - Time: 0.0020s
2025-03-24 13:55:16 - app.core.middleware - INFO - Request 44f21f8f-4b93-4aa5-ba7f-4f0ee823f70c started: GET http://localhost:8000/api/work-orders?page=1&limit=10
2025-03-24 13:55:16 - app.core.middleware - INFO - Request 44f21f8f-4b93-4aa5-ba7f-4f0ee823f70c completed: GET http://localhost:8000/api/work-orders?page=1&limit=10 - Status: 403 - Time: 0.0020s
2025-03-24 13:57:11 - root - INFO - Redis client initialized successfully
2025-03-24 13:57:11 - root - INFO - Auth0 configuration loaded - Domain: dev-fqp1z1l3km7uj2gq.us.auth0.com, Audience: https://idimsapi
2025-03-24 13:57:17 - app.core.middleware - INFO - Request 5bff4ffc-0ac6-4065-8897-31febed4ebb6 started: GET http://localhost:8000/api/work-orders?page=1&limit=10
2025-03-24 13:57:17 - root - INFO - Request path: /api/work-orders, Method: GET
2025-03-24 13:57:17 - root - INFO - Authorization header present: False
2025-03-24 13:57:17 - app.core.middleware - INFO - Request 5bff4ffc-0ac6-4065-8897-31febed4ebb6 completed: GET http://localhost:8000/api/work-orders?page=1&limit=10 - Status: 403 - Time: 0.0030s
2025-03-24 13:57:18 - app.core.middleware - INFO - Request e21a529f-a0f8-4fd8-88ee-868afcc5758a started: GET http://localhost:8000/api/work-orders?page=1&limit=10
2025-03-24 13:57:18 - root - INFO - Request path: /api/work-orders, Method: GET
2025-03-24 13:57:18 - root - INFO - Authorization header present: False
2025-03-24 13:57:18 - app.core.middleware - INFO - Request e21a529f-a0f8-4fd8-88ee-868afcc5758a completed: GET http://localhost:8000/api/work-orders?page=1&limit=10 - Status: 403 - Time: 0.0025s
2025-03-24 13:58:29 - root - INFO - Redis client initialized successfully
2025-03-24 13:58:29 - root - INFO - Auth0 configuration loaded - Domain: dev-fqp1z1l3km7uj2gq.us.auth0.com, Audience: https://idimsapi
2025-03-24 13:58:56 - app.core.middleware - INFO - Request dbe454b8-4a4a-4b8d-803f-ed33774a886f started: GET http://localhost:8000/api/dashboard/stats
2025-03-24 13:58:56 - root - INFO - Request path: /api/dashboard/stats, Method: GET
2025-03-24 13:58:56 - root - INFO - Authorization header present: True
2025-03-24 13:58:56 - root - INFO - Auth header: Bearer eyJhbGci...
2025-03-24 13:58:56 - app.routers.dashboard - INFO - Getting dashboard stats (unauthenticated)
2025-03-24 13:58:56 - sqlalchemy.engine.Engine - INFO - BEGIN (implicit)
2025-03-24 13:58:56 - sqlalchemy.engine.Engine - INFO - SELECT count(work_orders.id) AS count_1 
FROM work_orders
2025-03-24 13:58:56 - sqlalchemy.engine.Engine - INFO - [generated in 0.00078s] {}
2025-03-24 13:58:56 - sqlalchemy.engine.Engine - INFO - SELECT count(work_orders.id) AS count_1 
FROM work_orders 
WHERE work_orders.status IN (%(status_1_1)s, %(status_1_2)s)
2025-03-24 13:58:56 - sqlalchemy.engine.Engine - INFO - [generated in 0.00085s] {'status_1_1': 'pending', 'status_1_2': 'scheduled'}
2025-03-24 13:58:56 - sqlalchemy.engine.Engine - INFO - SELECT count(work_orders.id) AS count_1 
FROM work_orders 
WHERE work_orders.status = %(status_1)s
2025-03-24 13:58:56 - sqlalchemy.engine.Engine - INFO - [generated in 0.00077s] {'status_1': 'completed'}
2025-03-24 13:58:56 - sqlalchemy.engine.Engine - INFO - SELECT count(work_orders.id) AS count_1 
FROM work_orders 
WHERE work_orders.created_at >= %(created_at_1)s AND work_orders.created_at <= %(created_at_2)s
2025-03-24 13:58:56 - sqlalchemy.engine.Engine - INFO - [generated in 0.00089s] {'created_at_1': datetime.date(2025, 3, 1), 'created_at_2': datetime.date(2025, 3, 31)}
2025-03-24 13:58:56 - sqlalchemy.engine.Engine - INFO - SELECT count(work_orders.id) AS count_1 
FROM work_orders 
WHERE work_orders.created_at >= %(created_at_1)s AND work_orders.created_at < %(created_at_2)s
2025-03-24 13:58:56 - sqlalchemy.engine.Engine - INFO - [generated in 0.00095s] {'created_at_1': datetime.date(2025, 2, 1), 'created_at_2': datetime.date(2025, 3, 1)}
2025-03-24 13:58:56 - sqlalchemy.engine.Engine - INFO - SELECT sum(payments.amount) AS sum_1 
FROM payments 
WHERE payments.status = %(status_1)s AND payments.payment_date >= %(payment_date_1)s AND payments.payment_date <= %(payment_date_2)s
2025-03-24 13:58:56 - sqlalchemy.engine.Engine - INFO - [generated in 0.00100s] {'status_1': 'success', 'payment_date_1': datetime.date(2025, 3, 1), 'payment_date_2': datetime.date(2025, 3, 31)}
2025-03-24 13:58:56 - sqlalchemy.engine.Engine - INFO - SELECT sum(payments.amount) AS sum_1 
FROM payments 
WHERE payments.status = %(status_1)s AND payments.payment_date >= %(payment_date_1)s AND payments.payment_date < %(payment_date_2)s
2025-03-24 13:58:56 - sqlalchemy.engine.Engine - INFO - [generated in 0.00112s] {'status_1': 'success', 'payment_date_1': datetime.date(2025, 2, 1), 'payment_date_2': datetime.date(2025, 3, 1)}
2025-03-24 13:58:56 - sqlalchemy.engine.Engine - INFO - SELECT SUM(total) FROM invoices WHERE status IN ('sent', 'overdue')
2025-03-24 13:58:56 - sqlalchemy.engine.Engine - INFO - [generated in 0.00062s] {}
2025-03-24 13:58:56 - sqlalchemy.engine.Engine - INFO - SELECT count(invoices.id) AS count_1 
FROM invoices 
WHERE invoices.status = %(status_1)s
2025-03-24 13:58:56 - sqlalchemy.engine.Engine - INFO - [generated in 0.00086s] {'status_1': 'overdue'}
2025-03-24 13:58:56 - sqlalchemy.engine.Engine - INFO - SELECT count(clients.id) AS count_1 
FROM clients
2025-03-24 13:58:56 - sqlalchemy.engine.Engine - INFO - [generated in 0.00084s] {}
2025-03-24 13:58:56 - sqlalchemy.engine.Engine - INFO - SELECT count(clients.id) AS count_1 
FROM clients 
WHERE clients.status = %(status_1)s
2025-03-24 13:58:56 - sqlalchemy.engine.Engine - INFO - [generated in 0.00090s] {'status_1': 'active'}
2025-03-24 13:58:56 - sqlalchemy.engine.Engine - INFO - SELECT count(technicians.id) AS count_1 
FROM technicians
2025-03-24 13:58:56 - sqlalchemy.engine.Engine - INFO - [generated in 0.00083s] {}
2025-03-24 13:58:56 - sqlalchemy.engine.Engine - INFO - SELECT count(technicians.id) AS count_1 
FROM technicians 
WHERE technicians.status = %(status_1)s
2025-03-24 13:58:56 - sqlalchemy.engine.Engine - INFO - [generated in 0.00103s] {'status_1': 'active'}
2025-03-24 13:58:56 - sqlalchemy.engine.Engine - INFO - ROLLBACK
2025-03-24 13:58:56 - app.core.middleware - INFO - Request dbe454b8-4a4a-4b8d-803f-ed33774a886f completed: GET http://localhost:8000/api/dashboard/stats - Status: 200 - Time: 0.0845s
2025-03-24 13:58:56 - app.core.middleware - INFO - Request 01224abe-d08e-42b5-9df6-2d865a95f73c started: GET http://localhost:8000/api/dashboard/stats
2025-03-24 13:58:56 - root - INFO - Request path: /api/dashboard/stats, Method: GET
2025-03-24 13:58:56 - root - INFO - Authorization header present: True
2025-03-24 13:58:56 - root - INFO - Auth header: Bearer eyJhbGci...
2025-03-24 13:58:56 - app.routers.dashboard - INFO - Getting dashboard stats (unauthenticated)
2025-03-24 13:58:56 - sqlalchemy.engine.Engine - INFO - BEGIN (implicit)
2025-03-24 13:58:56 - sqlalchemy.engine.Engine - INFO - SELECT count(work_orders.id) AS count_1 
FROM work_orders
2025-03-24 13:58:56 - sqlalchemy.engine.Engine - INFO - [cached since 0.04476s ago] {}
2025-03-24 13:58:56 - sqlalchemy.engine.Engine - INFO - SELECT count(work_orders.id) AS count_1 
FROM work_orders 
WHERE work_orders.status IN (%(status_1_1)s, %(status_1_2)s)
2025-03-24 13:58:56 - sqlalchemy.engine.Engine - INFO - [cached since 0.04342s ago] {'status_1_1': 'pending', 'status_1_2': 'scheduled'}
2025-03-24 13:58:56 - sqlalchemy.engine.Engine - INFO - SELECT count(work_orders.id) AS count_1 
FROM work_orders 
WHERE work_orders.status = %(status_1)s
2025-03-24 13:58:56 - sqlalchemy.engine.Engine - INFO - [cached since 0.04325s ago] {'status_1': 'completed'}
2025-03-24 13:58:56 - sqlalchemy.engine.Engine - INFO - SELECT count(work_orders.id) AS count_1 
FROM work_orders 
WHERE work_orders.created_at >= %(created_at_1)s AND work_orders.created_at <= %(created_at_2)s
2025-03-24 13:58:56 - sqlalchemy.engine.Engine - INFO - [cached since 0.04294s ago] {'created_at_1': datetime.date(2025, 3, 1), 'created_at_2': datetime.date(2025, 3, 31)}
2025-03-24 13:58:56 - sqlalchemy.engine.Engine - INFO - SELECT count(work_orders.id) AS count_1 
FROM work_orders 
WHERE work_orders.created_at >= %(created_at_1)s AND work_orders.created_at < %(created_at_2)s
2025-03-24 13:58:56 - sqlalchemy.engine.Engine - INFO - [cached since 0.04267s ago] {'created_at_1': datetime.date(2025, 2, 1), 'created_at_2': datetime.date(2025, 3, 1)}
2025-03-24 13:58:56 - sqlalchemy.engine.Engine - INFO - SELECT sum(payments.amount) AS sum_1 
FROM payments 
WHERE payments.status = %(status_1)s AND payments.payment_date >= %(payment_date_1)s AND payments.payment_date <= %(payment_date_2)s
2025-03-24 13:58:56 - sqlalchemy.engine.Engine - INFO - [cached since 0.042s ago] {'status_1': 'success', 'payment_date_1': datetime.date(2025, 3, 1), 'payment_date_2': datetime.date(2025, 3, 31)}
2025-03-24 13:58:56 - sqlalchemy.engine.Engine - INFO - SELECT sum(payments.amount) AS sum_1 
FROM payments 
WHERE payments.status = %(status_1)s AND payments.payment_date >= %(payment_date_1)s AND payments.payment_date < %(payment_date_2)s
2025-03-24 13:58:56 - sqlalchemy.engine.Engine - INFO - [cached since 0.04085s ago] {'status_1': 'success', 'payment_date_1': datetime.date(2025, 2, 1), 'payment_date_2': datetime.date(2025, 3, 1)}
2025-03-24 13:58:56 - sqlalchemy.engine.Engine - INFO - SELECT SUM(total) FROM invoices WHERE status IN ('sent', 'overdue')
2025-03-24 13:58:56 - sqlalchemy.engine.Engine - INFO - [cached since 0.04054s ago] {}
2025-03-24 13:58:56 - sqlalchemy.engine.Engine - INFO - SELECT count(invoices.id) AS count_1 
FROM invoices 
WHERE invoices.status = %(status_1)s
2025-03-24 13:58:56 - sqlalchemy.engine.Engine - INFO - [cached since 0.03954s ago] {'status_1': 'overdue'}
2025-03-24 13:58:56 - sqlalchemy.engine.Engine - INFO - SELECT count(clients.id) AS count_1 
FROM clients
2025-03-24 13:58:56 - sqlalchemy.engine.Engine - INFO - [cached since 0.03914s ago] {}
2025-03-24 13:58:56 - sqlalchemy.engine.Engine - INFO - SELECT count(clients.id) AS count_1 
FROM clients 
WHERE clients.status = %(status_1)s
2025-03-24 13:58:56 - sqlalchemy.engine.Engine - INFO - [cached since 0.038s ago] {'status_1': 'active'}
2025-03-24 13:58:56 - sqlalchemy.engine.Engine - INFO - SELECT count(technicians.id) AS count_1 
FROM technicians
2025-03-24 13:58:56 - sqlalchemy.engine.Engine - INFO - [cached since 0.0376s ago] {}
2025-03-24 13:58:56 - sqlalchemy.engine.Engine - INFO - SELECT count(technicians.id) AS count_1 
FROM technicians 
WHERE technicians.status = %(status_1)s
2025-03-24 13:58:56 - sqlalchemy.engine.Engine - INFO - [cached since 0.03604s ago] {'status_1': 'active'}
2025-03-24 13:58:56 - app.core.middleware - INFO - Request 01224abe-d08e-42b5-9df6-2d865a95f73c completed: GET http://localhost:8000/api/dashboard/stats - Status: 200 - Time: 0.0310s
2025-03-24 13:58:56 - sqlalchemy.engine.Engine - INFO - ROLLBACK
2025-03-24 13:58:59 - app.core.middleware - INFO - Request 0cfd8ef8-ba6c-4c8b-8403-49193992e078 started: GET http://localhost:8000/api/work-orders?page=1&limit=10
2025-03-24 13:58:59 - root - INFO - Request path: /api/work-orders, Method: GET
2025-03-24 13:58:59 - root - INFO - Authorization header present: False
2025-03-24 13:58:59 - app.core.middleware - INFO - Request 0cfd8ef8-ba6c-4c8b-8403-49193992e078 completed: GET http://localhost:8000/api/work-orders?page=1&limit=10 - Status: 403 - Time: 0.0055s
2025-03-24 13:59:00 - app.core.middleware - INFO - Request e7152b54-6f1d-43b6-8873-79745569fbda started: GET http://localhost:8000/api/work-orders?page=1&limit=10
2025-03-24 13:59:00 - root - INFO - Request path: /api/work-orders, Method: GET
2025-03-24 13:59:00 - root - INFO - Authorization header present: False
2025-03-24 13:59:00 - app.core.middleware - INFO - Request e7152b54-6f1d-43b6-8873-79745569fbda completed: GET http://localhost:8000/api/work-orders?page=1&limit=10 - Status: 403 - Time: 0.0040s
2025-03-24 14:00:16 - app.core.middleware - INFO - Request d382af4f-c4f7-4459-be74-46a5c3b9cd4c started: GET http://localhost:8000/api/work-orders?page=1&limit=10
2025-03-24 14:00:16 - root - INFO - Request path: /api/work-orders, Method: GET
2025-03-24 14:00:16 - root - INFO - Authorization header present: False
2025-03-24 14:00:16 - app.core.middleware - INFO - Request d382af4f-c4f7-4459-be74-46a5c3b9cd4c completed: GET http://localhost:8000/api/work-orders?page=1&limit=10 - Status: 403 - Time: 0.0035s
2025-03-24 14:00:17 - app.core.middleware - INFO - Request 2820402a-a090-49aa-904a-37d97878c224 started: GET http://localhost:8000/api/work-orders?page=1&limit=10
2025-03-24 14:00:17 - root - INFO - Request path: /api/work-orders, Method: GET
2025-03-24 14:00:17 - root - INFO - Authorization header present: False
2025-03-24 14:00:17 - app.core.middleware - INFO - Request 2820402a-a090-49aa-904a-37d97878c224 completed: GET http://localhost:8000/api/work-orders?page=1&limit=10 - Status: 403 - Time: 0.0035s
2025-03-24 14:00:56 - app.core.middleware - INFO - Request 97f9fcff-27ef-4bd9-895e-65966f88b243 started: GET http://localhost:8000/api/work-orders?page=1&limit=10
2025-03-24 14:00:56 - root - INFO - Request path: /api/work-orders, Method: GET
2025-03-24 14:00:56 - root - INFO - Authorization header present: False
2025-03-24 14:00:56 - app.core.middleware - INFO - Request 97f9fcff-27ef-4bd9-895e-65966f88b243 completed: GET http://localhost:8000/api/work-orders?page=1&limit=10 - Status: 403 - Time: 0.0035s
2025-03-24 14:00:57 - app.core.middleware - INFO - Request ad4af86a-3f11-4975-b0b9-9e4d7fa10b39 started: GET http://localhost:8000/api/work-orders?page=1&limit=10
2025-03-24 14:00:57 - root - INFO - Request path: /api/work-orders, Method: GET
2025-03-24 14:00:57 - root - INFO - Authorization header present: False
2025-03-24 14:00:57 - app.core.middleware - INFO - Request ad4af86a-3f11-4975-b0b9-9e4d7fa10b39 completed: GET http://localhost:8000/api/work-orders?page=1&limit=10 - Status: 403 - Time: 0.0035s
2025-03-24 14:02:29 - root - INFO - Redis client initialized successfully
2025-03-24 14:02:29 - root - INFO - Auth0 configuration loaded - Domain: dev-fqp1z1l3km7uj2gq.us.auth0.com, Audience: https://idimsapi
2025-03-24 14:02:30 - app.core.middleware - INFO - Request d93c9dda-5e50-43d5-8cee-8999f184946d started: GET http://localhost:8000/api/work-orders?page=1&limit=10
2025-03-24 14:02:30 - root - INFO - Request path: /api/work-orders, Method: GET
2025-03-24 14:02:30 - root - INFO - Authorization header present: False
2025-03-24 14:02:30 - app.core.middleware - INFO - Request d93c9dda-5e50-43d5-8cee-8999f184946d completed: GET http://localhost:8000/api/work-orders?page=1&limit=10 - Status: 403 - Time: 0.0035s
2025-03-24 14:02:31 - app.core.middleware - INFO - Request 4d07f5d7-f7b2-4e3e-80b1-53b1709a90df started: GET http://localhost:8000/api/work-orders?page=1&limit=10
2025-03-24 14:02:31 - root - INFO - Request path: /api/work-orders, Method: GET
2025-03-24 14:02:31 - root - INFO - Authorization header present: False
2025-03-24 14:02:31 - app.core.middleware - INFO - Request 4d07f5d7-f7b2-4e3e-80b1-53b1709a90df completed: GET http://localhost:8000/api/work-orders?page=1&limit=10 - Status: 403 - Time: 0.0030s
2025-03-24 14:02:31 - app.core.middleware - INFO - Request 1ed44032-0855-40bc-8ba2-4d5c63f05172 started: GET http://localhost:8000/api/work-orders?page=1&limit=10
2025-03-24 14:02:31 - root - INFO - Request path: /api/work-orders, Method: GET
2025-03-24 14:02:31 - root - INFO - Authorization header present: False
2025-03-24 14:02:31 - app.core.middleware - INFO - Request 1ed44032-0855-40bc-8ba2-4d5c63f05172 completed: GET http://localhost:8000/api/work-orders?page=1&limit=10 - Status: 403 - Time: 0.0030s
2025-03-24 14:02:51 - app.core.middleware - INFO - Request 74689be0-0c0b-4eed-bb66-f678a51f4e7f started: GET http://localhost:8000/api/work-orders?page=1&limit=10
2025-03-24 14:02:51 - root - INFO - Request path: /api/work-orders, Method: GET
2025-03-24 14:02:51 - root - INFO - Authorization header present: False
2025-03-24 14:02:51 - app.core.middleware - INFO - Request 74689be0-0c0b-4eed-bb66-f678a51f4e7f completed: GET http://localhost:8000/api/work-orders?page=1&limit=10 - Status: 403 - Time: 0.0040s
2025-03-24 14:02:51 - app.core.middleware - INFO - Request 1196030e-acbf-409d-9db3-fe0ec8262cb4 started: GET http://localhost:8000/api/work-orders?page=1&limit=10
2025-03-24 14:02:51 - root - INFO - Request path: /api/work-orders, Method: GET
2025-03-24 14:02:51 - root - INFO - Authorization header present: False
2025-03-24 14:02:51 - app.core.middleware - INFO - Request 1196030e-acbf-409d-9db3-fe0ec8262cb4 completed: GET http://localhost:8000/api/work-orders?page=1&limit=10 - Status: 403 - Time: 0.0030s
2025-03-24 14:02:52 - app.core.middleware - INFO - Request 8ecaa8b8-19a8-4283-8738-0b83f43120cc started: GET http://localhost:8000/api/work-orders?page=1&limit=10
2025-03-24 14:02:52 - root - INFO - Request path: /api/work-orders, Method: GET
2025-03-24 14:02:52 - root - INFO - Authorization header present: False
2025-03-24 14:02:52 - app.core.middleware - INFO - Request 8ecaa8b8-19a8-4283-8738-0b83f43120cc completed: GET http://localhost:8000/api/work-orders?page=1&limit=10 - Status: 403 - Time: 0.0030s
2025-03-24 14:02:52 - app.core.middleware - INFO - Request 2b904061-d7e6-4f30-ba12-6feee6ad4a5c started: GET http://localhost:8000/api/work-orders?page=1&limit=10
2025-03-24 14:02:52 - root - INFO - Request path: /api/work-orders, Method: GET
2025-03-24 14:02:52 - root - INFO - Authorization header present: False
2025-03-24 14:02:52 - app.core.middleware - INFO - Request 2b904061-d7e6-4f30-ba12-6feee6ad4a5c completed: GET http://localhost:8000/api/work-orders?page=1&limit=10 - Status: 403 - Time: 0.0030s
2025-03-24 14:03:04 - root - INFO - Redis client initialized successfully
2025-03-24 14:03:04 - root - INFO - Auth0 configuration loaded - Domain: dev-fqp1z1l3km7uj2gq.us.auth0.com, Audience: https://idimsapi
2025-03-24 14:06:58 - root - INFO - Redis client initialized successfully
2025-03-24 14:06:58 - root - INFO - Auth0 configuration loaded - Domain: dev-fqp1z1l3km7uj2gq.us.auth0.com, Audience: https://idimsapi
2025-03-24 14:06:58 - app.core.middleware - INFO - Request fdf429e3-ea11-4a31-af58-b26774001e41 started: GET http://localhost:8000/api/dashboard/stats
2025-03-24 14:06:58 - app.core.middleware - INFO - Request 1cc569c1-7000-4277-9d6b-1f333757db05 started: GET http://localhost:8000/api/technicians?limit=100
2025-03-24 14:06:58 - app.core.middleware - INFO - Request 209a310e-7773-48d5-9bde-54107b69a173 started: GET http://localhost:8000/api/work-orders?page=1&limit=10
2025-03-24 14:06:58 - app.core.middleware - INFO - Request 9670c446-40a2-4406-9c84-3524053ed7cc started: GET http://localhost:8000/api/clients?limit=100
2025-03-24 14:06:58 - app.core.middleware - INFO - Request 414d1583-b2d3-4402-b584-8efca019ddb0 started: GET http://localhost:8000/api/clients?limit=100
2025-03-24 14:06:58 - app.core.middleware - INFO - Request 6981ec0b-cdbf-49df-a60c-8776844490a5 started: GET http://localhost:8000/api/services?limit=100
2025-03-24 14:06:58 - root - INFO - Request d4131a68-2f9f-4a8b-a810-9134c6891d1f started: GET /api/dashboard/stats
2025-03-24 14:06:58 - root - INFO - Request d4131a68-2f9f-4a8b-a810-9134c6891d1f origin: http://localhost:3000
2025-03-24 14:06:58 - root - INFO - Request d4131a68-2f9f-4a8b-a810-9134c6891d1f referer: http://localhost:3000/
2025-03-24 14:06:58 - root - INFO - Request d4131a68-2f9f-4a8b-a810-9134c6891d1f auth header present: True
2025-03-24 14:06:58 - root - INFO - Request d4131a68-2f9f-4a8b-a810-9134c6891d1f auth header: Bearer eyJhbGci...
2025-03-24 14:06:58 - root - INFO - Request e57d9a9a-9c31-48a5-a065-fae607cbf66f started: GET /api/technicians
2025-03-24 14:06:58 - root - INFO - Request e57d9a9a-9c31-48a5-a065-fae607cbf66f origin: http://localhost:3000
2025-03-24 14:06:58 - root - INFO - Request e57d9a9a-9c31-48a5-a065-fae607cbf66f referer: http://localhost:3000/
2025-03-24 14:06:58 - root - INFO - Request e57d9a9a-9c31-48a5-a065-fae607cbf66f auth header present: False
2025-03-24 14:06:58 - root - INFO - Request 08a2e80e-e4f8-48dd-b6c7-9b6a384f2c0e started: GET /api/work-orders
2025-03-24 14:06:58 - root - INFO - Request 08a2e80e-e4f8-48dd-b6c7-9b6a384f2c0e origin: http://localhost:3000
2025-03-24 14:06:58 - root - INFO - Request 08a2e80e-e4f8-48dd-b6c7-9b6a384f2c0e referer: http://localhost:3000/
2025-03-24 14:06:58 - root - INFO - Request 08a2e80e-e4f8-48dd-b6c7-9b6a384f2c0e auth header present: False
2025-03-24 14:06:58 - root - INFO - Request 4622b4cf-c05e-4ca3-b410-cd5aced070d6 started: GET /api/clients
2025-03-24 14:06:58 - root - INFO - Request 4622b4cf-c05e-4ca3-b410-cd5aced070d6 origin: http://localhost:3000
2025-03-24 14:06:58 - root - INFO - Request 4622b4cf-c05e-4ca3-b410-cd5aced070d6 referer: http://localhost:3000/
2025-03-24 14:06:58 - root - INFO - Request 4622b4cf-c05e-4ca3-b410-cd5aced070d6 auth header present: False
2025-03-24 14:06:58 - root - INFO - Request f9092d3b-28e4-4eb0-8056-a3ecc38f0265 started: GET /api/clients
2025-03-24 14:06:58 - root - INFO - Request f9092d3b-28e4-4eb0-8056-a3ecc38f0265 origin: http://localhost:3000
2025-03-24 14:06:58 - root - INFO - Request f9092d3b-28e4-4eb0-8056-a3ecc38f0265 referer: http://localhost:3000/
2025-03-24 14:06:58 - root - INFO - Request f9092d3b-28e4-4eb0-8056-a3ecc38f0265 auth header present: False
2025-03-24 14:06:58 - root - INFO - Request 81c11fe0-77ef-406f-9de3-caad66a0a869 started: GET /api/services
2025-03-24 14:06:58 - root - INFO - Request 81c11fe0-77ef-406f-9de3-caad66a0a869 origin: http://localhost:3000
2025-03-24 14:06:58 - root - INFO - Request 81c11fe0-77ef-406f-9de3-caad66a0a869 referer: http://localhost:3000/
2025-03-24 14:06:58 - root - INFO - Request 81c11fe0-77ef-406f-9de3-caad66a0a869 auth header present: False
2025-03-24 14:06:58 - app.core.auth - ERROR - Authentication error: 'Depends' object has no attribute 'credentials'
2025-03-24 14:06:58 - app.core.auth - ERROR - Authentication error: 'Depends' object has no attribute 'credentials'
2025-03-24 14:06:58 - app.core.auth - ERROR - Authentication error: 'Depends' object has no attribute 'credentials'
2025-03-24 14:06:58 - root - INFO - Request e57d9a9a-9c31-48a5-a065-fae607cbf66f completed: GET /api/technicians - Status: 401
2025-03-24 14:06:58 - root - INFO - Request 08a2e80e-e4f8-48dd-b6c7-9b6a384f2c0e completed: GET /api/work-orders - Status: 403
2025-03-24 14:06:58 - root - INFO - Request 4622b4cf-c05e-4ca3-b410-cd5aced070d6 completed: GET /api/clients - Status: 401
2025-03-24 14:06:58 - root - INFO - Request f9092d3b-28e4-4eb0-8056-a3ecc38f0265 completed: GET /api/clients - Status: 401
2025-03-24 14:06:58 - root - INFO - Request 81c11fe0-77ef-406f-9de3-caad66a0a869 completed: GET /api/services - Status: 404
2025-03-24 14:06:58 - app.routers.dashboard - INFO - Getting dashboard stats (unauthenticated)
2025-03-24 14:06:58 - sqlalchemy.engine.Engine - INFO - BEGIN (implicit)
2025-03-24 14:06:58 - sqlalchemy.engine.Engine - INFO - SELECT count(work_orders.id) AS count_1 
FROM work_orders
2025-03-24 14:06:58 - sqlalchemy.engine.Engine - INFO - [generated in 0.00095s] {}
2025-03-24 14:06:58 - sqlalchemy.engine.Engine - INFO - SELECT count(work_orders.id) AS count_1 
FROM work_orders 
WHERE work_orders.status IN (%(status_1_1)s, %(status_1_2)s)
2025-03-24 14:06:58 - sqlalchemy.engine.Engine - INFO - [generated in 0.00091s] {'status_1_1': 'pending', 'status_1_2': 'scheduled'}
2025-03-24 14:06:58 - sqlalchemy.engine.Engine - INFO - SELECT count(work_orders.id) AS count_1 
FROM work_orders 
WHERE work_orders.status = %(status_1)s
2025-03-24 14:06:58 - sqlalchemy.engine.Engine - INFO - [generated in 0.00087s] {'status_1': 'completed'}
2025-03-24 14:06:58 - sqlalchemy.engine.Engine - INFO - SELECT count(work_orders.id) AS count_1 
FROM work_orders 
WHERE work_orders.created_at >= %(created_at_1)s AND work_orders.created_at <= %(created_at_2)s
2025-03-24 14:06:58 - sqlalchemy.engine.Engine - INFO - [generated in 0.00102s] {'created_at_1': datetime.date(2025, 3, 1), 'created_at_2': datetime.date(2025, 3, 31)}
2025-03-24 14:06:58 - sqlalchemy.engine.Engine - INFO - SELECT count(work_orders.id) AS count_1 
FROM work_orders 
WHERE work_orders.created_at >= %(created_at_1)s AND work_orders.created_at < %(created_at_2)s
2025-03-24 14:06:58 - sqlalchemy.engine.Engine - INFO - [generated in 0.00101s] {'created_at_1': datetime.date(2025, 2, 1), 'created_at_2': datetime.date(2025, 3, 1)}
2025-03-24 14:06:58 - sqlalchemy.engine.Engine - INFO - SELECT sum(payments.amount) AS sum_1 
FROM payments 
WHERE payments.status = %(status_1)s AND payments.payment_date >= %(payment_date_1)s AND payments.payment_date <= %(payment_date_2)s
2025-03-24 14:06:58 - sqlalchemy.engine.Engine - INFO - [generated in 0.00119s] {'status_1': 'success', 'payment_date_1': datetime.date(2025, 3, 1), 'payment_date_2': datetime.date(2025, 3, 31)}
2025-03-24 14:06:58 - sqlalchemy.engine.Engine - INFO - SELECT sum(payments.amount) AS sum_1 
FROM payments 
WHERE payments.status = %(status_1)s AND payments.payment_date >= %(payment_date_1)s AND payments.payment_date < %(payment_date_2)s
2025-03-24 14:06:58 - sqlalchemy.engine.Engine - INFO - [generated in 0.00091s] {'status_1': 'success', 'payment_date_1': datetime.date(2025, 2, 1), 'payment_date_2': datetime.date(2025, 3, 1)}
2025-03-24 14:06:58 - sqlalchemy.engine.Engine - INFO - SELECT SUM(total) FROM invoices WHERE status IN ('sent', 'overdue')
2025-03-24 14:06:58 - sqlalchemy.engine.Engine - INFO - [generated in 0.00063s] {}
2025-03-24 14:06:58 - sqlalchemy.engine.Engine - INFO - SELECT count(invoices.id) AS count_1 
FROM invoices 
WHERE invoices.status = %(status_1)s
2025-03-24 14:06:58 - sqlalchemy.engine.Engine - INFO - [generated in 0.00111s] {'status_1': 'overdue'}
2025-03-24 14:06:58 - sqlalchemy.engine.Engine - INFO - SELECT count(clients.id) AS count_1 
FROM clients
2025-03-24 14:06:58 - sqlalchemy.engine.Engine - INFO - [generated in 0.00076s] {}
2025-03-24 14:06:58 - sqlalchemy.engine.Engine - INFO - SELECT count(clients.id) AS count_1 
FROM clients 
WHERE clients.status = %(status_1)s
2025-03-24 14:06:58 - sqlalchemy.engine.Engine - INFO - [generated in 0.00103s] {'status_1': 'active'}
2025-03-24 14:06:58 - sqlalchemy.engine.Engine - INFO - SELECT count(technicians.id) AS count_1 
FROM technicians
2025-03-24 14:06:58 - sqlalchemy.engine.Engine - INFO - [generated in 0.00086s] {}
2025-03-24 14:06:58 - sqlalchemy.engine.Engine - INFO - SELECT count(technicians.id) AS count_1 
FROM technicians 
WHERE technicians.status = %(status_1)s
2025-03-24 14:06:58 - sqlalchemy.engine.Engine - INFO - [generated in 0.00088s] {'status_1': 'active'}
2025-03-24 14:06:58 - root - INFO - Request d4131a68-2f9f-4a8b-a810-9134c6891d1f completed: GET /api/dashboard/stats - Status: 200
2025-03-24 14:06:58 - app.core.middleware - INFO - Request 1cc569c1-7000-4277-9d6b-1f333757db05 completed: GET http://localhost:8000/api/technicians?limit=100 - Status: 401 - Time: 0.1140s
2025-03-24 14:06:58 - sqlalchemy.engine.Engine - INFO - ROLLBACK
2025-03-24 14:06:58 - app.core.middleware - INFO - Request 209a310e-7773-48d5-9bde-54107b69a173 completed: GET http://localhost:8000/api/work-orders?page=1&limit=10 - Status: 403 - Time: 0.1140s
2025-03-24 14:06:58 - app.core.middleware - INFO - Request 9670c446-40a2-4406-9c84-3524053ed7cc completed: GET http://localhost:8000/api/clients?limit=100 - Status: 401 - Time: 0.1140s
2025-03-24 14:06:58 - app.core.middleware - INFO - Request 414d1583-b2d3-4402-b584-8efca019ddb0 completed: GET http://localhost:8000/api/clients?limit=100 - Status: 401 - Time: 0.1140s
2025-03-24 14:06:58 - app.core.middleware - INFO - Request 6981ec0b-cdbf-49df-a60c-8776844490a5 completed: GET http://localhost:8000/api/services?limit=100 - Status: 404 - Time: 0.1140s
2025-03-24 14:06:58 - app.core.middleware - INFO - Request fdf429e3-ea11-4a31-af58-b26774001e41 completed: GET http://localhost:8000/api/dashboard/stats - Status: 200 - Time: 0.1200s
2025-03-24 14:06:58 - app.core.middleware - INFO - Request 48e05f41-cf51-4114-9015-a0e1532fe1d7 started: GET http://localhost:8000/api/technicians?limit=100
2025-03-24 14:06:58 - app.core.middleware - INFO - Request 583cefe1-5599-4c09-8471-c3fbd2cc2eb1 started: GET http://localhost:8000/api/services?limit=100
2025-03-24 14:06:58 - app.core.middleware - INFO - Request 94d98ba0-ae81-4e2e-b918-1109408544a6 started: GET http://localhost:8000/api/dashboard/stats
2025-03-24 14:06:58 - app.core.middleware - INFO - Request 0c03dd1e-f735-43af-9b5a-1cafc1fd1b8f started: GET http://localhost:8000/api/dashboard/stats
2025-03-24 14:06:58 - app.core.middleware - INFO - Request b87b80b2-f935-44af-8e4b-f0bffcd286d0 started: GET http://localhost:8000/api/dashboard/stats
2025-03-24 14:06:58 - app.core.middleware - INFO - Request 19eb80fd-a805-4582-96ed-0bc8ebc70d89 started: GET http://localhost:8000/api/dashboard/stats
2025-03-24 14:06:58 - root - INFO - Request 009b3f1b-cbea-42f7-ad88-cdc936e12b90 started: GET /api/technicians
2025-03-24 14:06:58 - root - INFO - Request 009b3f1b-cbea-42f7-ad88-cdc936e12b90 origin: http://localhost:3000
2025-03-24 14:06:58 - root - INFO - Request 009b3f1b-cbea-42f7-ad88-cdc936e12b90 referer: http://localhost:3000/
2025-03-24 14:06:58 - root - INFO - Request 009b3f1b-cbea-42f7-ad88-cdc936e12b90 auth header present: False
2025-03-24 14:06:58 - app.core.auth - ERROR - Authentication error: 'Depends' object has no attribute 'credentials'
2025-03-24 14:06:58 - root - INFO - Request 02267c19-586e-4ce1-9cd3-2a77720af204 started: GET /api/services
2025-03-24 14:06:58 - root - INFO - Request 02267c19-586e-4ce1-9cd3-2a77720af204 origin: http://localhost:3000
2025-03-24 14:06:58 - root - INFO - Request 02267c19-586e-4ce1-9cd3-2a77720af204 referer: http://localhost:3000/
2025-03-24 14:06:58 - root - INFO - Request 02267c19-586e-4ce1-9cd3-2a77720af204 auth header present: False
2025-03-24 14:06:58 - root - INFO - Request c599cdeb-1b4f-4ec2-884b-692f475d09ed started: GET /api/dashboard/stats
2025-03-24 14:06:58 - root - INFO - Request c599cdeb-1b4f-4ec2-884b-692f475d09ed origin: http://localhost:3000
2025-03-24 14:06:58 - root - INFO - Request c599cdeb-1b4f-4ec2-884b-692f475d09ed referer: http://localhost:3000/
2025-03-24 14:06:58 - root - INFO - Request c599cdeb-1b4f-4ec2-884b-692f475d09ed auth header present: True
2025-03-24 14:06:58 - root - INFO - Request c599cdeb-1b4f-4ec2-884b-692f475d09ed auth header: Bearer eyJhbGci...
2025-03-24 14:06:58 - root - INFO - Request df1a337b-e74f-425b-ae30-34dbc4422755 started: GET /api/dashboard/stats
2025-03-24 14:06:58 - root - INFO - Request df1a337b-e74f-425b-ae30-34dbc4422755 origin: http://localhost:3000
2025-03-24 14:06:58 - root - INFO - Request df1a337b-e74f-425b-ae30-34dbc4422755 referer: http://localhost:3000/
2025-03-24 14:06:58 - root - INFO - Request df1a337b-e74f-425b-ae30-34dbc4422755 auth header present: True
2025-03-24 14:06:58 - root - INFO - Request df1a337b-e74f-425b-ae30-34dbc4422755 auth header: Bearer eyJhbGci...
2025-03-24 14:06:58 - root - INFO - Request 24ac2d5f-8a49-4dae-b8bc-1cc8d2bee0a8 started: GET /api/dashboard/stats
2025-03-24 14:06:58 - root - INFO - Request 24ac2d5f-8a49-4dae-b8bc-1cc8d2bee0a8 origin: http://localhost:3000
2025-03-24 14:06:58 - root - INFO - Request 24ac2d5f-8a49-4dae-b8bc-1cc8d2bee0a8 referer: http://localhost:3000/
2025-03-24 14:06:58 - root - INFO - Request 24ac2d5f-8a49-4dae-b8bc-1cc8d2bee0a8 auth header present: True
2025-03-24 14:06:58 - root - INFO - Request 24ac2d5f-8a49-4dae-b8bc-1cc8d2bee0a8 auth header: Bearer eyJhbGci...
2025-03-24 14:06:58 - root - INFO - Request 0f568ef5-ada2-43bb-8a40-3b0ba72f9624 started: GET /api/dashboard/stats
2025-03-24 14:06:58 - root - INFO - Request 0f568ef5-ada2-43bb-8a40-3b0ba72f9624 origin: http://localhost:3000
2025-03-24 14:06:58 - root - INFO - Request 0f568ef5-ada2-43bb-8a40-3b0ba72f9624 referer: http://localhost:3000/
2025-03-24 14:06:58 - root - INFO - Request 0f568ef5-ada2-43bb-8a40-3b0ba72f9624 auth header present: True
2025-03-24 14:06:58 - root - INFO - Request 0f568ef5-ada2-43bb-8a40-3b0ba72f9624 auth header: Bearer eyJhbGci...
2025-03-24 14:06:58 - root - INFO - Request 009b3f1b-cbea-42f7-ad88-cdc936e12b90 completed: GET /api/technicians - Status: 401
2025-03-24 14:06:58 - root - INFO - Request 02267c19-586e-4ce1-9cd3-2a77720af204 completed: GET /api/services - Status: 404
2025-03-24 14:06:58 - app.routers.dashboard - INFO - Getting dashboard stats (unauthenticated)
2025-03-24 14:06:58 - sqlalchemy.engine.Engine - INFO - BEGIN (implicit)
2025-03-24 14:06:58 - sqlalchemy.engine.Engine - INFO - SELECT count(work_orders.id) AS count_1 
FROM work_orders
2025-03-24 14:06:58 - sqlalchemy.engine.Engine - INFO - [cached since 0.3818s ago] {}
2025-03-24 14:06:58 - sqlalchemy.engine.Engine - INFO - SELECT count(work_orders.id) AS count_1 
FROM work_orders 
WHERE work_orders.status IN (%(status_1_1)s, %(status_1_2)s)
2025-03-24 14:06:58 - sqlalchemy.engine.Engine - INFO - [cached since 0.3799s ago] {'status_1_1': 'pending', 'status_1_2': 'scheduled'}
2025-03-24 14:06:58 - sqlalchemy.engine.Engine - INFO - SELECT count(work_orders.id) AS count_1 
FROM work_orders 
WHERE work_orders.status = %(status_1)s
2025-03-24 14:06:58 - sqlalchemy.engine.Engine - INFO - [cached since 0.3793s ago] {'status_1': 'completed'}
2025-03-24 14:06:58 - sqlalchemy.engine.Engine - INFO - SELECT count(work_orders.id) AS count_1 
FROM work_orders 
WHERE work_orders.created_at >= %(created_at_1)s AND work_orders.created_at <= %(created_at_2)s
2025-03-24 14:06:58 - sqlalchemy.engine.Engine - INFO - [cached since 0.3789s ago] {'created_at_1': datetime.date(2025, 3, 1), 'created_at_2': datetime.date(2025, 3, 31)}
2025-03-24 14:06:58 - sqlalchemy.engine.Engine - INFO - SELECT count(work_orders.id) AS count_1 
FROM work_orders 
WHERE work_orders.created_at >= %(created_at_1)s AND work_orders.created_at < %(created_at_2)s
2025-03-24 14:06:58 - sqlalchemy.engine.Engine - INFO - [cached since 0.3786s ago] {'created_at_1': datetime.date(2025, 2, 1), 'created_at_2': datetime.date(2025, 3, 1)}
2025-03-24 14:06:58 - sqlalchemy.engine.Engine - INFO - SELECT sum(payments.amount) AS sum_1 
FROM payments 
WHERE payments.status = %(status_1)s AND payments.payment_date >= %(payment_date_1)s AND payments.payment_date <= %(payment_date_2)s
2025-03-24 14:06:58 - sqlalchemy.engine.Engine - INFO - [cached since 0.3779s ago] {'status_1': 'success', 'payment_date_1': datetime.date(2025, 3, 1), 'payment_date_2': datetime.date(2025, 3, 31)}
2025-03-24 14:06:58 - sqlalchemy.engine.Engine - INFO - SELECT sum(payments.amount) AS sum_1 
FROM payments 
WHERE payments.status = %(status_1)s AND payments.payment_date >= %(payment_date_1)s AND payments.payment_date < %(payment_date_2)s
2025-03-24 14:06:58 - sqlalchemy.engine.Engine - INFO - [cached since 0.3764s ago] {'status_1': 'success', 'payment_date_1': datetime.date(2025, 2, 1), 'payment_date_2': datetime.date(2025, 3, 1)}
2025-03-24 14:06:58 - sqlalchemy.engine.Engine - INFO - SELECT SUM(total) FROM invoices WHERE status IN ('sent', 'overdue')
2025-03-24 14:06:58 - sqlalchemy.engine.Engine - INFO - [cached since 0.3759s ago] {}
2025-03-24 14:06:58 - sqlalchemy.engine.Engine - INFO - SELECT count(invoices.id) AS count_1 
FROM invoices 
WHERE invoices.status = %(status_1)s
2025-03-24 14:06:58 - sqlalchemy.engine.Engine - INFO - [cached since 0.3755s ago] {'status_1': 'overdue'}
2025-03-24 14:06:58 - sqlalchemy.engine.Engine - INFO - SELECT count(clients.id) AS count_1 
FROM clients
2025-03-24 14:06:58 - sqlalchemy.engine.Engine - INFO - [cached since 0.3747s ago] {}
2025-03-24 14:06:58 - sqlalchemy.engine.Engine - INFO - SELECT count(clients.id) AS count_1 
FROM clients 
WHERE clients.status = %(status_1)s
2025-03-24 14:06:58 - sqlalchemy.engine.Engine - INFO - [cached since 0.3742s ago] {'status_1': 'active'}
2025-03-24 14:06:59 - sqlalchemy.engine.Engine - INFO - SELECT count(technicians.id) AS count_1 
FROM technicians
2025-03-24 14:06:59 - sqlalchemy.engine.Engine - INFO - [cached since 0.3734s ago] {}
2025-03-24 14:06:59 - sqlalchemy.engine.Engine - INFO - SELECT count(technicians.id) AS count_1 
FROM technicians 
WHERE technicians.status = %(status_1)s
2025-03-24 14:06:59 - sqlalchemy.engine.Engine - INFO - [cached since 0.3727s ago] {'status_1': 'active'}
2025-03-24 14:06:59 - app.routers.dashboard - INFO - Getting dashboard stats (unauthenticated)
2025-03-24 14:06:59 - sqlalchemy.engine.Engine - INFO - BEGIN (implicit)
2025-03-24 14:06:59 - sqlalchemy.engine.Engine - INFO - SELECT count(work_orders.id) AS count_1 
FROM work_orders
2025-03-24 14:06:59 - sqlalchemy.engine.Engine - INFO - [cached since 0.4373s ago] {}
2025-03-24 14:06:59 - sqlalchemy.engine.Engine - INFO - SELECT count(work_orders.id) AS count_1 
FROM work_orders 
WHERE work_orders.status IN (%(status_1_1)s, %(status_1_2)s)
2025-03-24 14:06:59 - sqlalchemy.engine.Engine - INFO - [cached since 0.4368s ago] {'status_1_1': 'pending', 'status_1_2': 'scheduled'}
2025-03-24 14:06:59 - sqlalchemy.engine.Engine - INFO - SELECT count(work_orders.id) AS count_1 
FROM work_orders 
WHERE work_orders.status = %(status_1)s
2025-03-24 14:06:59 - sqlalchemy.engine.Engine - INFO - [cached since 0.4364s ago] {'status_1': 'completed'}
2025-03-24 14:06:59 - sqlalchemy.engine.Engine - INFO - SELECT count(work_orders.id) AS count_1 
FROM work_orders 
WHERE work_orders.created_at >= %(created_at_1)s AND work_orders.created_at <= %(created_at_2)s
2025-03-24 14:06:59 - sqlalchemy.engine.Engine - INFO - [cached since 0.4363s ago] {'created_at_1': datetime.date(2025, 3, 1), 'created_at_2': datetime.date(2025, 3, 31)}
2025-03-24 14:06:59 - sqlalchemy.engine.Engine - INFO - SELECT count(work_orders.id) AS count_1 
FROM work_orders 
WHERE work_orders.created_at >= %(created_at_1)s AND work_orders.created_at < %(created_at_2)s
2025-03-24 14:06:59 - sqlalchemy.engine.Engine - INFO - [cached since 0.4361s ago] {'created_at_1': datetime.date(2025, 2, 1), 'created_at_2': datetime.date(2025, 3, 1)}
2025-03-24 14:06:59 - sqlalchemy.engine.Engine - INFO - SELECT sum(payments.amount) AS sum_1 
FROM payments 
WHERE payments.status = %(status_1)s AND payments.payment_date >= %(payment_date_1)s AND payments.payment_date <= %(payment_date_2)s
2025-03-24 14:06:59 - sqlalchemy.engine.Engine - INFO - [cached since 0.4353s ago] {'status_1': 'success', 'payment_date_1': datetime.date(2025, 3, 1), 'payment_date_2': datetime.date(2025, 3, 31)}
2025-03-24 14:06:59 - sqlalchemy.engine.Engine - INFO - SELECT sum(payments.amount) AS sum_1 
FROM payments 
WHERE payments.status = %(status_1)s AND payments.payment_date >= %(payment_date_1)s AND payments.payment_date < %(payment_date_2)s
2025-03-24 14:06:59 - sqlalchemy.engine.Engine - INFO - [cached since 0.4348s ago] {'status_1': 'success', 'payment_date_1': datetime.date(2025, 2, 1), 'payment_date_2': datetime.date(2025, 3, 1)}
2025-03-24 14:06:59 - sqlalchemy.engine.Engine - INFO - SELECT SUM(total) FROM invoices WHERE status IN ('sent', 'overdue')
2025-03-24 14:06:59 - sqlalchemy.engine.Engine - INFO - [cached since 0.4344s ago] {}
2025-03-24 14:06:59 - sqlalchemy.engine.Engine - INFO - SELECT count(invoices.id) AS count_1 
FROM invoices 
WHERE invoices.status = %(status_1)s
2025-03-24 14:06:59 - sqlalchemy.engine.Engine - INFO - [cached since 0.4338s ago] {'status_1': 'overdue'}
2025-03-24 14:06:59 - sqlalchemy.engine.Engine - INFO - SELECT count(clients.id) AS count_1 
FROM clients
2025-03-24 14:06:59 - sqlalchemy.engine.Engine - INFO - [cached since 0.433s ago] {}
2025-03-24 14:06:59 - sqlalchemy.engine.Engine - INFO - SELECT count(clients.id) AS count_1 
FROM clients 
WHERE clients.status = %(status_1)s
2025-03-24 14:06:59 - sqlalchemy.engine.Engine - INFO - [cached since 0.4331s ago] {'status_1': 'active'}
2025-03-24 14:06:59 - sqlalchemy.engine.Engine - INFO - SELECT count(technicians.id) AS count_1 
FROM technicians
2025-03-24 14:06:59 - sqlalchemy.engine.Engine - INFO - [cached since 0.4323s ago] {}
2025-03-24 14:06:59 - sqlalchemy.engine.Engine - INFO - SELECT count(technicians.id) AS count_1 
FROM technicians 
WHERE technicians.status = %(status_1)s
2025-03-24 14:06:59 - sqlalchemy.engine.Engine - INFO - [cached since 0.432s ago] {'status_1': 'active'}
2025-03-24 14:06:59 - app.routers.dashboard - INFO - Getting dashboard stats (unauthenticated)
2025-03-24 14:06:59 - sqlalchemy.engine.Engine - INFO - BEGIN (implicit)
2025-03-24 14:06:59 - sqlalchemy.engine.Engine - INFO - SELECT count(work_orders.id) AS count_1 
FROM work_orders
2025-03-24 14:06:59 - sqlalchemy.engine.Engine - INFO - [cached since 0.4982s ago] {}
2025-03-24 14:06:59 - sqlalchemy.engine.Engine - INFO - SELECT count(work_orders.id) AS count_1 
FROM work_orders 
WHERE work_orders.status IN (%(status_1_1)s, %(status_1_2)s)
2025-03-24 14:06:59 - sqlalchemy.engine.Engine - INFO - [cached since 0.4977s ago] {'status_1_1': 'pending', 'status_1_2': 'scheduled'}
2025-03-24 14:06:59 - sqlalchemy.engine.Engine - INFO - SELECT count(work_orders.id) AS count_1 
FROM work_orders 
WHERE work_orders.status = %(status_1)s
2025-03-24 14:06:59 - sqlalchemy.engine.Engine - INFO - [cached since 0.4974s ago] {'status_1': 'completed'}
2025-03-24 14:06:59 - sqlalchemy.engine.Engine - INFO - SELECT count(work_orders.id) AS count_1 
FROM work_orders 
WHERE work_orders.created_at >= %(created_at_1)s AND work_orders.created_at <= %(created_at_2)s
2025-03-24 14:06:59 - sqlalchemy.engine.Engine - INFO - [cached since 0.4967s ago] {'created_at_1': datetime.date(2025, 3, 1), 'created_at_2': datetime.date(2025, 3, 31)}
2025-03-24 14:06:59 - sqlalchemy.engine.Engine - INFO - SELECT count(work_orders.id) AS count_1 
FROM work_orders 
WHERE work_orders.created_at >= %(created_at_1)s AND work_orders.created_at < %(created_at_2)s
2025-03-24 14:06:59 - sqlalchemy.engine.Engine - INFO - [cached since 0.497s ago] {'created_at_1': datetime.date(2025, 2, 1), 'created_at_2': datetime.date(2025, 3, 1)}
2025-03-24 14:06:59 - sqlalchemy.engine.Engine - INFO - SELECT sum(payments.amount) AS sum_1 
FROM payments 
WHERE payments.status = %(status_1)s AND payments.payment_date >= %(payment_date_1)s AND payments.payment_date <= %(payment_date_2)s
2025-03-24 14:06:59 - sqlalchemy.engine.Engine - INFO - [cached since 0.4966s ago] {'status_1': 'success', 'payment_date_1': datetime.date(2025, 3, 1), 'payment_date_2': datetime.date(2025, 3, 31)}
2025-03-24 14:06:59 - sqlalchemy.engine.Engine - INFO - SELECT sum(payments.amount) AS sum_1 
FROM payments 
WHERE payments.status = %(status_1)s AND payments.payment_date >= %(payment_date_1)s AND payments.payment_date < %(payment_date_2)s
2025-03-24 14:06:59 - sqlalchemy.engine.Engine - INFO - [cached since 0.4961s ago] {'status_1': 'success', 'payment_date_1': datetime.date(2025, 2, 1), 'payment_date_2': datetime.date(2025, 3, 1)}
2025-03-24 14:06:59 - sqlalchemy.engine.Engine - INFO - SELECT SUM(total) FROM invoices WHERE status IN ('sent', 'overdue')
2025-03-24 14:06:59 - sqlalchemy.engine.Engine - INFO - [cached since 0.496s ago] {}
2025-03-24 14:06:59 - sqlalchemy.engine.Engine - INFO - SELECT count(invoices.id) AS count_1 
FROM invoices 
WHERE invoices.status = %(status_1)s
2025-03-24 14:06:59 - sqlalchemy.engine.Engine - INFO - [cached since 0.4957s ago] {'status_1': 'overdue'}
2025-03-24 14:06:59 - sqlalchemy.engine.Engine - INFO - SELECT count(clients.id) AS count_1 
FROM clients
2025-03-24 14:06:59 - sqlalchemy.engine.Engine - INFO - [cached since 0.495s ago] {}
2025-03-24 14:06:59 - sqlalchemy.engine.Engine - INFO - SELECT count(clients.id) AS count_1 
FROM clients 
WHERE clients.status = %(status_1)s
2025-03-24 14:06:59 - sqlalchemy.engine.Engine - INFO - [cached since 0.495s ago] {'status_1': 'active'}
2025-03-24 14:06:59 - sqlalchemy.engine.Engine - INFO - SELECT count(technicians.id) AS count_1 
FROM technicians
2025-03-24 14:06:59 - sqlalchemy.engine.Engine - INFO - [cached since 0.4943s ago] {}
2025-03-24 14:06:59 - sqlalchemy.engine.Engine - INFO - SELECT count(technicians.id) AS count_1 
FROM technicians 
WHERE technicians.status = %(status_1)s
2025-03-24 14:06:59 - sqlalchemy.engine.Engine - INFO - [cached since 0.494s ago] {'status_1': 'active'}
2025-03-24 14:06:59 - app.routers.dashboard - INFO - Getting dashboard stats (unauthenticated)
2025-03-24 14:06:59 - sqlalchemy.engine.Engine - INFO - BEGIN (implicit)
2025-03-24 14:06:59 - sqlalchemy.engine.Engine - INFO - SELECT count(work_orders.id) AS count_1 
FROM work_orders
2025-03-24 14:06:59 - sqlalchemy.engine.Engine - INFO - [cached since 0.5592s ago] {}
2025-03-24 14:06:59 - sqlalchemy.engine.Engine - INFO - SELECT count(work_orders.id) AS count_1 
FROM work_orders 
WHERE work_orders.status IN (%(status_1_1)s, %(status_1_2)s)
2025-03-24 14:06:59 - sqlalchemy.engine.Engine - INFO - [cached since 0.5586s ago] {'status_1_1': 'pending', 'status_1_2': 'scheduled'}
2025-03-24 14:06:59 - sqlalchemy.engine.Engine - INFO - SELECT count(work_orders.id) AS count_1 
FROM work_orders 
WHERE work_orders.status = %(status_1)s
2025-03-24 14:06:59 - sqlalchemy.engine.Engine - INFO - [cached since 0.5583s ago] {'status_1': 'completed'}
2025-03-24 14:06:59 - sqlalchemy.engine.Engine - INFO - SELECT count(work_orders.id) AS count_1 
FROM work_orders 
WHERE work_orders.created_at >= %(created_at_1)s AND work_orders.created_at <= %(created_at_2)s
2025-03-24 14:06:59 - sqlalchemy.engine.Engine - INFO - [cached since 0.5578s ago] {'created_at_1': datetime.date(2025, 3, 1), 'created_at_2': datetime.date(2025, 3, 31)}
2025-03-24 14:06:59 - sqlalchemy.engine.Engine - INFO - SELECT count(work_orders.id) AS count_1 
FROM work_orders 
WHERE work_orders.created_at >= %(created_at_1)s AND work_orders.created_at < %(created_at_2)s
2025-03-24 14:06:59 - sqlalchemy.engine.Engine - INFO - [cached since 0.5575s ago] {'created_at_1': datetime.date(2025, 2, 1), 'created_at_2': datetime.date(2025, 3, 1)}
2025-03-24 14:06:59 - sqlalchemy.engine.Engine - INFO - SELECT sum(payments.amount) AS sum_1 
FROM payments 
WHERE payments.status = %(status_1)s AND payments.payment_date >= %(payment_date_1)s AND payments.payment_date <= %(payment_date_2)s
2025-03-24 14:06:59 - sqlalchemy.engine.Engine - INFO - [cached since 0.5572s ago] {'status_1': 'success', 'payment_date_1': datetime.date(2025, 3, 1), 'payment_date_2': datetime.date(2025, 3, 31)}
2025-03-24 14:06:59 - sqlalchemy.engine.Engine - INFO - SELECT sum(payments.amount) AS sum_1 
FROM payments 
WHERE payments.status = %(status_1)s AND payments.payment_date >= %(payment_date_1)s AND payments.payment_date < %(payment_date_2)s
2025-03-24 14:06:59 - sqlalchemy.engine.Engine - INFO - [cached since 0.5565s ago] {'status_1': 'success', 'payment_date_1': datetime.date(2025, 2, 1), 'payment_date_2': datetime.date(2025, 3, 1)}
2025-03-24 14:06:59 - sqlalchemy.engine.Engine - INFO - SELECT SUM(total) FROM invoices WHERE status IN ('sent', 'overdue')
2025-03-24 14:06:59 - sqlalchemy.engine.Engine - INFO - [cached since 0.5562s ago] {}
2025-03-24 14:06:59 - sqlalchemy.engine.Engine - INFO - SELECT count(invoices.id) AS count_1 
FROM invoices 
WHERE invoices.status = %(status_1)s
2025-03-24 14:06:59 - sqlalchemy.engine.Engine - INFO - [cached since 0.5558s ago] {'status_1': 'overdue'}
2025-03-24 14:06:59 - sqlalchemy.engine.Engine - INFO - SELECT count(clients.id) AS count_1 
FROM clients
2025-03-24 14:06:59 - sqlalchemy.engine.Engine - INFO - [cached since 0.555s ago] {}
2025-03-24 14:06:59 - sqlalchemy.engine.Engine - INFO - SELECT count(clients.id) AS count_1 
FROM clients 
WHERE clients.status = %(status_1)s
2025-03-24 14:06:59 - sqlalchemy.engine.Engine - INFO - [cached since 0.5547s ago] {'status_1': 'active'}
2025-03-24 14:06:59 - sqlalchemy.engine.Engine - INFO - SELECT count(technicians.id) AS count_1 
FROM technicians
2025-03-24 14:06:59 - sqlalchemy.engine.Engine - INFO - [cached since 0.554s ago] {}
2025-03-24 14:06:59 - sqlalchemy.engine.Engine - INFO - SELECT count(technicians.id) AS count_1 
FROM technicians 
WHERE technicians.status = %(status_1)s
2025-03-24 14:06:59 - sqlalchemy.engine.Engine - INFO - [cached since 0.554s ago] {'status_1': 'active'}
2025-03-24 14:06:59 - root - INFO - Request c599cdeb-1b4f-4ec2-884b-692f475d09ed completed: GET /api/dashboard/stats - Status: 200
2025-03-24 14:06:59 - root - INFO - Request df1a337b-e74f-425b-ae30-34dbc4422755 completed: GET /api/dashboard/stats - Status: 200
2025-03-24 14:06:59 - root - INFO - Request 24ac2d5f-8a49-4dae-b8bc-1cc8d2bee0a8 completed: GET /api/dashboard/stats - Status: 200
2025-03-24 14:06:59 - root - INFO - Request 0f568ef5-ada2-43bb-8a40-3b0ba72f9624 completed: GET /api/dashboard/stats - Status: 200
2025-03-24 14:06:59 - app.core.middleware - INFO - Request 48e05f41-cf51-4114-9015-a0e1532fe1d7 completed: GET http://localhost:8000/api/technicians?limit=100 - Status: 401 - Time: 0.2410s
2025-03-24 14:06:59 - app.core.middleware - INFO - Request 583cefe1-5599-4c09-8471-c3fbd2cc2eb1 completed: GET http://localhost:8000/api/services?limit=100 - Status: 404 - Time: 0.2405s
2025-03-24 14:06:59 - sqlalchemy.engine.Engine - INFO - ROLLBACK
2025-03-24 14:06:59 - sqlalchemy.engine.Engine - INFO - ROLLBACK
2025-03-24 14:06:59 - sqlalchemy.engine.Engine - INFO - ROLLBACK
2025-03-24 14:06:59 - app.core.middleware - INFO - Request 94d98ba0-ae81-4e2e-b918-1109408544a6 completed: GET http://localhost:8000/api/dashboard/stats - Status: 200 - Time: 0.2425s
2025-03-24 14:06:59 - sqlalchemy.engine.Engine - INFO - ROLLBACK
2025-03-24 14:06:59 - app.core.middleware - INFO - Request 0c03dd1e-f735-43af-9b5a-1cafc1fd1b8f completed: GET http://localhost:8000/api/dashboard/stats - Status: 200 - Time: 0.2430s
2025-03-24 14:06:59 - app.core.middleware - INFO - Request b87b80b2-f935-44af-8e4b-f0bffcd286d0 completed: GET http://localhost:8000/api/dashboard/stats - Status: 200 - Time: 0.2435s
2025-03-24 14:06:59 - app.core.middleware - INFO - Request 19eb80fd-a805-4582-96ed-0bc8ebc70d89 completed: GET http://localhost:8000/api/dashboard/stats - Status: 200 - Time: 0.2430s
2025-03-24 14:06:59 - app.core.middleware - INFO - Request 504c75fe-058f-4eaf-be48-4777558a6658 started: GET http://localhost:8000/api/dashboard/stats
2025-03-24 14:06:59 - app.core.middleware - INFO - Request f9bc470a-66a9-4334-8e21-865ab536c4ca started: GET http://localhost:8000/api/dashboard/stats
2025-03-24 14:06:59 - root - INFO - Request 8723a94e-d595-41c1-9889-2107673880f9 started: GET /api/dashboard/stats
2025-03-24 14:06:59 - root - INFO - Request 8723a94e-d595-41c1-9889-2107673880f9 origin: http://localhost:3000
2025-03-24 14:06:59 - root - INFO - Request 8723a94e-d595-41c1-9889-2107673880f9 referer: http://localhost:3000/
2025-03-24 14:06:59 - root - INFO - Request 8723a94e-d595-41c1-9889-2107673880f9 auth header present: True
2025-03-24 14:06:59 - root - INFO - Request 8723a94e-d595-41c1-9889-2107673880f9 auth header: Bearer eyJhbGci...
2025-03-24 14:06:59 - root - INFO - Request 60d8a550-09a0-4a6e-99d3-a7c18a019c51 started: GET /api/dashboard/stats
2025-03-24 14:06:59 - root - INFO - Request 60d8a550-09a0-4a6e-99d3-a7c18a019c51 origin: http://localhost:3000
2025-03-24 14:06:59 - root - INFO - Request 60d8a550-09a0-4a6e-99d3-a7c18a019c51 referer: http://localhost:3000/
2025-03-24 14:06:59 - root - INFO - Request 60d8a550-09a0-4a6e-99d3-a7c18a019c51 auth header present: True
2025-03-24 14:06:59 - root - INFO - Request 60d8a550-09a0-4a6e-99d3-a7c18a019c51 auth header: Bearer eyJhbGci...
2025-03-24 14:06:59 - app.routers.dashboard - INFO - Getting dashboard stats (unauthenticated)
2025-03-24 14:06:59 - sqlalchemy.engine.Engine - INFO - BEGIN (implicit)
2025-03-24 14:06:59 - sqlalchemy.engine.Engine - INFO - SELECT count(work_orders.id) AS count_1 
FROM work_orders
2025-03-24 14:06:59 - sqlalchemy.engine.Engine - INFO - [cached since 0.6168s ago] {}
2025-03-24 14:06:59 - sqlalchemy.engine.Engine - INFO - SELECT count(work_orders.id) AS count_1 
FROM work_orders 
WHERE work_orders.status IN (%(status_1_1)s, %(status_1_2)s)
2025-03-24 14:06:59 - sqlalchemy.engine.Engine - INFO - [cached since 0.6149s ago] {'status_1_1': 'pending', 'status_1_2': 'scheduled'}
2025-03-24 14:06:59 - sqlalchemy.engine.Engine - INFO - SELECT count(work_orders.id) AS count_1 
FROM work_orders 
WHERE work_orders.status = %(status_1)s
2025-03-24 14:06:59 - sqlalchemy.engine.Engine - INFO - [cached since 0.6145s ago] {'status_1': 'completed'}
2025-03-24 14:06:59 - sqlalchemy.engine.Engine - INFO - SELECT count(work_orders.id) AS count_1 
FROM work_orders 
WHERE work_orders.created_at >= %(created_at_1)s AND work_orders.created_at <= %(created_at_2)s
2025-03-24 14:06:59 - sqlalchemy.engine.Engine - INFO - [cached since 0.6141s ago] {'created_at_1': datetime.date(2025, 3, 1), 'created_at_2': datetime.date(2025, 3, 31)}
2025-03-24 14:06:59 - sqlalchemy.engine.Engine - INFO - SELECT count(work_orders.id) AS count_1 
FROM work_orders 
WHERE work_orders.created_at >= %(created_at_1)s AND work_orders.created_at < %(created_at_2)s
2025-03-24 14:06:59 - sqlalchemy.engine.Engine - INFO - [cached since 0.6136s ago] {'created_at_1': datetime.date(2025, 2, 1), 'created_at_2': datetime.date(2025, 3, 1)}
2025-03-24 14:06:59 - sqlalchemy.engine.Engine - INFO - SELECT sum(payments.amount) AS sum_1 
FROM payments 
WHERE payments.status = %(status_1)s AND payments.payment_date >= %(payment_date_1)s AND payments.payment_date <= %(payment_date_2)s
2025-03-24 14:06:59 - sqlalchemy.engine.Engine - INFO - [cached since 0.613s ago] {'status_1': 'success', 'payment_date_1': datetime.date(2025, 3, 1), 'payment_date_2': datetime.date(2025, 3, 31)}
2025-03-24 14:06:59 - sqlalchemy.engine.Engine - INFO - SELECT sum(payments.amount) AS sum_1 
FROM payments 
WHERE payments.status = %(status_1)s AND payments.payment_date >= %(payment_date_1)s AND payments.payment_date < %(payment_date_2)s
2025-03-24 14:06:59 - sqlalchemy.engine.Engine - INFO - [cached since 0.6125s ago] {'status_1': 'success', 'payment_date_1': datetime.date(2025, 2, 1), 'payment_date_2': datetime.date(2025, 3, 1)}
2025-03-24 14:06:59 - sqlalchemy.engine.Engine - INFO - SELECT SUM(total) FROM invoices WHERE status IN ('sent', 'overdue')
2025-03-24 14:06:59 - sqlalchemy.engine.Engine - INFO - [cached since 0.6131s ago] {}
2025-03-24 14:06:59 - sqlalchemy.engine.Engine - INFO - SELECT count(invoices.id) AS count_1 
FROM invoices 
WHERE invoices.status = %(status_1)s
2025-03-24 14:06:59 - sqlalchemy.engine.Engine - INFO - [cached since 0.6128s ago] {'status_1': 'overdue'}
2025-03-24 14:06:59 - sqlalchemy.engine.Engine - INFO - SELECT count(clients.id) AS count_1 
FROM clients
2025-03-24 14:06:59 - sqlalchemy.engine.Engine - INFO - [cached since 0.6123s ago] {}
2025-03-24 14:06:59 - sqlalchemy.engine.Engine - INFO - SELECT count(clients.id) AS count_1 
FROM clients 
WHERE clients.status = %(status_1)s
2025-03-24 14:06:59 - sqlalchemy.engine.Engine - INFO - [cached since 0.6124s ago] {'status_1': 'active'}
2025-03-24 14:06:59 - sqlalchemy.engine.Engine - INFO - SELECT count(technicians.id) AS count_1 
FROM technicians
2025-03-24 14:06:59 - sqlalchemy.engine.Engine - INFO - [cached since 0.6117s ago] {}
2025-03-24 14:06:59 - sqlalchemy.engine.Engine - INFO - SELECT count(technicians.id) AS count_1 
FROM technicians 
WHERE technicians.status = %(status_1)s
2025-03-24 14:06:59 - sqlalchemy.engine.Engine - INFO - [cached since 0.611s ago] {'status_1': 'active'}
2025-03-24 14:06:59 - app.routers.dashboard - INFO - Getting dashboard stats (unauthenticated)
2025-03-24 14:06:59 - sqlalchemy.engine.Engine - INFO - BEGIN (implicit)
2025-03-24 14:06:59 - sqlalchemy.engine.Engine - INFO - SELECT count(work_orders.id) AS count_1 
FROM work_orders
2025-03-24 14:06:59 - sqlalchemy.engine.Engine - INFO - [cached since 0.6473s ago] {}
2025-03-24 14:06:59 - sqlalchemy.engine.Engine - INFO - SELECT count(work_orders.id) AS count_1 
FROM work_orders 
WHERE work_orders.status IN (%(status_1_1)s, %(status_1_2)s)
2025-03-24 14:06:59 - sqlalchemy.engine.Engine - INFO - [cached since 0.6451s ago] {'status_1_1': 'pending', 'status_1_2': 'scheduled'}
2025-03-24 14:06:59 - sqlalchemy.engine.Engine - INFO - SELECT count(work_orders.id) AS count_1 
FROM work_orders 
WHERE work_orders.status = %(status_1)s
2025-03-24 14:06:59 - sqlalchemy.engine.Engine - INFO - [cached since 0.6444s ago] {'status_1': 'completed'}
2025-03-24 14:06:59 - sqlalchemy.engine.Engine - INFO - SELECT count(work_orders.id) AS count_1 
FROM work_orders 
WHERE work_orders.created_at >= %(created_at_1)s AND work_orders.created_at <= %(created_at_2)s
2025-03-24 14:06:59 - sqlalchemy.engine.Engine - INFO - [cached since 0.6438s ago] {'created_at_1': datetime.date(2025, 3, 1), 'created_at_2': datetime.date(2025, 3, 31)}
2025-03-24 14:06:59 - sqlalchemy.engine.Engine - INFO - SELECT count(work_orders.id) AS count_1 
FROM work_orders 
WHERE work_orders.created_at >= %(created_at_1)s AND work_orders.created_at < %(created_at_2)s
2025-03-24 14:06:59 - sqlalchemy.engine.Engine - INFO - [cached since 0.6434s ago] {'created_at_1': datetime.date(2025, 2, 1), 'created_at_2': datetime.date(2025, 3, 1)}
2025-03-24 14:06:59 - sqlalchemy.engine.Engine - INFO - SELECT sum(payments.amount) AS sum_1 
FROM payments 
WHERE payments.status = %(status_1)s AND payments.payment_date >= %(payment_date_1)s AND payments.payment_date <= %(payment_date_2)s
2025-03-24 14:06:59 - sqlalchemy.engine.Engine - INFO - [cached since 0.6424s ago] {'status_1': 'success', 'payment_date_1': datetime.date(2025, 3, 1), 'payment_date_2': datetime.date(2025, 3, 31)}
2025-03-24 14:06:59 - sqlalchemy.engine.Engine - INFO - SELECT sum(payments.amount) AS sum_1 
FROM payments 
WHERE payments.status = %(status_1)s AND payments.payment_date >= %(payment_date_1)s AND payments.payment_date < %(payment_date_2)s
2025-03-24 14:06:59 - sqlalchemy.engine.Engine - INFO - [cached since 0.641s ago] {'status_1': 'success', 'payment_date_1': datetime.date(2025, 2, 1), 'payment_date_2': datetime.date(2025, 3, 1)}
2025-03-24 14:06:59 - sqlalchemy.engine.Engine - INFO - SELECT SUM(total) FROM invoices WHERE status IN ('sent', 'overdue')
2025-03-24 14:06:59 - sqlalchemy.engine.Engine - INFO - [cached since 0.6406s ago] {}
2025-03-24 14:06:59 - sqlalchemy.engine.Engine - INFO - SELECT count(invoices.id) AS count_1 
FROM invoices 
WHERE invoices.status = %(status_1)s
2025-03-24 14:06:59 - sqlalchemy.engine.Engine - INFO - [cached since 0.6397s ago] {'status_1': 'overdue'}
2025-03-24 14:06:59 - sqlalchemy.engine.Engine - INFO - SELECT count(clients.id) AS count_1 
FROM clients
2025-03-24 14:06:59 - sqlalchemy.engine.Engine - INFO - [cached since 0.6389s ago] {}
2025-03-24 14:06:59 - sqlalchemy.engine.Engine - INFO - SELECT count(clients.id) AS count_1 
FROM clients 
WHERE clients.status = %(status_1)s
2025-03-24 14:06:59 - sqlalchemy.engine.Engine - INFO - [cached since 0.6383s ago] {'status_1': 'active'}
2025-03-24 14:06:59 - sqlalchemy.engine.Engine - INFO - SELECT count(technicians.id) AS count_1 
FROM technicians
2025-03-24 14:06:59 - sqlalchemy.engine.Engine - INFO - [cached since 0.6374s ago] {}
2025-03-24 14:06:59 - sqlalchemy.engine.Engine - INFO - SELECT count(technicians.id) AS count_1 
FROM technicians 
WHERE technicians.status = %(status_1)s
2025-03-24 14:06:59 - sqlalchemy.engine.Engine - INFO - [cached since 0.6371s ago] {'status_1': 'active'}
2025-03-24 14:06:59 - root - INFO - Request 8723a94e-d595-41c1-9889-2107673880f9 completed: GET /api/dashboard/stats - Status: 200
2025-03-24 14:06:59 - root - INFO - Request 60d8a550-09a0-4a6e-99d3-a7c18a019c51 completed: GET /api/dashboard/stats - Status: 200
2025-03-24 14:06:59 - sqlalchemy.engine.Engine - INFO - ROLLBACK
2025-03-24 14:06:59 - app.core.middleware - INFO - Request 504c75fe-058f-4eaf-be48-4777558a6658 completed: GET http://localhost:8000/api/dashboard/stats - Status: 200 - Time: 0.0685s
2025-03-24 14:06:59 - sqlalchemy.engine.Engine - INFO - ROLLBACK
2025-03-24 14:06:59 - app.core.middleware - INFO - Request f9bc470a-66a9-4334-8e21-865ab536c4ca completed: GET http://localhost:8000/api/dashboard/stats - Status: 200 - Time: 0.0685s
2025-03-24 14:06:59 - app.core.middleware - INFO - Request 72deae26-bcb9-4413-9b1f-192535a411e0 started: GET http://localhost:8000/api/dashboard/stats
2025-03-24 14:06:59 - root - INFO - Request 42669728-4156-45fd-92f6-cce793670837 started: GET /api/dashboard/stats
2025-03-24 14:06:59 - root - INFO - Request 42669728-4156-45fd-92f6-cce793670837 origin: http://localhost:3000
2025-03-24 14:06:59 - root - INFO - Request 42669728-4156-45fd-92f6-cce793670837 referer: http://localhost:3000/
2025-03-24 14:06:59 - root - INFO - Request 42669728-4156-45fd-92f6-cce793670837 auth header present: True
2025-03-24 14:06:59 - root - INFO - Request 42669728-4156-45fd-92f6-cce793670837 auth header: Bearer eyJhbGci...
2025-03-24 14:06:59 - app.routers.dashboard - INFO - Getting dashboard stats (unauthenticated)
2025-03-24 14:06:59 - sqlalchemy.engine.Engine - INFO - BEGIN (implicit)
2025-03-24 14:06:59 - sqlalchemy.engine.Engine - INFO - SELECT count(work_orders.id) AS count_1 
FROM work_orders
2025-03-24 14:06:59 - sqlalchemy.engine.Engine - INFO - [cached since 0.6853s ago] {}
2025-03-24 14:06:59 - sqlalchemy.engine.Engine - INFO - SELECT count(work_orders.id) AS count_1 
FROM work_orders 
WHERE work_orders.status IN (%(status_1_1)s, %(status_1_2)s)
2025-03-24 14:06:59 - sqlalchemy.engine.Engine - INFO - [cached since 0.6832s ago] {'status_1_1': 'pending', 'status_1_2': 'scheduled'}
2025-03-24 14:06:59 - sqlalchemy.engine.Engine - INFO - SELECT count(work_orders.id) AS count_1 
FROM work_orders 
WHERE work_orders.status = %(status_1)s
2025-03-24 14:06:59 - sqlalchemy.engine.Engine - INFO - [cached since 0.6827s ago] {'status_1': 'completed'}
2025-03-24 14:06:59 - sqlalchemy.engine.Engine - INFO - SELECT count(work_orders.id) AS count_1 
FROM work_orders 
WHERE work_orders.created_at >= %(created_at_1)s AND work_orders.created_at <= %(created_at_2)s
2025-03-24 14:06:59 - sqlalchemy.engine.Engine - INFO - [cached since 0.682s ago] {'created_at_1': datetime.date(2025, 3, 1), 'created_at_2': datetime.date(2025, 3, 31)}
2025-03-24 14:06:59 - sqlalchemy.engine.Engine - INFO - SELECT count(work_orders.id) AS count_1 
FROM work_orders 
WHERE work_orders.created_at >= %(created_at_1)s AND work_orders.created_at < %(created_at_2)s
2025-03-24 14:06:59 - sqlalchemy.engine.Engine - INFO - [cached since 0.6813s ago] {'created_at_1': datetime.date(2025, 2, 1), 'created_at_2': datetime.date(2025, 3, 1)}
2025-03-24 14:06:59 - sqlalchemy.engine.Engine - INFO - SELECT sum(payments.amount) AS sum_1 
FROM payments 
WHERE payments.status = %(status_1)s AND payments.payment_date >= %(payment_date_1)s AND payments.payment_date <= %(payment_date_2)s
2025-03-24 14:06:59 - sqlalchemy.engine.Engine - INFO - [cached since 0.6803s ago] {'status_1': 'success', 'payment_date_1': datetime.date(2025, 3, 1), 'payment_date_2': datetime.date(2025, 3, 31)}
2025-03-24 14:06:59 - sqlalchemy.engine.Engine - INFO - SELECT sum(payments.amount) AS sum_1 
FROM payments 
WHERE payments.status = %(status_1)s AND payments.payment_date >= %(payment_date_1)s AND payments.payment_date < %(payment_date_2)s
2025-03-24 14:06:59 - sqlalchemy.engine.Engine - INFO - [cached since 0.6789s ago] {'status_1': 'success', 'payment_date_1': datetime.date(2025, 2, 1), 'payment_date_2': datetime.date(2025, 3, 1)}
2025-03-24 14:06:59 - sqlalchemy.engine.Engine - INFO - SELECT SUM(total) FROM invoices WHERE status IN ('sent', 'overdue')
2025-03-24 14:06:59 - sqlalchemy.engine.Engine - INFO - [cached since 0.6784s ago] {}
2025-03-24 14:06:59 - sqlalchemy.engine.Engine - INFO - SELECT count(invoices.id) AS count_1 
FROM invoices 
WHERE invoices.status = %(status_1)s
2025-03-24 14:06:59 - sqlalchemy.engine.Engine - INFO - [cached since 0.6773s ago] {'status_1': 'overdue'}
2025-03-24 14:06:59 - sqlalchemy.engine.Engine - INFO - SELECT count(clients.id) AS count_1 
FROM clients
2025-03-24 14:06:59 - sqlalchemy.engine.Engine - INFO - [cached since 0.6767s ago] {}
2025-03-24 14:06:59 - sqlalchemy.engine.Engine - INFO - SELECT count(clients.id) AS count_1 
FROM clients 
WHERE clients.status = %(status_1)s
2025-03-24 14:06:59 - sqlalchemy.engine.Engine - INFO - [cached since 0.6764s ago] {'status_1': 'active'}
2025-03-24 14:06:59 - sqlalchemy.engine.Engine - INFO - SELECT count(technicians.id) AS count_1 
FROM technicians
2025-03-24 14:06:59 - sqlalchemy.engine.Engine - INFO - [cached since 0.6755s ago] {}
2025-03-24 14:06:59 - sqlalchemy.engine.Engine - INFO - SELECT count(technicians.id) AS count_1 
FROM technicians 
WHERE technicians.status = %(status_1)s
2025-03-24 14:06:59 - sqlalchemy.engine.Engine - INFO - [cached since 0.6748s ago] {'status_1': 'active'}
2025-03-24 14:06:59 - root - INFO - Request 42669728-4156-45fd-92f6-cce793670837 completed: GET /api/dashboard/stats - Status: 200
2025-03-24 14:06:59 - sqlalchemy.engine.Engine - INFO - ROLLBACK
2025-03-24 14:06:59 - app.core.middleware - INFO - Request 72deae26-bcb9-4413-9b1f-192535a411e0 completed: GET http://localhost:8000/api/dashboard/stats - Status: 200 - Time: 0.0320s
2025-03-24 14:07:13 - root - INFO - Redis client initialized successfully
2025-03-24 14:07:13 - root - INFO - Auth0 configuration loaded - Domain: dev-fqp1z1l3km7uj2gq.us.auth0.com, Audience: https://idimsapi
2025-03-24 14:07:21 - app.core.middleware - INFO - Request 24834132-ff63-4fbf-8d17-d29ed8bfff85 started: GET http://localhost:8000/api/dashboard/stats
2025-03-24 14:07:21 - root - INFO - Request f5c5948a-1234-4bd4-879e-2e2374c38beb started: GET /api/dashboard/stats
2025-03-24 14:07:21 - root - INFO - Request f5c5948a-1234-4bd4-879e-2e2374c38beb origin: http://localhost:3000
2025-03-24 14:07:21 - root - INFO - Request f5c5948a-1234-4bd4-879e-2e2374c38beb referer: http://localhost:3000/
2025-03-24 14:07:21 - root - INFO - Request f5c5948a-1234-4bd4-879e-2e2374c38beb auth header present: True
2025-03-24 14:07:21 - root - INFO - Request f5c5948a-1234-4bd4-879e-2e2374c38beb auth header: Bearer eyJhbGci...
2025-03-24 14:07:21 - app.routers.dashboard - INFO - Getting dashboard stats (unauthenticated)
2025-03-24 14:07:21 - sqlalchemy.engine.Engine - INFO - BEGIN (implicit)
2025-03-24 14:07:22 - sqlalchemy.engine.Engine - INFO - SELECT count(work_orders.id) AS count_1 
FROM work_orders
2025-03-24 14:07:22 - sqlalchemy.engine.Engine - INFO - [generated in 0.00090s] {}
2025-03-24 14:07:22 - sqlalchemy.engine.Engine - INFO - SELECT count(work_orders.id) AS count_1 
FROM work_orders 
WHERE work_orders.status IN (%(status_1_1)s, %(status_1_2)s)
2025-03-24 14:07:22 - sqlalchemy.engine.Engine - INFO - [generated in 0.00113s] {'status_1_1': 'pending', 'status_1_2': 'scheduled'}
2025-03-24 14:07:22 - sqlalchemy.engine.Engine - INFO - SELECT count(work_orders.id) AS count_1 
FROM work_orders 
WHERE work_orders.status = %(status_1)s
2025-03-24 14:07:22 - sqlalchemy.engine.Engine - INFO - [generated in 0.00077s] {'status_1': 'completed'}
2025-03-24 14:07:22 - sqlalchemy.engine.Engine - INFO - SELECT count(work_orders.id) AS count_1 
FROM work_orders 
WHERE work_orders.created_at >= %(created_at_1)s AND work_orders.created_at <= %(created_at_2)s
2025-03-24 14:07:22 - sqlalchemy.engine.Engine - INFO - [generated in 0.00094s] {'created_at_1': datetime.date(2025, 3, 1), 'created_at_2': datetime.date(2025, 3, 31)}
2025-03-24 14:07:22 - sqlalchemy.engine.Engine - INFO - SELECT count(work_orders.id) AS count_1 
FROM work_orders 
WHERE work_orders.created_at >= %(created_at_1)s AND work_orders.created_at < %(created_at_2)s
2025-03-24 14:07:22 - sqlalchemy.engine.Engine - INFO - [generated in 0.00100s] {'created_at_1': datetime.date(2025, 2, 1), 'created_at_2': datetime.date(2025, 3, 1)}
2025-03-24 14:07:22 - sqlalchemy.engine.Engine - INFO - SELECT sum(payments.amount) AS sum_1 
FROM payments 
WHERE payments.status = %(status_1)s AND payments.payment_date >= %(payment_date_1)s AND payments.payment_date <= %(payment_date_2)s
2025-03-24 14:07:22 - sqlalchemy.engine.Engine - INFO - [generated in 0.00087s] {'status_1': 'success', 'payment_date_1': datetime.date(2025, 3, 1), 'payment_date_2': datetime.date(2025, 3, 31)}
2025-03-24 14:07:22 - sqlalchemy.engine.Engine - INFO - SELECT sum(payments.amount) AS sum_1 
FROM payments 
WHERE payments.status = %(status_1)s AND payments.payment_date >= %(payment_date_1)s AND payments.payment_date < %(payment_date_2)s
2025-03-24 14:07:22 - sqlalchemy.engine.Engine - INFO - [generated in 0.00092s] {'status_1': 'success', 'payment_date_1': datetime.date(2025, 2, 1), 'payment_date_2': datetime.date(2025, 3, 1)}
2025-03-24 14:07:22 - sqlalchemy.engine.Engine - INFO - SELECT SUM(total) FROM invoices WHERE status IN ('sent', 'overdue')
2025-03-24 14:07:22 - sqlalchemy.engine.Engine - INFO - [generated in 0.00060s] {}
2025-03-24 14:07:22 - sqlalchemy.engine.Engine - INFO - SELECT count(invoices.id) AS count_1 
FROM invoices 
WHERE invoices.status = %(status_1)s
2025-03-24 14:07:22 - sqlalchemy.engine.Engine - INFO - [generated in 0.00074s] {'status_1': 'overdue'}
2025-03-24 14:07:22 - sqlalchemy.engine.Engine - INFO - SELECT count(clients.id) AS count_1 
FROM clients
2025-03-24 14:07:22 - sqlalchemy.engine.Engine - INFO - [generated in 0.00102s] {}
2025-03-24 14:07:22 - sqlalchemy.engine.Engine - INFO - SELECT count(clients.id) AS count_1 
FROM clients 
WHERE clients.status = %(status_1)s
2025-03-24 14:07:22 - sqlalchemy.engine.Engine - INFO - [generated in 0.00078s] {'status_1': 'active'}
2025-03-24 14:07:22 - sqlalchemy.engine.Engine - INFO - SELECT count(technicians.id) AS count_1 
FROM technicians
2025-03-24 14:07:22 - sqlalchemy.engine.Engine - INFO - [generated in 0.00083s] {}
2025-03-24 14:07:22 - sqlalchemy.engine.Engine - INFO - SELECT count(technicians.id) AS count_1 
FROM technicians 
WHERE technicians.status = %(status_1)s
2025-03-24 14:07:22 - sqlalchemy.engine.Engine - INFO - [generated in 0.00102s] {'status_1': 'active'}
2025-03-24 14:07:22 - root - INFO - Request f5c5948a-1234-4bd4-879e-2e2374c38beb completed: GET /api/dashboard/stats - Status: 200
2025-03-24 14:07:22 - sqlalchemy.engine.Engine - INFO - ROLLBACK
2025-03-24 14:07:22 - app.core.middleware - INFO - Request 24834132-ff63-4fbf-8d17-d29ed8bfff85 completed: GET http://localhost:8000/api/dashboard/stats - Status: 200 - Time: 0.0945s
2025-03-24 14:07:22 - app.core.middleware - INFO - Request f751319d-5c2b-4fca-a124-5cdef49ee732 started: GET http://localhost:8000/api/dashboard/stats
2025-03-24 14:07:22 - root - INFO - Request ffbb38b2-2021-42d9-9ad1-048eecc29af2 started: GET /api/dashboard/stats
2025-03-24 14:07:22 - root - INFO - Request ffbb38b2-2021-42d9-9ad1-048eecc29af2 origin: http://localhost:3000
2025-03-24 14:07:22 - root - INFO - Request ffbb38b2-2021-42d9-9ad1-048eecc29af2 referer: http://localhost:3000/
2025-03-24 14:07:22 - root - INFO - Request ffbb38b2-2021-42d9-9ad1-048eecc29af2 auth header present: True
2025-03-24 14:07:22 - root - INFO - Request ffbb38b2-2021-42d9-9ad1-048eecc29af2 auth header: Bearer eyJhbGci...
2025-03-24 14:07:22 - app.routers.dashboard - INFO - Getting dashboard stats (unauthenticated)
2025-03-24 14:07:22 - sqlalchemy.engine.Engine - INFO - BEGIN (implicit)
2025-03-24 14:07:22 - sqlalchemy.engine.Engine - INFO - SELECT count(work_orders.id) AS count_1 
FROM work_orders
2025-03-24 14:07:22 - sqlalchemy.engine.Engine - INFO - [cached since 0.04387s ago] {}
2025-03-24 14:07:22 - sqlalchemy.engine.Engine - INFO - SELECT count(work_orders.id) AS count_1 
FROM work_orders 
WHERE work_orders.status IN (%(status_1_1)s, %(status_1_2)s)
2025-03-24 14:07:22 - sqlalchemy.engine.Engine - INFO - [cached since 0.04191s ago] {'status_1_1': 'pending', 'status_1_2': 'scheduled'}
2025-03-24 14:07:22 - sqlalchemy.engine.Engine - INFO - SELECT count(work_orders.id) AS count_1 
FROM work_orders 
WHERE work_orders.status = %(status_1)s
2025-03-24 14:07:22 - sqlalchemy.engine.Engine - INFO - [cached since 0.04144s ago] {'status_1': 'completed'}
2025-03-24 14:07:22 - sqlalchemy.engine.Engine - INFO - SELECT count(work_orders.id) AS count_1 
FROM work_orders 
WHERE work_orders.created_at >= %(created_at_1)s AND work_orders.created_at <= %(created_at_2)s
2025-03-24 14:07:22 - sqlalchemy.engine.Engine - INFO - [cached since 0.04132s ago] {'created_at_1': datetime.date(2025, 3, 1), 'created_at_2': datetime.date(2025, 3, 31)}
2025-03-24 14:07:22 - sqlalchemy.engine.Engine - INFO - SELECT count(work_orders.id) AS count_1 
FROM work_orders 
WHERE work_orders.created_at >= %(created_at_1)s AND work_orders.created_at < %(created_at_2)s
2025-03-24 14:07:22 - sqlalchemy.engine.Engine - INFO - [cached since 0.04092s ago] {'created_at_1': datetime.date(2025, 2, 1), 'created_at_2': datetime.date(2025, 3, 1)}
2025-03-24 14:07:22 - sqlalchemy.engine.Engine - INFO - SELECT sum(payments.amount) AS sum_1 
FROM payments 
WHERE payments.status = %(status_1)s AND payments.payment_date >= %(payment_date_1)s AND payments.payment_date <= %(payment_date_2)s
2025-03-24 14:07:22 - sqlalchemy.engine.Engine - INFO - [cached since 0.04021s ago] {'status_1': 'success', 'payment_date_1': datetime.date(2025, 3, 1), 'payment_date_2': datetime.date(2025, 3, 31)}
2025-03-24 14:07:22 - sqlalchemy.engine.Engine - INFO - SELECT sum(payments.amount) AS sum_1 
FROM payments 
WHERE payments.status = %(status_1)s AND payments.payment_date >= %(payment_date_1)s AND payments.payment_date < %(payment_date_2)s
2025-03-24 14:07:22 - sqlalchemy.engine.Engine - INFO - [cached since 0.03919s ago] {'status_1': 'success', 'payment_date_1': datetime.date(2025, 2, 1), 'payment_date_2': datetime.date(2025, 3, 1)}
2025-03-24 14:07:22 - sqlalchemy.engine.Engine - INFO - SELECT SUM(total) FROM invoices WHERE status IN ('sent', 'overdue')
2025-03-24 14:07:22 - sqlalchemy.engine.Engine - INFO - [cached since 0.03894s ago] {}
2025-03-24 14:07:22 - sqlalchemy.engine.Engine - INFO - SELECT count(invoices.id) AS count_1 
FROM invoices 
WHERE invoices.status = %(status_1)s
2025-03-24 14:07:22 - sqlalchemy.engine.Engine - INFO - [cached since 0.03802s ago] {'status_1': 'overdue'}
2025-03-24 14:07:22 - sqlalchemy.engine.Engine - INFO - SELECT count(clients.id) AS count_1 
FROM clients
2025-03-24 14:07:22 - sqlalchemy.engine.Engine - INFO - [cached since 0.03784s ago] {}
2025-03-24 14:07:22 - sqlalchemy.engine.Engine - INFO - SELECT count(clients.id) AS count_1 
FROM clients 
WHERE clients.status = %(status_1)s
2025-03-24 14:07:22 - sqlalchemy.engine.Engine - INFO - [cached since 0.03699s ago] {'status_1': 'active'}
2025-03-24 14:07:22 - sqlalchemy.engine.Engine - INFO - SELECT count(technicians.id) AS count_1 
FROM technicians
2025-03-24 14:07:22 - sqlalchemy.engine.Engine - INFO - [cached since 0.03695s ago] {}
2025-03-24 14:07:22 - sqlalchemy.engine.Engine - INFO - SELECT count(technicians.id) AS count_1 
FROM technicians 
WHERE technicians.status = %(status_1)s
2025-03-24 14:07:22 - sqlalchemy.engine.Engine - INFO - [cached since 0.03661s ago] {'status_1': 'active'}
2025-03-24 14:07:22 - root - INFO - Request ffbb38b2-2021-42d9-9ad1-048eecc29af2 completed: GET /api/dashboard/stats - Status: 200
2025-03-24 14:07:22 - sqlalchemy.engine.Engine - INFO - ROLLBACK
2025-03-24 14:07:22 - app.core.middleware - INFO - Request f751319d-5c2b-4fca-a124-5cdef49ee732 completed: GET http://localhost:8000/api/dashboard/stats - Status: 200 - Time: 0.0325s
2025-03-24 14:07:22 - app.core.middleware - INFO - Request 10cb92b0-4590-4386-ac3f-2eb8967359db started: GET http://localhost:8000/api/dashboard/stats
2025-03-24 14:07:22 - root - INFO - Request 51122566-787d-4a24-89e3-e8c495c41c2d started: GET /api/dashboard/stats
2025-03-24 14:07:22 - root - INFO - Request 51122566-787d-4a24-89e3-e8c495c41c2d origin: http://localhost:3000
2025-03-24 14:07:22 - root - INFO - Request 51122566-787d-4a24-89e3-e8c495c41c2d referer: http://localhost:3000/
2025-03-24 14:07:22 - root - INFO - Request 51122566-787d-4a24-89e3-e8c495c41c2d auth header present: True
2025-03-24 14:07:22 - root - INFO - Request 51122566-787d-4a24-89e3-e8c495c41c2d auth header: Bearer eyJhbGci...
2025-03-24 14:07:22 - app.routers.dashboard - INFO - Getting dashboard stats (unauthenticated)
2025-03-24 14:07:22 - sqlalchemy.engine.Engine - INFO - BEGIN (implicit)
2025-03-24 14:07:22 - sqlalchemy.engine.Engine - INFO - SELECT count(work_orders.id) AS count_1 
FROM work_orders
2025-03-24 14:07:22 - sqlalchemy.engine.Engine - INFO - [cached since 0.07854s ago] {}
2025-03-24 14:07:22 - sqlalchemy.engine.Engine - INFO - SELECT count(work_orders.id) AS count_1 
FROM work_orders 
WHERE work_orders.status IN (%(status_1_1)s, %(status_1_2)s)
2025-03-24 14:07:22 - sqlalchemy.engine.Engine - INFO - [cached since 0.07653s ago] {'status_1_1': 'pending', 'status_1_2': 'scheduled'}
2025-03-24 14:07:22 - sqlalchemy.engine.Engine - INFO - SELECT count(work_orders.id) AS count_1 
FROM work_orders 
WHERE work_orders.status = %(status_1)s
2025-03-24 14:07:22 - sqlalchemy.engine.Engine - INFO - [cached since 0.07583s ago] {'status_1': 'completed'}
2025-03-24 14:07:22 - sqlalchemy.engine.Engine - INFO - SELECT count(work_orders.id) AS count_1 
FROM work_orders 
WHERE work_orders.created_at >= %(created_at_1)s AND work_orders.created_at <= %(created_at_2)s
2025-03-24 14:07:22 - sqlalchemy.engine.Engine - INFO - [cached since 0.0758s ago] {'created_at_1': datetime.date(2025, 3, 1), 'created_at_2': datetime.date(2025, 3, 31)}
2025-03-24 14:07:22 - sqlalchemy.engine.Engine - INFO - SELECT count(work_orders.id) AS count_1 
FROM work_orders 
WHERE work_orders.created_at >= %(created_at_1)s AND work_orders.created_at < %(created_at_2)s
2025-03-24 14:07:22 - sqlalchemy.engine.Engine - INFO - [cached since 0.07545s ago] {'created_at_1': datetime.date(2025, 2, 1), 'created_at_2': datetime.date(2025, 3, 1)}
2025-03-24 14:07:22 - sqlalchemy.engine.Engine - INFO - SELECT sum(payments.amount) AS sum_1 
FROM payments 
WHERE payments.status = %(status_1)s AND payments.payment_date >= %(payment_date_1)s AND payments.payment_date <= %(payment_date_2)s
2025-03-24 14:07:22 - sqlalchemy.engine.Engine - INFO - [cached since 0.07464s ago] {'status_1': 'success', 'payment_date_1': datetime.date(2025, 3, 1), 'payment_date_2': datetime.date(2025, 3, 31)}
2025-03-24 14:07:22 - sqlalchemy.engine.Engine - INFO - SELECT sum(payments.amount) AS sum_1 
FROM payments 
WHERE payments.status = %(status_1)s AND payments.payment_date >= %(payment_date_1)s AND payments.payment_date < %(payment_date_2)s
2025-03-24 14:07:22 - sqlalchemy.engine.Engine - INFO - [cached since 0.07343s ago] {'status_1': 'success', 'payment_date_1': datetime.date(2025, 2, 1), 'payment_date_2': datetime.date(2025, 3, 1)}
2025-03-24 14:07:22 - sqlalchemy.engine.Engine - INFO - SELECT SUM(total) FROM invoices WHERE status IN ('sent', 'overdue')
2025-03-24 14:07:22 - sqlalchemy.engine.Engine - INFO - [cached since 0.07286s ago] {}
2025-03-24 14:07:22 - sqlalchemy.engine.Engine - INFO - SELECT count(invoices.id) AS count_1 
FROM invoices 
WHERE invoices.status = %(status_1)s
2025-03-24 14:07:22 - sqlalchemy.engine.Engine - INFO - [cached since 0.07197s ago] {'status_1': 'overdue'}
2025-03-24 14:07:22 - sqlalchemy.engine.Engine - INFO - SELECT count(clients.id) AS count_1 
FROM clients
2025-03-24 14:07:22 - sqlalchemy.engine.Engine - INFO - [cached since 0.07153s ago] {}
2025-03-24 14:07:22 - sqlalchemy.engine.Engine - INFO - SELECT count(clients.id) AS count_1 
FROM clients 
WHERE clients.status = %(status_1)s
2025-03-24 14:07:22 - sqlalchemy.engine.Engine - INFO - [cached since 0.07064s ago] {'status_1': 'active'}
2025-03-24 14:07:22 - sqlalchemy.engine.Engine - INFO - SELECT count(technicians.id) AS count_1 
FROM technicians
2025-03-24 14:07:22 - sqlalchemy.engine.Engine - INFO - [cached since 0.0703s ago] {}
2025-03-24 14:07:22 - sqlalchemy.engine.Engine - INFO - SELECT count(technicians.id) AS count_1 
FROM technicians 
WHERE technicians.status = %(status_1)s
2025-03-24 14:07:22 - sqlalchemy.engine.Engine - INFO - [cached since 0.06966s ago] {'status_1': 'active'}
2025-03-24 14:07:22 - root - INFO - Request 51122566-787d-4a24-89e3-e8c495c41c2d completed: GET /api/dashboard/stats - Status: 200
2025-03-24 14:07:22 - sqlalchemy.engine.Engine - INFO - ROLLBACK
2025-03-24 14:07:22 - app.core.middleware - INFO - Request 10cb92b0-4590-4386-ac3f-2eb8967359db completed: GET http://localhost:8000/api/dashboard/stats - Status: 200 - Time: 0.0315s
2025-03-24 14:07:22 - app.core.middleware - INFO - Request 9ea1b5ee-be39-4daf-9c2e-335dd0926bea started: GET http://localhost:8000/api/dashboard/stats
2025-03-24 14:07:22 - root - INFO - Request 16e996fc-18e9-4d00-9ebc-91a863f5ff32 started: GET /api/dashboard/stats
2025-03-24 14:07:22 - root - INFO - Request 16e996fc-18e9-4d00-9ebc-91a863f5ff32 origin: http://localhost:3000
2025-03-24 14:07:22 - root - INFO - Request 16e996fc-18e9-4d00-9ebc-91a863f5ff32 referer: http://localhost:3000/
2025-03-24 14:07:22 - root - INFO - Request 16e996fc-18e9-4d00-9ebc-91a863f5ff32 auth header present: True
2025-03-24 14:07:22 - root - INFO - Request 16e996fc-18e9-4d00-9ebc-91a863f5ff32 auth header: Bearer eyJhbGci...
2025-03-24 14:07:22 - app.routers.dashboard - INFO - Getting dashboard stats (unauthenticated)
2025-03-24 14:07:22 - sqlalchemy.engine.Engine - INFO - BEGIN (implicit)
2025-03-24 14:07:22 - sqlalchemy.engine.Engine - INFO - SELECT count(work_orders.id) AS count_1 
FROM work_orders
2025-03-24 14:07:22 - sqlalchemy.engine.Engine - INFO - [cached since 0.1129s ago] {}
2025-03-24 14:07:22 - sqlalchemy.engine.Engine - INFO - SELECT count(work_orders.id) AS count_1 
FROM work_orders 
WHERE work_orders.status IN (%(status_1_1)s, %(status_1_2)s)
2025-03-24 14:07:22 - sqlalchemy.engine.Engine - INFO - [cached since 0.1109s ago] {'status_1_1': 'pending', 'status_1_2': 'scheduled'}
2025-03-24 14:07:22 - sqlalchemy.engine.Engine - INFO - SELECT count(work_orders.id) AS count_1 
FROM work_orders 
WHERE work_orders.status = %(status_1)s
2025-03-24 14:07:22 - sqlalchemy.engine.Engine - INFO - [cached since 0.1105s ago] {'status_1': 'completed'}
2025-03-24 14:07:22 - sqlalchemy.engine.Engine - INFO - SELECT count(work_orders.id) AS count_1 
FROM work_orders 
WHERE work_orders.created_at >= %(created_at_1)s AND work_orders.created_at <= %(created_at_2)s
2025-03-24 14:07:22 - sqlalchemy.engine.Engine - INFO - [cached since 0.1104s ago] {'created_at_1': datetime.date(2025, 3, 1), 'created_at_2': datetime.date(2025, 3, 31)}
2025-03-24 14:07:22 - sqlalchemy.engine.Engine - INFO - SELECT count(work_orders.id) AS count_1 
FROM work_orders 
WHERE work_orders.created_at >= %(created_at_1)s AND work_orders.created_at < %(created_at_2)s
2025-03-24 14:07:22 - sqlalchemy.engine.Engine - INFO - [cached since 0.1101s ago] {'created_at_1': datetime.date(2025, 2, 1), 'created_at_2': datetime.date(2025, 3, 1)}
2025-03-24 14:07:22 - sqlalchemy.engine.Engine - INFO - SELECT sum(payments.amount) AS sum_1 
FROM payments 
WHERE payments.status = %(status_1)s AND payments.payment_date >= %(payment_date_1)s AND payments.payment_date <= %(payment_date_2)s
2025-03-24 14:07:22 - sqlalchemy.engine.Engine - INFO - [cached since 0.1096s ago] {'status_1': 'success', 'payment_date_1': datetime.date(2025, 3, 1), 'payment_date_2': datetime.date(2025, 3, 31)}
2025-03-24 14:07:22 - sqlalchemy.engine.Engine - INFO - SELECT sum(payments.amount) AS sum_1 
FROM payments 
WHERE payments.status = %(status_1)s AND payments.payment_date >= %(payment_date_1)s AND payments.payment_date < %(payment_date_2)s
2025-03-24 14:07:22 - sqlalchemy.engine.Engine - INFO - [cached since 0.1086s ago] {'status_1': 'success', 'payment_date_1': datetime.date(2025, 2, 1), 'payment_date_2': datetime.date(2025, 3, 1)}
2025-03-24 14:07:22 - sqlalchemy.engine.Engine - INFO - SELECT SUM(total) FROM invoices WHERE status IN ('sent', 'overdue')
2025-03-24 14:07:22 - sqlalchemy.engine.Engine - INFO - [cached since 0.108s ago] {}
2025-03-24 14:07:22 - sqlalchemy.engine.Engine - INFO - SELECT count(invoices.id) AS count_1 
FROM invoices 
WHERE invoices.status = %(status_1)s
2025-03-24 14:07:22 - sqlalchemy.engine.Engine - INFO - [cached since 0.107s ago] {'status_1': 'overdue'}
2025-03-24 14:07:22 - sqlalchemy.engine.Engine - INFO - SELECT count(clients.id) AS count_1 
FROM clients
2025-03-24 14:07:22 - sqlalchemy.engine.Engine - INFO - [cached since 0.1064s ago] {}
2025-03-24 14:07:22 - sqlalchemy.engine.Engine - INFO - SELECT count(clients.id) AS count_1 
FROM clients 
WHERE clients.status = %(status_1)s
2025-03-24 14:07:22 - sqlalchemy.engine.Engine - INFO - [cached since 0.1052s ago] {'status_1': 'active'}
2025-03-24 14:07:22 - sqlalchemy.engine.Engine - INFO - SELECT count(technicians.id) AS count_1 
FROM technicians
2025-03-24 14:07:22 - sqlalchemy.engine.Engine - INFO - [cached since 0.1049s ago] {}
2025-03-24 14:07:22 - sqlalchemy.engine.Engine - INFO - SELECT count(technicians.id) AS count_1 
FROM technicians 
WHERE technicians.status = %(status_1)s
2025-03-24 14:07:22 - sqlalchemy.engine.Engine - INFO - [cached since 0.1043s ago] {'status_1': 'active'}
2025-03-24 14:07:22 - root - INFO - Request 16e996fc-18e9-4d00-9ebc-91a863f5ff32 completed: GET /api/dashboard/stats - Status: 200
2025-03-24 14:07:22 - sqlalchemy.engine.Engine - INFO - ROLLBACK
2025-03-24 14:07:22 - app.core.middleware - INFO - Request 9ea1b5ee-be39-4daf-9c2e-335dd0926bea completed: GET http://localhost:8000/api/dashboard/stats - Status: 200 - Time: 0.0325s
2025-03-24 14:07:22 - app.core.middleware - INFO - Request b16e4479-1e9f-4d11-886c-586ea126999c started: GET http://localhost:8000/api/dashboard/stats
2025-03-24 14:07:22 - root - INFO - Request 7817f635-2775-4a5f-bde9-849647e04dbc started: GET /api/dashboard/stats
2025-03-24 14:07:22 - root - INFO - Request 7817f635-2775-4a5f-bde9-849647e04dbc origin: http://localhost:3000
2025-03-24 14:07:22 - root - INFO - Request 7817f635-2775-4a5f-bde9-849647e04dbc referer: http://localhost:3000/
2025-03-24 14:07:22 - root - INFO - Request 7817f635-2775-4a5f-bde9-849647e04dbc auth header present: True
2025-03-24 14:07:22 - root - INFO - Request 7817f635-2775-4a5f-bde9-849647e04dbc auth header: Bearer eyJhbGci...
2025-03-24 14:07:22 - app.routers.dashboard - INFO - Getting dashboard stats (unauthenticated)
2025-03-24 14:07:22 - sqlalchemy.engine.Engine - INFO - BEGIN (implicit)
2025-03-24 14:07:22 - sqlalchemy.engine.Engine - INFO - SELECT count(work_orders.id) AS count_1 
FROM work_orders
2025-03-24 14:07:22 - sqlalchemy.engine.Engine - INFO - [cached since 0.1469s ago] {}
2025-03-24 14:07:22 - sqlalchemy.engine.Engine - INFO - SELECT count(work_orders.id) AS count_1 
FROM work_orders 
WHERE work_orders.status IN (%(status_1_1)s, %(status_1_2)s)
2025-03-24 14:07:22 - sqlalchemy.engine.Engine - INFO - [cached since 0.1452s ago] {'status_1_1': 'pending', 'status_1_2': 'scheduled'}
2025-03-24 14:07:22 - sqlalchemy.engine.Engine - INFO - SELECT count(work_orders.id) AS count_1 
FROM work_orders 
WHERE work_orders.status = %(status_1)s
2025-03-24 14:07:22 - sqlalchemy.engine.Engine - INFO - [cached since 0.1445s ago] {'status_1': 'completed'}
2025-03-24 14:07:22 - sqlalchemy.engine.Engine - INFO - SELECT count(work_orders.id) AS count_1 
FROM work_orders 
WHERE work_orders.created_at >= %(created_at_1)s AND work_orders.created_at <= %(created_at_2)s
2025-03-24 14:07:22 - sqlalchemy.engine.Engine - INFO - [cached since 0.1441s ago] {'created_at_1': datetime.date(2025, 3, 1), 'created_at_2': datetime.date(2025, 3, 31)}
2025-03-24 14:07:22 - sqlalchemy.engine.Engine - INFO - SELECT count(work_orders.id) AS count_1 
FROM work_orders 
WHERE work_orders.created_at >= %(created_at_1)s AND work_orders.created_at < %(created_at_2)s
2025-03-24 14:07:22 - sqlalchemy.engine.Engine - INFO - [cached since 0.1437s ago] {'created_at_1': datetime.date(2025, 2, 1), 'created_at_2': datetime.date(2025, 3, 1)}
2025-03-24 14:07:22 - sqlalchemy.engine.Engine - INFO - SELECT sum(payments.amount) AS sum_1 
FROM payments 
WHERE payments.status = %(status_1)s AND payments.payment_date >= %(payment_date_1)s AND payments.payment_date <= %(payment_date_2)s
2025-03-24 14:07:22 - sqlalchemy.engine.Engine - INFO - [cached since 0.1429s ago] {'status_1': 'success', 'payment_date_1': datetime.date(2025, 3, 1), 'payment_date_2': datetime.date(2025, 3, 31)}
2025-03-24 14:07:22 - sqlalchemy.engine.Engine - INFO - SELECT sum(payments.amount) AS sum_1 
FROM payments 
WHERE payments.status = %(status_1)s AND payments.payment_date >= %(payment_date_1)s AND payments.payment_date < %(payment_date_2)s
2025-03-24 14:07:22 - sqlalchemy.engine.Engine - INFO - [cached since 0.1419s ago] {'status_1': 'success', 'payment_date_1': datetime.date(2025, 2, 1), 'payment_date_2': datetime.date(2025, 3, 1)}
2025-03-24 14:07:22 - sqlalchemy.engine.Engine - INFO - SELECT SUM(total) FROM invoices WHERE status IN ('sent', 'overdue')
2025-03-24 14:07:22 - sqlalchemy.engine.Engine - INFO - [cached since 0.1413s ago] {}
2025-03-24 14:07:22 - sqlalchemy.engine.Engine - INFO - SELECT count(invoices.id) AS count_1 
FROM invoices 
WHERE invoices.status = %(status_1)s
2025-03-24 14:07:22 - sqlalchemy.engine.Engine - INFO - [cached since 0.1402s ago] {'status_1': 'overdue'}
2025-03-24 14:07:22 - sqlalchemy.engine.Engine - INFO - SELECT count(clients.id) AS count_1 
FROM clients
2025-03-24 14:07:22 - sqlalchemy.engine.Engine - INFO - [cached since 0.1396s ago] {}
2025-03-24 14:07:22 - sqlalchemy.engine.Engine - INFO - SELECT count(clients.id) AS count_1 
FROM clients 
WHERE clients.status = %(status_1)s
2025-03-24 14:07:22 - sqlalchemy.engine.Engine - INFO - [cached since 0.1385s ago] {'status_1': 'active'}
2025-03-24 14:07:22 - sqlalchemy.engine.Engine - INFO - SELECT count(technicians.id) AS count_1 
FROM technicians
2025-03-24 14:07:22 - sqlalchemy.engine.Engine - INFO - [cached since 0.1382s ago] {}
2025-03-24 14:07:22 - sqlalchemy.engine.Engine - INFO - SELECT count(technicians.id) AS count_1 
FROM technicians 
WHERE technicians.status = %(status_1)s
2025-03-24 14:07:22 - sqlalchemy.engine.Engine - INFO - [cached since 0.1375s ago] {'status_1': 'active'}
2025-03-24 14:07:22 - root - INFO - Request 7817f635-2775-4a5f-bde9-849647e04dbc completed: GET /api/dashboard/stats - Status: 200
2025-03-24 14:07:22 - app.core.middleware - INFO - Request b16e4479-1e9f-4d11-886c-586ea126999c completed: GET http://localhost:8000/api/dashboard/stats - Status: 200 - Time: 0.0310s
2025-03-24 14:07:22 - sqlalchemy.engine.Engine - INFO - ROLLBACK
2025-03-24 14:11:10 - root - INFO - Redis client initialized successfully
2025-03-24 14:11:10 - root - INFO - Auth0 configuration loaded - Domain: dev-fqp1z1l3km7uj2gq.us.auth0.com, Audience: https://idimsapi
2025-03-24 14:11:24 - root - INFO - Redis client initialized successfully
2025-03-24 14:11:24 - root - INFO - Auth0 configuration loaded - Domain: dev-fqp1z1l3km7uj2gq.us.auth0.com, Audience: https://idimsapi
2025-03-24 14:11:32 - root - INFO - Redis client initialized successfully
2025-03-24 14:11:32 - root - INFO - Auth0 configuration loaded - Domain: dev-fqp1z1l3km7uj2gq.us.auth0.com, Audience: https://idimsapi
2025-03-24 14:11:40 - app.core.middleware - INFO - Request c5504006-c973-4846-a149-e0e107cba156 started: GET http://localhost:8000/api/dashboard/stats
2025-03-24 14:11:40 - root - INFO - Request 73d7989b-1ebc-4dc5-9f46-adcfcf85875b started: GET /api/dashboard/stats
2025-03-24 14:11:40 - root - INFO - Request 73d7989b-1ebc-4dc5-9f46-adcfcf85875b origin: http://localhost:3000
2025-03-24 14:11:40 - root - INFO - Request 73d7989b-1ebc-4dc5-9f46-adcfcf85875b referer: http://localhost:3000/
2025-03-24 14:11:40 - root - INFO - Request 73d7989b-1ebc-4dc5-9f46-adcfcf85875b auth header present: True
2025-03-24 14:11:40 - root - INFO - Request 73d7989b-1ebc-4dc5-9f46-adcfcf85875b auth header: Bearer eyJhbGci...
2025-03-24 14:11:40 - app.routers.dashboard - INFO - Getting dashboard stats (unauthenticated)
2025-03-24 14:11:40 - sqlalchemy.engine.Engine - INFO - BEGIN (implicit)
2025-03-24 14:11:40 - sqlalchemy.engine.Engine - INFO - SELECT count(work_orders.id) AS count_1 
FROM work_orders
2025-03-24 14:11:40 - sqlalchemy.engine.Engine - INFO - [generated in 0.00078s] {}
2025-03-24 14:11:40 - sqlalchemy.engine.Engine - INFO - SELECT count(work_orders.id) AS count_1 
FROM work_orders 
WHERE work_orders.status IN (%(status_1_1)s, %(status_1_2)s)
2025-03-24 14:11:40 - sqlalchemy.engine.Engine - INFO - [generated in 0.00121s] {'status_1_1': 'pending', 'status_1_2': 'scheduled'}
2025-03-24 14:11:40 - sqlalchemy.engine.Engine - INFO - SELECT count(work_orders.id) AS count_1 
FROM work_orders 
WHERE work_orders.status = %(status_1)s
2025-03-24 14:11:40 - sqlalchemy.engine.Engine - INFO - [generated in 0.00076s] {'status_1': 'completed'}
2025-03-24 14:11:40 - sqlalchemy.engine.Engine - INFO - SELECT count(work_orders.id) AS count_1 
FROM work_orders 
WHERE work_orders.created_at >= %(created_at_1)s AND work_orders.created_at <= %(created_at_2)s
2025-03-24 14:11:40 - sqlalchemy.engine.Engine - INFO - [generated in 0.00097s] {'created_at_1': datetime.date(2025, 3, 1), 'created_at_2': datetime.date(2025, 3, 31)}
2025-03-24 14:11:40 - sqlalchemy.engine.Engine - INFO - SELECT count(work_orders.id) AS count_1 
FROM work_orders 
WHERE work_orders.created_at >= %(created_at_1)s AND work_orders.created_at < %(created_at_2)s
2025-03-24 14:11:40 - sqlalchemy.engine.Engine - INFO - [generated in 0.00123s] {'created_at_1': datetime.date(2025, 2, 1), 'created_at_2': datetime.date(2025, 3, 1)}
2025-03-24 14:11:40 - sqlalchemy.engine.Engine - INFO - SELECT sum(payments.amount) AS sum_1 
FROM payments 
WHERE payments.status = %(status_1)s AND payments.payment_date >= %(payment_date_1)s AND payments.payment_date <= %(payment_date_2)s
2025-03-24 14:11:40 - sqlalchemy.engine.Engine - INFO - [generated in 0.00096s] {'status_1': 'success', 'payment_date_1': datetime.date(2025, 3, 1), 'payment_date_2': datetime.date(2025, 3, 31)}
2025-03-24 14:11:40 - sqlalchemy.engine.Engine - INFO - SELECT sum(payments.amount) AS sum_1 
FROM payments 
WHERE payments.status = %(status_1)s AND payments.payment_date >= %(payment_date_1)s AND payments.payment_date < %(payment_date_2)s
2025-03-24 14:11:40 - sqlalchemy.engine.Engine - INFO - [generated in 0.00096s] {'status_1': 'success', 'payment_date_1': datetime.date(2025, 2, 1), 'payment_date_2': datetime.date(2025, 3, 1)}
2025-03-24 14:11:40 - sqlalchemy.engine.Engine - INFO - SELECT SUM(total) FROM invoices WHERE status IN ('sent', 'overdue')
2025-03-24 14:11:40 - sqlalchemy.engine.Engine - INFO - [generated in 0.00062s] {}
2025-03-24 14:11:40 - sqlalchemy.engine.Engine - INFO - SELECT count(invoices.id) AS count_1 
FROM invoices 
WHERE invoices.status = %(status_1)s
2025-03-24 14:11:40 - sqlalchemy.engine.Engine - INFO - [generated in 0.00077s] {'status_1': 'overdue'}
2025-03-24 14:11:40 - sqlalchemy.engine.Engine - INFO - SELECT count(clients.id) AS count_1 
FROM clients
2025-03-24 14:11:40 - sqlalchemy.engine.Engine - INFO - [generated in 0.00077s] {}
2025-03-24 14:11:40 - sqlalchemy.engine.Engine - INFO - SELECT count(clients.id) AS count_1 
FROM clients 
WHERE clients.status = %(status_1)s
2025-03-24 14:11:40 - sqlalchemy.engine.Engine - INFO - [generated in 0.00098s] {'status_1': 'active'}
2025-03-24 14:11:40 - sqlalchemy.engine.Engine - INFO - SELECT count(technicians.id) AS count_1 
FROM technicians
2025-03-24 14:11:40 - sqlalchemy.engine.Engine - INFO - [generated in 0.00074s] {}
2025-03-24 14:11:40 - sqlalchemy.engine.Engine - INFO - SELECT count(technicians.id) AS count_1 
FROM technicians 
WHERE technicians.status = %(status_1)s
2025-03-24 14:11:40 - sqlalchemy.engine.Engine - INFO - [generated in 0.00097s] {'status_1': 'active'}
2025-03-24 14:11:40 - root - INFO - Request 73d7989b-1ebc-4dc5-9f46-adcfcf85875b completed: GET /api/dashboard/stats - Status: 200
2025-03-24 14:11:40 - sqlalchemy.engine.Engine - INFO - ROLLBACK
2025-03-24 14:11:40 - app.core.middleware - INFO - Request c5504006-c973-4846-a149-e0e107cba156 completed: GET http://localhost:8000/api/dashboard/stats - Status: 200 - Time: 0.0880s
2025-03-24 14:11:48 - app.core.middleware - INFO - Request 56d7c75a-f0e2-44b4-9d2f-45432d556253 started: GET http://localhost:8000/api/work-orders?page=1&limit=10
2025-03-24 14:11:48 - root - INFO - Request 50f6a0f9-67a4-4db1-bb33-270c11c081d0 started: GET /api/work-orders
2025-03-24 14:11:48 - root - INFO - Request 50f6a0f9-67a4-4db1-bb33-270c11c081d0 origin: http://localhost:3000
2025-03-24 14:11:48 - root - INFO - Request 50f6a0f9-67a4-4db1-bb33-270c11c081d0 referer: http://localhost:3000/
2025-03-24 14:11:48 - root - INFO - Request 50f6a0f9-67a4-4db1-bb33-270c11c081d0 auth header present: False
2025-03-24 14:11:48 - root - INFO - Request 50f6a0f9-67a4-4db1-bb33-270c11c081d0 completed: GET /api/work-orders - Status: 422
2025-03-24 14:11:48 - app.core.middleware - INFO - Request 56d7c75a-f0e2-44b4-9d2f-45432d556253 completed: GET http://localhost:8000/api/work-orders?page=1&limit=10 - Status: 422 - Time: 0.0105s
2025-03-24 14:11:49 - app.core.middleware - INFO - Request 46a13fa2-7f0c-4cd5-98d4-0a6ddbb7e944 started: GET http://localhost:8000/api/work-orders?page=1&limit=10
2025-03-24 14:11:49 - root - INFO - Request 65e68fbe-fc6b-4b2c-9fde-e8cf02dde0ec started: GET /api/work-orders
2025-03-24 14:11:49 - root - INFO - Request 65e68fbe-fc6b-4b2c-9fde-e8cf02dde0ec origin: http://localhost:3000
2025-03-24 14:11:49 - root - INFO - Request 65e68fbe-fc6b-4b2c-9fde-e8cf02dde0ec referer: http://localhost:3000/
2025-03-24 14:11:49 - root - INFO - Request 65e68fbe-fc6b-4b2c-9fde-e8cf02dde0ec auth header present: False
2025-03-24 14:11:49 - root - INFO - Request 65e68fbe-fc6b-4b2c-9fde-e8cf02dde0ec completed: GET /api/work-orders - Status: 422
2025-03-24 14:11:49 - app.core.middleware - INFO - Request 46a13fa2-7f0c-4cd5-98d4-0a6ddbb7e944 completed: GET http://localhost:8000/api/work-orders?page=1&limit=10 - Status: 422 - Time: 0.0065s
2025-03-24 14:12:12 - app.core.middleware - INFO - Request 52d02293-92d9-4aae-951c-676e7e593b36 started: GET http://localhost:8000/api/work-orders?page=1&limit=10
2025-03-24 14:12:12 - root - INFO - Request eb19191c-a5ac-4e34-950d-ed86f3c5bbcf started: GET /api/work-orders
2025-03-24 14:12:12 - root - INFO - Request eb19191c-a5ac-4e34-950d-ed86f3c5bbcf origin: http://localhost:3000
2025-03-24 14:12:12 - root - INFO - Request eb19191c-a5ac-4e34-950d-ed86f3c5bbcf referer: http://localhost:3000/
2025-03-24 14:12:12 - root - INFO - Request eb19191c-a5ac-4e34-950d-ed86f3c5bbcf auth header present: False
2025-03-24 14:12:12 - root - INFO - Request eb19191c-a5ac-4e34-950d-ed86f3c5bbcf completed: GET /api/work-orders - Status: 422
2025-03-24 14:12:12 - app.core.middleware - INFO - Request 52d02293-92d9-4aae-951c-676e7e593b36 completed: GET http://localhost:8000/api/work-orders?page=1&limit=10 - Status: 422 - Time: 0.0055s
2025-03-24 14:12:13 - app.core.middleware - INFO - Request 4a489ab2-3529-40cf-afa3-8c9407d32e8b started: GET http://localhost:8000/api/work-orders?page=1&limit=10
2025-03-24 14:12:13 - root - INFO - Request 848d72fa-2ab1-41e2-afcf-f57bf955a884 started: GET /api/work-orders
2025-03-24 14:12:13 - root - INFO - Request 848d72fa-2ab1-41e2-afcf-f57bf955a884 origin: http://localhost:3000
2025-03-24 14:12:13 - root - INFO - Request 848d72fa-2ab1-41e2-afcf-f57bf955a884 referer: http://localhost:3000/
2025-03-24 14:12:13 - root - INFO - Request 848d72fa-2ab1-41e2-afcf-f57bf955a884 auth header present: False
2025-03-24 14:12:13 - root - INFO - Request 848d72fa-2ab1-41e2-afcf-f57bf955a884 completed: GET /api/work-orders - Status: 422
2025-03-24 14:12:13 - app.core.middleware - INFO - Request 4a489ab2-3529-40cf-afa3-8c9407d32e8b completed: GET http://localhost:8000/api/work-orders?page=1&limit=10 - Status: 422 - Time: 0.0070s
2025-03-24 14:14:34 - root - INFO - Redis client initialized successfully
2025-03-24 14:14:34 - root - INFO - Auth0 configuration loaded - Domain: dev-fqp1z1l3km7uj2gq.us.auth0.com, Audience: https://idimsapi
2025-03-24 14:15:03 - root - INFO - Redis client initialized successfully
2025-03-24 14:15:03 - root - INFO - Auth0 configuration loaded - Domain: dev-fqp1z1l3km7uj2gq.us.auth0.com, Audience: https://idimsapi
2025-03-24 14:15:18 - root - INFO - Redis client initialized successfully
2025-03-24 14:15:18 - root - INFO - Auth0 configuration loaded - Domain: dev-fqp1z1l3km7uj2gq.us.auth0.com, Audience: https://idimsapi
2025-03-24 14:15:34 - app.core.middleware - INFO - Request de1e7407-c061-4747-81f4-01f182cd7f8b started: GET http://localhost:8000/api/work-orders?page=1&limit=10
2025-03-24 14:15:34 - root - INFO - Request 0e918fac-e27e-4eda-b9ec-30a188a6bb7d started: GET /api/work-orders
2025-03-24 14:15:34 - root - INFO - Request 0e918fac-e27e-4eda-b9ec-30a188a6bb7d origin: http://localhost:3000
2025-03-24 14:15:34 - root - INFO - Request 0e918fac-e27e-4eda-b9ec-30a188a6bb7d referer: http://localhost:3000/
2025-03-24 14:15:34 - root - INFO - Request 0e918fac-e27e-4eda-b9ec-30a188a6bb7d auth header present: False
2025-03-24 14:15:34 - root - INFO - Request 0e918fac-e27e-4eda-b9ec-30a188a6bb7d completed: GET /api/work-orders - Status: 422
2025-03-24 14:15:34 - app.core.middleware - INFO - Request de1e7407-c061-4747-81f4-01f182cd7f8b completed: GET http://localhost:8000/api/work-orders?page=1&limit=10 - Status: 422 - Time: 0.0060s
2025-03-24 14:15:35 - app.core.middleware - INFO - Request 034d2dc4-4a03-40e4-bc85-43a7c673dbfb started: GET http://localhost:8000/api/work-orders?page=1&limit=10
2025-03-24 14:15:35 - root - INFO - Request e4b269db-7d05-4c6f-a5ec-e83075e214ce started: GET /api/work-orders
2025-03-24 14:15:35 - root - INFO - Request e4b269db-7d05-4c6f-a5ec-e83075e214ce origin: http://localhost:3000
2025-03-24 14:15:35 - root - INFO - Request e4b269db-7d05-4c6f-a5ec-e83075e214ce referer: http://localhost:3000/
2025-03-24 14:15:35 - root - INFO - Request e4b269db-7d05-4c6f-a5ec-e83075e214ce auth header present: False
2025-03-24 14:15:35 - root - INFO - Request e4b269db-7d05-4c6f-a5ec-e83075e214ce completed: GET /api/work-orders - Status: 422
2025-03-24 14:15:35 - app.core.middleware - INFO - Request 034d2dc4-4a03-40e4-bc85-43a7c673dbfb completed: GET http://localhost:8000/api/work-orders?page=1&limit=10 - Status: 422 - Time: 0.0055s
2025-03-24 14:16:28 - app.core.middleware - INFO - Request 93f7b61c-7621-453d-bed3-0fd0b4fe205e started: GET http://localhost:8000/api/work-orders?page=1&limit=10
2025-03-24 14:16:28 - root - INFO - Request 362bc0ff-63f0-45ef-94dd-7bc55f538c0a started: GET /api/work-orders
2025-03-24 14:16:28 - root - INFO - Request 362bc0ff-63f0-45ef-94dd-7bc55f538c0a origin: http://localhost:3000
2025-03-24 14:16:28 - root - INFO - Request 362bc0ff-63f0-45ef-94dd-7bc55f538c0a referer: http://localhost:3000/
2025-03-24 14:16:28 - root - INFO - Request 362bc0ff-63f0-45ef-94dd-7bc55f538c0a auth header present: False
2025-03-24 14:16:28 - root - INFO - Request 362bc0ff-63f0-45ef-94dd-7bc55f538c0a completed: GET /api/work-orders - Status: 422
2025-03-24 14:16:28 - app.core.middleware - INFO - Request 93f7b61c-7621-453d-bed3-0fd0b4fe205e completed: GET http://localhost:8000/api/work-orders?page=1&limit=10 - Status: 422 - Time: 0.0060s
2025-03-24 14:16:29 - app.core.middleware - INFO - Request 839130e4-481f-4cee-af78-9206f122af4f started: GET http://localhost:8000/api/work-orders?page=1&limit=10
2025-03-24 14:16:29 - root - INFO - Request 951dac99-bb63-4cbd-afeb-ec4a61ef6550 started: GET /api/work-orders
2025-03-24 14:16:29 - root - INFO - Request 951dac99-bb63-4cbd-afeb-ec4a61ef6550 origin: http://localhost:3000
2025-03-24 14:16:29 - root - INFO - Request 951dac99-bb63-4cbd-afeb-ec4a61ef6550 referer: http://localhost:3000/
2025-03-24 14:16:29 - root - INFO - Request 951dac99-bb63-4cbd-afeb-ec4a61ef6550 auth header present: False
2025-03-24 14:16:29 - root - INFO - Request 951dac99-bb63-4cbd-afeb-ec4a61ef6550 completed: GET /api/work-orders - Status: 422
2025-03-24 14:16:29 - app.core.middleware - INFO - Request 839130e4-481f-4cee-af78-9206f122af4f completed: GET http://localhost:8000/api/work-orders?page=1&limit=10 - Status: 422 - Time: 0.0060s
2025-03-24 14:16:53 - app.core.middleware - INFO - Request 8bc6a4a4-1ae3-40b1-92ca-f610a6849571 started: GET http://localhost:8000/api/work-orders?page=1&limit=10&status=pending
2025-03-24 14:16:53 - root - INFO - Request a83f6fa8-6924-49b4-a3fc-e5c17a9b5f5f started: GET /api/work-orders
2025-03-24 14:16:53 - root - INFO - Request a83f6fa8-6924-49b4-a3fc-e5c17a9b5f5f origin: http://localhost:3000
2025-03-24 14:16:53 - root - INFO - Request a83f6fa8-6924-49b4-a3fc-e5c17a9b5f5f referer: http://localhost:3000/
2025-03-24 14:16:53 - root - INFO - Request a83f6fa8-6924-49b4-a3fc-e5c17a9b5f5f auth header present: False
2025-03-24 14:16:53 - root - INFO - Request a83f6fa8-6924-49b4-a3fc-e5c17a9b5f5f completed: GET /api/work-orders - Status: 422
2025-03-24 14:16:53 - app.core.middleware - INFO - Request 8bc6a4a4-1ae3-40b1-92ca-f610a6849571 completed: GET http://localhost:8000/api/work-orders?page=1&limit=10&status=pending - Status: 422 - Time: 0.0050s
2025-03-24 14:16:54 - app.core.middleware - INFO - Request 5a046e22-dd57-428e-aae8-fdd57e6a126e started: GET http://localhost:8000/api/work-orders?page=1&limit=10&status=pending
2025-03-24 14:16:54 - root - INFO - Request 15f68645-979f-43b3-832e-03677c2e0261 started: GET /api/work-orders
2025-03-24 14:16:54 - root - INFO - Request 15f68645-979f-43b3-832e-03677c2e0261 origin: http://localhost:3000
2025-03-24 14:16:54 - root - INFO - Request 15f68645-979f-43b3-832e-03677c2e0261 referer: http://localhost:3000/
2025-03-24 14:16:54 - root - INFO - Request 15f68645-979f-43b3-832e-03677c2e0261 auth header present: False
2025-03-24 14:16:54 - root - INFO - Request 15f68645-979f-43b3-832e-03677c2e0261 completed: GET /api/work-orders - Status: 422
2025-03-24 14:16:54 - app.core.middleware - INFO - Request 5a046e22-dd57-428e-aae8-fdd57e6a126e completed: GET http://localhost:8000/api/work-orders?page=1&limit=10&status=pending - Status: 422 - Time: 0.0060s
2025-03-24 14:17:22 - root - INFO - Redis client initialized successfully
2025-03-24 14:17:22 - root - INFO - Auth0 configuration loaded - Domain: dev-fqp1z1l3km7uj2gq.us.auth0.com, Audience: https://idimsapi
2025-03-24 14:18:31 - root - INFO - Redis client initialized successfully
2025-03-24 14:18:31 - root - INFO - Auth0 configuration loaded - Domain: dev-fqp1z1l3km7uj2gq.us.auth0.com, Audience: https://idimsapi
2025-03-24 14:18:42 - app.core.middleware - INFO - Request 0bbe9d8d-e399-4054-8eef-4ae6992ccbe0 started: GET http://localhost:8000/api/work-orders?page=1&limit=10&status=pending
2025-03-24 14:18:42 - root - INFO - Request e9124be5-b0dc-4be7-bd01-38cc41d64f33 started: GET /api/work-orders
2025-03-24 14:18:42 - root - INFO - Request e9124be5-b0dc-4be7-bd01-38cc41d64f33 origin: http://localhost:3000
2025-03-24 14:18:42 - root - INFO - Request e9124be5-b0dc-4be7-bd01-38cc41d64f33 referer: http://localhost:3000/
2025-03-24 14:18:42 - root - INFO - Request e9124be5-b0dc-4be7-bd01-38cc41d64f33 auth header present: False
2025-03-24 14:18:42 - root - INFO - Request e9124be5-b0dc-4be7-bd01-38cc41d64f33 completed: GET /api/work-orders - Status: 422
2025-03-24 14:18:42 - app.core.middleware - INFO - Request 0bbe9d8d-e399-4054-8eef-4ae6992ccbe0 completed: GET http://localhost:8000/api/work-orders?page=1&limit=10&status=pending - Status: 422 - Time: 0.0065s
2025-03-24 14:18:43 - app.core.middleware - INFO - Request 98236280-0001-42b0-88fb-bbb0d8c00272 started: GET http://localhost:8000/api/work-orders?page=1&limit=10&status=pending
2025-03-24 14:18:43 - root - INFO - Request c915414e-f384-4664-ae82-e7a75fa846e4 started: GET /api/work-orders
2025-03-24 14:18:43 - root - INFO - Request c915414e-f384-4664-ae82-e7a75fa846e4 origin: http://localhost:3000
2025-03-24 14:18:43 - root - INFO - Request c915414e-f384-4664-ae82-e7a75fa846e4 referer: http://localhost:3000/
2025-03-24 14:18:43 - root - INFO - Request c915414e-f384-4664-ae82-e7a75fa846e4 auth header present: False
2025-03-24 14:18:43 - root - INFO - Request c915414e-f384-4664-ae82-e7a75fa846e4 completed: GET /api/work-orders - Status: 422
2025-03-24 14:18:43 - app.core.middleware - INFO - Request 98236280-0001-42b0-88fb-bbb0d8c00272 completed: GET http://localhost:8000/api/work-orders?page=1&limit=10&status=pending - Status: 422 - Time: 0.0055s
2025-03-24 14:19:06 - app.core.middleware - INFO - Request 6ddbc931-72d1-4862-b3dd-68985a469038 started: GET http://localhost:8000/api/work-orders?page=1&limit=10
2025-03-24 14:19:06 - root - INFO - Request 8f495ff9-0a69-4942-bb81-6bd59de7dceb started: GET /api/work-orders
2025-03-24 14:19:06 - root - INFO - Request 8f495ff9-0a69-4942-bb81-6bd59de7dceb origin: http://localhost:3000
2025-03-24 14:19:06 - root - INFO - Request 8f495ff9-0a69-4942-bb81-6bd59de7dceb referer: http://localhost:3000/
2025-03-24 14:19:06 - root - INFO - Request 8f495ff9-0a69-4942-bb81-6bd59de7dceb auth header present: False
2025-03-24 14:19:06 - root - INFO - Request 8f495ff9-0a69-4942-bb81-6bd59de7dceb completed: GET /api/work-orders - Status: 422
2025-03-24 14:19:06 - app.core.middleware - INFO - Request 6ddbc931-72d1-4862-b3dd-68985a469038 completed: GET http://localhost:8000/api/work-orders?page=1&limit=10 - Status: 422 - Time: 0.0060s
2025-03-24 14:19:07 - app.core.middleware - INFO - Request 68cd37ca-40e2-4c1d-9c61-5eff8a1471a7 started: GET http://localhost:8000/api/work-orders?page=1&limit=10
2025-03-24 14:19:07 - root - INFO - Request dc656278-78b3-49b7-89d3-c3f528fd610d started: GET /api/work-orders
2025-03-24 14:19:07 - root - INFO - Request dc656278-78b3-49b7-89d3-c3f528fd610d origin: http://localhost:3000
2025-03-24 14:19:07 - root - INFO - Request dc656278-78b3-49b7-89d3-c3f528fd610d referer: http://localhost:3000/
2025-03-24 14:19:07 - root - INFO - Request dc656278-78b3-49b7-89d3-c3f528fd610d auth header present: False
2025-03-24 14:19:07 - root - INFO - Request dc656278-78b3-49b7-89d3-c3f528fd610d completed: GET /api/work-orders - Status: 422
2025-03-24 14:19:07 - app.core.middleware - INFO - Request 68cd37ca-40e2-4c1d-9c61-5eff8a1471a7 completed: GET http://localhost:8000/api/work-orders?page=1&limit=10 - Status: 422 - Time: 0.0065s
2025-03-24 14:19:08 - app.core.middleware - INFO - Request f4993373-6242-4eaa-8fc5-0b261d1ebba0 started: GET http://localhost:8000/api/dashboard/stats
2025-03-24 14:19:08 - root - INFO - Request e3569c86-2901-4eb8-8c8d-25a7a77b735c started: GET /api/dashboard/stats
2025-03-24 14:19:08 - root - INFO - Request e3569c86-2901-4eb8-8c8d-25a7a77b735c origin: http://localhost:3000
2025-03-24 14:19:08 - root - INFO - Request e3569c86-2901-4eb8-8c8d-25a7a77b735c referer: http://localhost:3000/
2025-03-24 14:19:08 - root - INFO - Request e3569c86-2901-4eb8-8c8d-25a7a77b735c auth header present: True
2025-03-24 14:19:08 - root - INFO - Request e3569c86-2901-4eb8-8c8d-25a7a77b735c auth header: Bearer eyJhbGci...
2025-03-24 14:19:08 - app.routers.dashboard - INFO - Getting dashboard stats (unauthenticated)
2025-03-24 14:19:08 - sqlalchemy.engine.Engine - INFO - BEGIN (implicit)
2025-03-24 14:19:08 - sqlalchemy.engine.Engine - INFO - SELECT count(work_orders.id) AS count_1 
FROM work_orders
2025-03-24 14:19:08 - sqlalchemy.engine.Engine - INFO - [generated in 0.00112s] {}
2025-03-24 14:19:08 - sqlalchemy.engine.Engine - INFO - SELECT count(work_orders.id) AS count_1 
FROM work_orders 
WHERE work_orders.status IN (%(status_1_1)s, %(status_1_2)s)
2025-03-24 14:19:08 - sqlalchemy.engine.Engine - INFO - [generated in 0.00097s] {'status_1_1': 'pending', 'status_1_2': 'scheduled'}
2025-03-24 14:19:08 - sqlalchemy.engine.Engine - INFO - SELECT count(work_orders.id) AS count_1 
FROM work_orders 
WHERE work_orders.status = %(status_1)s
2025-03-24 14:19:08 - sqlalchemy.engine.Engine - INFO - [generated in 0.00099s] {'status_1': 'completed'}
2025-03-24 14:19:08 - sqlalchemy.engine.Engine - INFO - SELECT count(work_orders.id) AS count_1 
FROM work_orders 
WHERE work_orders.created_at >= %(created_at_1)s AND work_orders.created_at <= %(created_at_2)s
2025-03-24 14:19:08 - sqlalchemy.engine.Engine - INFO - [generated in 0.00094s] {'created_at_1': datetime.date(2025, 3, 1), 'created_at_2': datetime.date(2025, 3, 31)}
2025-03-24 14:19:08 - sqlalchemy.engine.Engine - INFO - SELECT count(work_orders.id) AS count_1 
FROM work_orders 
WHERE work_orders.created_at >= %(created_at_1)s AND work_orders.created_at < %(created_at_2)s
2025-03-24 14:19:08 - sqlalchemy.engine.Engine - INFO - [generated in 0.00077s] {'created_at_1': datetime.date(2025, 2, 1), 'created_at_2': datetime.date(2025, 3, 1)}
2025-03-24 14:19:08 - sqlalchemy.engine.Engine - INFO - SELECT sum(payments.amount) AS sum_1 
FROM payments 
WHERE payments.status = %(status_1)s AND payments.payment_date >= %(payment_date_1)s AND payments.payment_date <= %(payment_date_2)s
2025-03-24 14:19:08 - sqlalchemy.engine.Engine - INFO - [generated in 0.00094s] {'status_1': 'success', 'payment_date_1': datetime.date(2025, 3, 1), 'payment_date_2': datetime.date(2025, 3, 31)}
2025-03-24 14:19:08 - sqlalchemy.engine.Engine - INFO - SELECT sum(payments.amount) AS sum_1 
FROM payments 
WHERE payments.status = %(status_1)s AND payments.payment_date >= %(payment_date_1)s AND payments.payment_date < %(payment_date_2)s
2025-03-24 14:19:08 - sqlalchemy.engine.Engine - INFO - [generated in 0.00090s] {'status_1': 'success', 'payment_date_1': datetime.date(2025, 2, 1), 'payment_date_2': datetime.date(2025, 3, 1)}
2025-03-24 14:19:08 - sqlalchemy.engine.Engine - INFO - SELECT SUM(total) FROM invoices WHERE status IN ('sent', 'overdue')
2025-03-24 14:19:08 - sqlalchemy.engine.Engine - INFO - [generated in 0.00065s] {}
2025-03-24 14:19:08 - sqlalchemy.engine.Engine - INFO - SELECT count(invoices.id) AS count_1 
FROM invoices 
WHERE invoices.status = %(status_1)s
2025-03-24 14:19:08 - sqlalchemy.engine.Engine - INFO - [generated in 0.00077s] {'status_1': 'overdue'}
2025-03-24 14:19:08 - sqlalchemy.engine.Engine - INFO - SELECT count(clients.id) AS count_1 
FROM clients
2025-03-24 14:19:08 - sqlalchemy.engine.Engine - INFO - [generated in 0.00087s] {}
2025-03-24 14:19:09 - sqlalchemy.engine.Engine - INFO - SELECT count(clients.id) AS count_1 
FROM clients 
WHERE clients.status = %(status_1)s
2025-03-24 14:19:09 - sqlalchemy.engine.Engine - INFO - [generated in 0.00089s] {'status_1': 'active'}
2025-03-24 14:19:09 - sqlalchemy.engine.Engine - INFO - SELECT count(technicians.id) AS count_1 
FROM technicians
2025-03-24 14:19:09 - sqlalchemy.engine.Engine - INFO - [generated in 0.00066s] {}
2025-03-24 14:19:09 - sqlalchemy.engine.Engine - INFO - SELECT count(technicians.id) AS count_1 
FROM technicians 
WHERE technicians.status = %(status_1)s
2025-03-24 14:19:09 - sqlalchemy.engine.Engine - INFO - [generated in 0.00074s] {'status_1': 'active'}
2025-03-24 14:19:09 - root - INFO - Request e3569c86-2901-4eb8-8c8d-25a7a77b735c completed: GET /api/dashboard/stats - Status: 200
2025-03-24 14:19:09 - app.core.middleware - INFO - Request f4993373-6242-4eaa-8fc5-0b261d1ebba0 completed: GET http://localhost:8000/api/dashboard/stats - Status: 200 - Time: 0.0915s
2025-03-24 14:19:09 - sqlalchemy.engine.Engine - INFO - ROLLBACK
2025-03-24 14:19:09 - app.core.middleware - INFO - Request e86dd4cb-552f-47bd-8198-1ad8cb73ab8f started: GET http://localhost:8000/api/dashboard/stats
2025-03-24 14:19:09 - root - INFO - Request ac17a969-3f3e-485e-91c2-14c9e638ab61 started: GET /api/dashboard/stats
2025-03-24 14:19:09 - root - INFO - Request ac17a969-3f3e-485e-91c2-14c9e638ab61 origin: http://localhost:3000
2025-03-24 14:19:09 - root - INFO - Request ac17a969-3f3e-485e-91c2-14c9e638ab61 referer: http://localhost:3000/
2025-03-24 14:19:09 - root - INFO - Request ac17a969-3f3e-485e-91c2-14c9e638ab61 auth header present: True
2025-03-24 14:19:09 - root - INFO - Request ac17a969-3f3e-485e-91c2-14c9e638ab61 auth header: Bearer eyJhbGci...
2025-03-24 14:19:09 - app.routers.dashboard - INFO - Getting dashboard stats (unauthenticated)
2025-03-24 14:19:09 - sqlalchemy.engine.Engine - INFO - BEGIN (implicit)
2025-03-24 14:19:09 - sqlalchemy.engine.Engine - INFO - SELECT count(work_orders.id) AS count_1 
FROM work_orders
2025-03-24 14:19:09 - sqlalchemy.engine.Engine - INFO - [cached since 0.04419s ago] {}
2025-03-24 14:19:09 - sqlalchemy.engine.Engine - INFO - SELECT count(work_orders.id) AS count_1 
FROM work_orders 
WHERE work_orders.status IN (%(status_1_1)s, %(status_1_2)s)
2025-03-24 14:19:09 - sqlalchemy.engine.Engine - INFO - [cached since 0.04137s ago] {'status_1_1': 'pending', 'status_1_2': 'scheduled'}
2025-03-24 14:19:09 - sqlalchemy.engine.Engine - INFO - SELECT count(work_orders.id) AS count_1 
FROM work_orders 
WHERE work_orders.status = %(status_1)s
2025-03-24 14:19:09 - sqlalchemy.engine.Engine - INFO - [cached since 0.04073s ago] {'status_1': 'completed'}
2025-03-24 14:19:09 - sqlalchemy.engine.Engine - INFO - SELECT count(work_orders.id) AS count_1 
FROM work_orders 
WHERE work_orders.created_at >= %(created_at_1)s AND work_orders.created_at <= %(created_at_2)s
2025-03-24 14:19:09 - sqlalchemy.engine.Engine - INFO - [cached since 0.04032s ago] {'created_at_1': datetime.date(2025, 3, 1), 'created_at_2': datetime.date(2025, 3, 31)}
2025-03-24 14:19:09 - sqlalchemy.engine.Engine - INFO - SELECT count(work_orders.id) AS count_1 
FROM work_orders 
WHERE work_orders.created_at >= %(created_at_1)s AND work_orders.created_at < %(created_at_2)s
2025-03-24 14:19:09 - sqlalchemy.engine.Engine - INFO - [cached since 0.0399s ago] {'created_at_1': datetime.date(2025, 2, 1), 'created_at_2': datetime.date(2025, 3, 1)}
2025-03-24 14:19:09 - sqlalchemy.engine.Engine - INFO - SELECT sum(payments.amount) AS sum_1 
FROM payments 
WHERE payments.status = %(status_1)s AND payments.payment_date >= %(payment_date_1)s AND payments.payment_date <= %(payment_date_2)s
2025-03-24 14:19:09 - sqlalchemy.engine.Engine - INFO - [cached since 0.03931s ago] {'status_1': 'success', 'payment_date_1': datetime.date(2025, 3, 1), 'payment_date_2': datetime.date(2025, 3, 31)}
2025-03-24 14:19:09 - sqlalchemy.engine.Engine - INFO - SELECT sum(payments.amount) AS sum_1 
FROM payments 
WHERE payments.status = %(status_1)s AND payments.payment_date >= %(payment_date_1)s AND payments.payment_date < %(payment_date_2)s
2025-03-24 14:19:09 - sqlalchemy.engine.Engine - INFO - [cached since 0.03854s ago] {'status_1': 'success', 'payment_date_1': datetime.date(2025, 2, 1), 'payment_date_2': datetime.date(2025, 3, 1)}
2025-03-24 14:19:09 - sqlalchemy.engine.Engine - INFO - SELECT SUM(total) FROM invoices WHERE status IN ('sent', 'overdue')
2025-03-24 14:19:09 - sqlalchemy.engine.Engine - INFO - [cached since 0.03822s ago] {}
2025-03-24 14:19:09 - sqlalchemy.engine.Engine - INFO - SELECT count(invoices.id) AS count_1 
FROM invoices 
WHERE invoices.status = %(status_1)s
2025-03-24 14:19:09 - sqlalchemy.engine.Engine - INFO - [cached since 0.03692s ago] {'status_1': 'overdue'}
2025-03-24 14:19:09 - sqlalchemy.engine.Engine - INFO - SELECT count(clients.id) AS count_1 
FROM clients
2025-03-24 14:19:09 - sqlalchemy.engine.Engine - INFO - [cached since 0.03646s ago] {}
2025-03-24 14:19:09 - sqlalchemy.engine.Engine - INFO - SELECT count(clients.id) AS count_1 
FROM clients 
WHERE clients.status = %(status_1)s
2025-03-24 14:19:09 - sqlalchemy.engine.Engine - INFO - [cached since 0.03597s ago] {'status_1': 'active'}
2025-03-24 14:19:09 - sqlalchemy.engine.Engine - INFO - SELECT count(technicians.id) AS count_1 
FROM technicians
2025-03-24 14:19:09 - sqlalchemy.engine.Engine - INFO - [cached since 0.03545s ago] {}
2025-03-24 14:19:09 - sqlalchemy.engine.Engine - INFO - SELECT count(technicians.id) AS count_1 
FROM technicians 
WHERE technicians.status = %(status_1)s
2025-03-24 14:19:09 - sqlalchemy.engine.Engine - INFO - [cached since 0.03496s ago] {'status_1': 'active'}
2025-03-24 14:19:09 - root - INFO - Request ac17a969-3f3e-485e-91c2-14c9e638ab61 completed: GET /api/dashboard/stats - Status: 200
2025-03-24 14:19:09 - sqlalchemy.engine.Engine - INFO - ROLLBACK
2025-03-24 14:19:09 - app.core.middleware - INFO - Request e86dd4cb-552f-47bd-8198-1ad8cb73ab8f completed: GET http://localhost:8000/api/dashboard/stats - Status: 200 - Time: 0.0315s
2025-03-24 14:19:09 - app.core.middleware - INFO - Request 533ea504-2d7c-459f-95d6-e98ebec9b1f9 started: GET http://localhost:8000/api/work-orders?page=1&limit=10
2025-03-24 14:19:09 - root - INFO - Request c013093c-aee9-4284-99d1-6cec5b6c3455 started: GET /api/work-orders
2025-03-24 14:19:09 - root - INFO - Request c013093c-aee9-4284-99d1-6cec5b6c3455 origin: http://localhost:3000
2025-03-24 14:19:09 - root - INFO - Request c013093c-aee9-4284-99d1-6cec5b6c3455 referer: http://localhost:3000/
2025-03-24 14:19:09 - root - INFO - Request c013093c-aee9-4284-99d1-6cec5b6c3455 auth header present: False
2025-03-24 14:19:09 - root - INFO - Request c013093c-aee9-4284-99d1-6cec5b6c3455 completed: GET /api/work-orders - Status: 422
2025-03-24 14:19:09 - app.core.middleware - INFO - Request 533ea504-2d7c-459f-95d6-e98ebec9b1f9 completed: GET http://localhost:8000/api/work-orders?page=1&limit=10 - Status: 422 - Time: 0.0060s
2025-03-24 14:19:10 - app.core.middleware - INFO - Request e5da5c39-21c3-4f8e-a8b7-ac11acff1d63 started: GET http://localhost:8000/api/work-orders?page=1&limit=10
2025-03-24 14:19:10 - root - INFO - Request bcb4dfc9-cd8a-4471-b5ad-09c9bec81181 started: GET /api/work-orders
2025-03-24 14:19:10 - root - INFO - Request bcb4dfc9-cd8a-4471-b5ad-09c9bec81181 origin: http://localhost:3000
2025-03-24 14:19:10 - root - INFO - Request bcb4dfc9-cd8a-4471-b5ad-09c9bec81181 referer: http://localhost:3000/
2025-03-24 14:19:10 - root - INFO - Request bcb4dfc9-cd8a-4471-b5ad-09c9bec81181 auth header present: False
2025-03-24 14:19:11 - root - INFO - Request bcb4dfc9-cd8a-4471-b5ad-09c9bec81181 completed: GET /api/work-orders - Status: 422
2025-03-24 14:19:11 - app.core.middleware - INFO - Request e5da5c39-21c3-4f8e-a8b7-ac11acff1d63 completed: GET http://localhost:8000/api/work-orders?page=1&limit=10 - Status: 422 - Time: 0.0060s
2025-03-24 14:20:48 - app.core.middleware - INFO - Request 92a0e88b-be7a-4b5a-9bdd-0b0091acc79a started: GET http://localhost:8000/api/work-orders?page=1&limit=10
2025-03-24 14:20:48 - root - INFO - Request 35892e01-5476-457e-bde6-da4f695a5081 started: GET /api/work-orders
2025-03-24 14:20:48 - root - INFO - Request 35892e01-5476-457e-bde6-da4f695a5081 origin: http://localhost:3000
2025-03-24 14:20:48 - root - INFO - Request 35892e01-5476-457e-bde6-da4f695a5081 referer: http://localhost:3000/
2025-03-24 14:20:48 - root - INFO - Request 35892e01-5476-457e-bde6-da4f695a5081 auth header present: False
2025-03-24 14:20:48 - root - INFO - Request 35892e01-5476-457e-bde6-da4f695a5081 completed: GET /api/work-orders - Status: 422
2025-03-24 14:20:48 - app.core.middleware - INFO - Request 92a0e88b-be7a-4b5a-9bdd-0b0091acc79a completed: GET http://localhost:8000/api/work-orders?page=1&limit=10 - Status: 422 - Time: 0.0055s
2025-03-24 14:20:49 - app.core.middleware - INFO - Request 3f1efde4-7e21-41db-b755-6d622205a670 started: GET http://localhost:8000/api/work-orders?page=1&limit=10
2025-03-24 14:20:49 - root - INFO - Request 5660f9ed-35b3-4587-976d-b2a19021c173 started: GET /api/work-orders
2025-03-24 14:20:49 - root - INFO - Request 5660f9ed-35b3-4587-976d-b2a19021c173 origin: http://localhost:3000
2025-03-24 14:20:49 - root - INFO - Request 5660f9ed-35b3-4587-976d-b2a19021c173 referer: http://localhost:3000/
2025-03-24 14:20:49 - root - INFO - Request 5660f9ed-35b3-4587-976d-b2a19021c173 auth header present: False
2025-03-24 14:20:49 - root - INFO - Request 5660f9ed-35b3-4587-976d-b2a19021c173 completed: GET /api/work-orders - Status: 422
2025-03-24 14:20:49 - app.core.middleware - INFO - Request 3f1efde4-7e21-41db-b755-6d622205a670 completed: GET http://localhost:8000/api/work-orders?page=1&limit=10 - Status: 422 - Time: 0.0060s
2025-03-24 14:21:12 - app.core.middleware - INFO - Request bbfc8898-1eba-4174-804c-d53dc9b06f46 started: GET http://localhost:8000/api/work-orders?page=1&limit=10
2025-03-24 14:21:12 - root - INFO - Request 657b8628-5698-4cac-9f7b-0de3bec937cd started: GET /api/work-orders
2025-03-24 14:21:12 - root - INFO - Request 657b8628-5698-4cac-9f7b-0de3bec937cd origin: http://localhost:3000
2025-03-24 14:21:12 - root - INFO - Request 657b8628-5698-4cac-9f7b-0de3bec937cd referer: http://localhost:3000/
2025-03-24 14:21:12 - root - INFO - Request 657b8628-5698-4cac-9f7b-0de3bec937cd auth header present: False
2025-03-24 14:21:12 - root - INFO - Request 657b8628-5698-4cac-9f7b-0de3bec937cd completed: GET /api/work-orders - Status: 422
2025-03-24 14:21:12 - app.core.middleware - INFO - Request bbfc8898-1eba-4174-804c-d53dc9b06f46 completed: GET http://localhost:8000/api/work-orders?page=1&limit=10 - Status: 422 - Time: 0.0055s
2025-03-24 14:21:13 - app.core.middleware - INFO - Request dda94ac8-ba20-4f7c-92af-cc05bc82556d started: GET http://localhost:8000/api/work-orders?page=1&limit=10
2025-03-24 14:21:13 - root - INFO - Request e4943455-c863-410c-b076-320d41f45292 started: GET /api/work-orders
2025-03-24 14:21:13 - root - INFO - Request e4943455-c863-410c-b076-320d41f45292 origin: http://localhost:3000
2025-03-24 14:21:13 - root - INFO - Request e4943455-c863-410c-b076-320d41f45292 referer: http://localhost:3000/
2025-03-24 14:21:13 - root - INFO - Request e4943455-c863-410c-b076-320d41f45292 auth header present: False
2025-03-24 14:21:13 - root - INFO - Request e4943455-c863-410c-b076-320d41f45292 completed: GET /api/work-orders - Status: 422
2025-03-24 14:21:13 - app.core.middleware - INFO - Request dda94ac8-ba20-4f7c-92af-cc05bc82556d completed: GET http://localhost:8000/api/work-orders?page=1&limit=10 - Status: 422 - Time: 0.0050s
2025-03-24 14:21:28 - app.core.middleware - INFO - Request f3bf6ca4-7c41-41b5-9bc3-e73ca15ced76 started: GET http://localhost:8000/api/work-orders?page=1&limit=10
2025-03-24 14:21:28 - root - INFO - Request 00911a67-7c12-4cf7-9309-3698e57602df started: GET /api/work-orders
2025-03-24 14:21:28 - root - INFO - Request 00911a67-7c12-4cf7-9309-3698e57602df origin: http://localhost:3000
2025-03-24 14:21:28 - root - INFO - Request 00911a67-7c12-4cf7-9309-3698e57602df referer: http://localhost:3000/
2025-03-24 14:21:28 - root - INFO - Request 00911a67-7c12-4cf7-9309-3698e57602df auth header present: False
2025-03-24 14:21:28 - root - INFO - Request 00911a67-7c12-4cf7-9309-3698e57602df completed: GET /api/work-orders - Status: 422
2025-03-24 14:21:28 - app.core.middleware - INFO - Request f3bf6ca4-7c41-41b5-9bc3-e73ca15ced76 completed: GET http://localhost:8000/api/work-orders?page=1&limit=10 - Status: 422 - Time: 0.0065s
2025-03-24 14:21:29 - app.core.middleware - INFO - Request ccf1d922-34a3-4e29-997e-ba29c81d4f86 started: GET http://localhost:8000/api/work-orders?page=1&limit=10
2025-03-24 14:21:29 - root - INFO - Request 1d37b0aa-6d1f-410e-8adc-1fc6591cf4b9 started: GET /api/work-orders
2025-03-24 14:21:29 - root - INFO - Request 1d37b0aa-6d1f-410e-8adc-1fc6591cf4b9 origin: http://localhost:3000
2025-03-24 14:21:29 - root - INFO - Request 1d37b0aa-6d1f-410e-8adc-1fc6591cf4b9 referer: http://localhost:3000/
2025-03-24 14:21:29 - root - INFO - Request 1d37b0aa-6d1f-410e-8adc-1fc6591cf4b9 auth header present: False
2025-03-24 14:21:29 - root - INFO - Request 1d37b0aa-6d1f-410e-8adc-1fc6591cf4b9 completed: GET /api/work-orders - Status: 422
2025-03-24 14:21:29 - app.core.middleware - INFO - Request ccf1d922-34a3-4e29-997e-ba29c81d4f86 completed: GET http://localhost:8000/api/work-orders?page=1&limit=10 - Status: 422 - Time: 0.0050s
2025-03-24 14:21:38 - app.core.middleware - INFO - Request ebddbda8-3124-4c74-9ca5-8bb6d4ef7a19 started: GET http://localhost:8000/api/work-orders?page=1&limit=10
2025-03-24 14:21:38 - root - INFO - Request ada2113b-8ef3-4dd1-8f4b-692c0d90915d started: GET /api/work-orders
2025-03-24 14:21:38 - root - INFO - Request ada2113b-8ef3-4dd1-8f4b-692c0d90915d origin: http://localhost:3000
2025-03-24 14:21:38 - root - INFO - Request ada2113b-8ef3-4dd1-8f4b-692c0d90915d referer: http://localhost:3000/
2025-03-24 14:21:38 - root - INFO - Request ada2113b-8ef3-4dd1-8f4b-692c0d90915d auth header present: False
2025-03-24 14:21:38 - root - INFO - Request ada2113b-8ef3-4dd1-8f4b-692c0d90915d completed: GET /api/work-orders - Status: 422
2025-03-24 14:21:38 - app.core.middleware - INFO - Request ebddbda8-3124-4c74-9ca5-8bb6d4ef7a19 completed: GET http://localhost:8000/api/work-orders?page=1&limit=10 - Status: 422 - Time: 0.0055s
2025-03-24 14:21:39 - app.core.middleware - INFO - Request 091a2ae0-a1c7-4599-a0b7-66028043966e started: GET http://localhost:8000/api/work-orders?page=1&limit=10
2025-03-24 14:21:39 - root - INFO - Request 81bfd0cc-a23e-4fae-9be6-4707d7c33697 started: GET /api/work-orders
2025-03-24 14:21:39 - root - INFO - Request 81bfd0cc-a23e-4fae-9be6-4707d7c33697 origin: http://localhost:3000
2025-03-24 14:21:39 - root - INFO - Request 81bfd0cc-a23e-4fae-9be6-4707d7c33697 referer: http://localhost:3000/
2025-03-24 14:21:39 - root - INFO - Request 81bfd0cc-a23e-4fae-9be6-4707d7c33697 auth header present: False
2025-03-24 14:21:39 - root - INFO - Request 81bfd0cc-a23e-4fae-9be6-4707d7c33697 completed: GET /api/work-orders - Status: 422
2025-03-24 14:21:39 - app.core.middleware - INFO - Request 091a2ae0-a1c7-4599-a0b7-66028043966e completed: GET http://localhost:8000/api/work-orders?page=1&limit=10 - Status: 422 - Time: 0.0050s
2025-03-24 14:21:39 - app.core.middleware - INFO - Request fa957217-1218-4083-b9fe-a3fbcb98558a started: GET http://localhost:8000/api/work-orders?page=1&limit=10
2025-03-24 14:21:39 - root - INFO - Request 5263eb0b-4980-4070-a634-5b8202d7e1d4 started: GET /api/work-orders
2025-03-24 14:21:39 - root - INFO - Request 5263eb0b-4980-4070-a634-5b8202d7e1d4 origin: http://localhost:3000
2025-03-24 14:21:39 - root - INFO - Request 5263eb0b-4980-4070-a634-5b8202d7e1d4 referer: http://localhost:3000/
2025-03-24 14:21:39 - root - INFO - Request 5263eb0b-4980-4070-a634-5b8202d7e1d4 auth header present: False
2025-03-24 14:21:39 - root - INFO - Request 5263eb0b-4980-4070-a634-5b8202d7e1d4 completed: GET /api/work-orders - Status: 422
2025-03-24 14:21:39 - app.core.middleware - INFO - Request fa957217-1218-4083-b9fe-a3fbcb98558a completed: GET http://localhost:8000/api/work-orders?page=1&limit=10 - Status: 422 - Time: 0.0060s
2025-03-24 14:22:51 - root - INFO - Redis client initialized successfully
2025-03-24 14:22:51 - root - INFO - Auth0 configuration loaded - Domain: dev-fqp1z1l3km7uj2gq.us.auth0.com, Audience: https://idimsapi
2025-03-24 14:22:51 - app.core.middleware - INFO - Request f7e5296c-d1d8-4a56-b7d4-68133f4f4566 started: GET http://localhost:8000/api/dashboard/stats
2025-03-24 14:22:51 - app.core.middleware - INFO - Request 4bfa3e79-02ee-46a2-90a3-f7201c9742be started: GET http://localhost:8000/api/work-orders?page=1&limit=10
2025-03-24 14:22:51 - app.core.middleware - INFO - Request 6d047ad6-9944-46f4-9729-9f075d1415f3 started: GET http://localhost:8000/api/dashboard/stats
2025-03-24 14:22:51 - root - INFO - Request 0eec4bed-7d71-4b4f-8064-d46762385e67 started: GET /api/dashboard/stats
2025-03-24 14:22:51 - root - INFO - Request 0eec4bed-7d71-4b4f-8064-d46762385e67 origin: http://localhost:3000
2025-03-24 14:22:51 - root - INFO - Request 0eec4bed-7d71-4b4f-8064-d46762385e67 referer: http://localhost:3000/
2025-03-24 14:22:51 - root - INFO - Request 0eec4bed-7d71-4b4f-8064-d46762385e67 auth header present: True
2025-03-24 14:22:51 - root - INFO - Request 0eec4bed-7d71-4b4f-8064-d46762385e67 auth header: Bearer eyJhbGci...
2025-03-24 14:22:51 - root - INFO - Request f4a42954-682a-4c30-87d9-6fe6f0865f8c started: GET /api/work-orders
2025-03-24 14:22:51 - root - INFO - Request f4a42954-682a-4c30-87d9-6fe6f0865f8c origin: http://localhost:3000
2025-03-24 14:22:51 - root - INFO - Request f4a42954-682a-4c30-87d9-6fe6f0865f8c referer: http://localhost:3000/
2025-03-24 14:22:51 - root - INFO - Request f4a42954-682a-4c30-87d9-6fe6f0865f8c auth header present: False
2025-03-24 14:22:51 - root - INFO - Request 3ec354c7-36b5-44e2-8951-5384bd7e85f5 started: GET /api/dashboard/stats
2025-03-24 14:22:51 - root - INFO - Request 3ec354c7-36b5-44e2-8951-5384bd7e85f5 origin: http://localhost:3000
2025-03-24 14:22:51 - root - INFO - Request 3ec354c7-36b5-44e2-8951-5384bd7e85f5 referer: http://localhost:3000/
2025-03-24 14:22:51 - root - INFO - Request 3ec354c7-36b5-44e2-8951-5384bd7e85f5 auth header present: True
2025-03-24 14:22:51 - root - INFO - Request 3ec354c7-36b5-44e2-8951-5384bd7e85f5 auth header: Bearer eyJhbGci...
2025-03-24 14:22:51 - app.routers.dashboard - INFO - Getting dashboard stats (unauthenticated)
2025-03-24 14:22:51 - sqlalchemy.engine.Engine - INFO - BEGIN (implicit)
2025-03-24 14:22:51 - sqlalchemy.engine.Engine - INFO - SELECT count(work_orders.id) AS count_1 
FROM work_orders
2025-03-24 14:22:51 - sqlalchemy.engine.Engine - INFO - [generated in 0.00095s] {}
2025-03-24 14:22:51 - sqlalchemy.engine.Engine - INFO - SELECT count(work_orders.id) AS count_1 
FROM work_orders 
WHERE work_orders.status IN (%(status_1_1)s, %(status_1_2)s)
2025-03-24 14:22:51 - sqlalchemy.engine.Engine - INFO - [generated in 0.00097s] {'status_1_1': 'pending', 'status_1_2': 'scheduled'}
2025-03-24 14:22:51 - sqlalchemy.engine.Engine - INFO - SELECT count(work_orders.id) AS count_1 
FROM work_orders 
WHERE work_orders.status = %(status_1)s
2025-03-24 14:22:51 - sqlalchemy.engine.Engine - INFO - [generated in 0.00090s] {'status_1': 'completed'}
2025-03-24 14:22:51 - sqlalchemy.engine.Engine - INFO - SELECT count(work_orders.id) AS count_1 
FROM work_orders 
WHERE work_orders.created_at >= %(created_at_1)s AND work_orders.created_at <= %(created_at_2)s
2025-03-24 14:22:51 - sqlalchemy.engine.Engine - INFO - [generated in 0.00115s] {'created_at_1': datetime.date(2025, 3, 1), 'created_at_2': datetime.date(2025, 3, 31)}
2025-03-24 14:22:51 - sqlalchemy.engine.Engine - INFO - SELECT count(work_orders.id) AS count_1 
FROM work_orders 
WHERE work_orders.created_at >= %(created_at_1)s AND work_orders.created_at < %(created_at_2)s
2025-03-24 14:22:51 - sqlalchemy.engine.Engine - INFO - [generated in 0.00123s] {'created_at_1': datetime.date(2025, 2, 1), 'created_at_2': datetime.date(2025, 3, 1)}
2025-03-24 14:22:51 - sqlalchemy.engine.Engine - INFO - SELECT sum(payments.amount) AS sum_1 
FROM payments 
WHERE payments.status = %(status_1)s AND payments.payment_date >= %(payment_date_1)s AND payments.payment_date <= %(payment_date_2)s
2025-03-24 14:22:51 - sqlalchemy.engine.Engine - INFO - [generated in 0.00089s] {'status_1': 'success', 'payment_date_1': datetime.date(2025, 3, 1), 'payment_date_2': datetime.date(2025, 3, 31)}
2025-03-24 14:22:51 - sqlalchemy.engine.Engine - INFO - SELECT sum(payments.amount) AS sum_1 
FROM payments 
WHERE payments.status = %(status_1)s AND payments.payment_date >= %(payment_date_1)s AND payments.payment_date < %(payment_date_2)s
2025-03-24 14:22:51 - sqlalchemy.engine.Engine - INFO - [generated in 0.00111s] {'status_1': 'success', 'payment_date_1': datetime.date(2025, 2, 1), 'payment_date_2': datetime.date(2025, 3, 1)}
2025-03-24 14:22:51 - sqlalchemy.engine.Engine - INFO - SELECT SUM(total) FROM invoices WHERE status IN ('sent', 'overdue')
2025-03-24 14:22:51 - sqlalchemy.engine.Engine - INFO - [generated in 0.00060s] {}
2025-03-24 14:22:51 - sqlalchemy.engine.Engine - INFO - SELECT count(invoices.id) AS count_1 
FROM invoices 
WHERE invoices.status = %(status_1)s
2025-03-24 14:22:51 - sqlalchemy.engine.Engine - INFO - [generated in 0.00080s] {'status_1': 'overdue'}
2025-03-24 14:22:51 - sqlalchemy.engine.Engine - INFO - SELECT count(clients.id) AS count_1 
FROM clients
2025-03-24 14:22:51 - sqlalchemy.engine.Engine - INFO - [generated in 0.00091s] {}
2025-03-24 14:22:51 - sqlalchemy.engine.Engine - INFO - SELECT count(clients.id) AS count_1 
FROM clients 
WHERE clients.status = %(status_1)s
2025-03-24 14:22:51 - sqlalchemy.engine.Engine - INFO - [generated in 0.00083s] {'status_1': 'active'}
2025-03-24 14:22:51 - sqlalchemy.engine.Engine - INFO - SELECT count(technicians.id) AS count_1 
FROM technicians
2025-03-24 14:22:51 - sqlalchemy.engine.Engine - INFO - [generated in 0.00070s] {}
2025-03-24 14:22:51 - sqlalchemy.engine.Engine - INFO - SELECT count(technicians.id) AS count_1 
FROM technicians 
WHERE technicians.status = %(status_1)s
2025-03-24 14:22:51 - sqlalchemy.engine.Engine - INFO - [generated in 0.00092s] {'status_1': 'active'}
2025-03-24 14:22:51 - app.routers.dashboard - INFO - Getting dashboard stats (unauthenticated)
2025-03-24 14:22:51 - sqlalchemy.engine.Engine - INFO - BEGIN (implicit)
2025-03-24 14:22:51 - sqlalchemy.engine.Engine - INFO - SELECT count(work_orders.id) AS count_1 
FROM work_orders
2025-03-24 14:22:51 - sqlalchemy.engine.Engine - INFO - [cached since 0.07197s ago] {}
2025-03-24 14:22:51 - sqlalchemy.engine.Engine - INFO - SELECT count(work_orders.id) AS count_1 
FROM work_orders 
WHERE work_orders.status IN (%(status_1_1)s, %(status_1_2)s)
2025-03-24 14:22:51 - sqlalchemy.engine.Engine - INFO - [cached since 0.07149s ago] {'status_1_1': 'pending', 'status_1_2': 'scheduled'}
2025-03-24 14:22:51 - sqlalchemy.engine.Engine - INFO - SELECT count(work_orders.id) AS count_1 
FROM work_orders 
WHERE work_orders.status = %(status_1)s
2025-03-24 14:22:51 - sqlalchemy.engine.Engine - INFO - [cached since 0.07092s ago] {'status_1': 'completed'}
2025-03-24 14:22:51 - sqlalchemy.engine.Engine - INFO - SELECT count(work_orders.id) AS count_1 
FROM work_orders 
WHERE work_orders.created_at >= %(created_at_1)s AND work_orders.created_at <= %(created_at_2)s
2025-03-24 14:22:51 - sqlalchemy.engine.Engine - INFO - [cached since 0.07036s ago] {'created_at_1': datetime.date(2025, 3, 1), 'created_at_2': datetime.date(2025, 3, 31)}
2025-03-24 14:22:51 - sqlalchemy.engine.Engine - INFO - SELECT count(work_orders.id) AS count_1 
FROM work_orders 
WHERE work_orders.created_at >= %(created_at_1)s AND work_orders.created_at < %(created_at_2)s
2025-03-24 14:22:51 - sqlalchemy.engine.Engine - INFO - [cached since 0.06948s ago] {'created_at_1': datetime.date(2025, 2, 1), 'created_at_2': datetime.date(2025, 3, 1)}
2025-03-24 14:22:51 - sqlalchemy.engine.Engine - INFO - SELECT sum(payments.amount) AS sum_1 
FROM payments 
WHERE payments.status = %(status_1)s AND payments.payment_date >= %(payment_date_1)s AND payments.payment_date <= %(payment_date_2)s
2025-03-24 14:22:51 - sqlalchemy.engine.Engine - INFO - [cached since 0.06837s ago] {'status_1': 'success', 'payment_date_1': datetime.date(2025, 3, 1), 'payment_date_2': datetime.date(2025, 3, 31)}
2025-03-24 14:22:51 - sqlalchemy.engine.Engine - INFO - SELECT sum(payments.amount) AS sum_1 
FROM payments 
WHERE payments.status = %(status_1)s AND payments.payment_date >= %(payment_date_1)s AND payments.payment_date < %(payment_date_2)s
2025-03-24 14:22:51 - sqlalchemy.engine.Engine - INFO - [cached since 0.06757s ago] {'status_1': 'success', 'payment_date_1': datetime.date(2025, 2, 1), 'payment_date_2': datetime.date(2025, 3, 1)}
2025-03-24 14:22:51 - sqlalchemy.engine.Engine - INFO - SELECT SUM(total) FROM invoices WHERE status IN ('sent', 'overdue')
2025-03-24 14:22:51 - sqlalchemy.engine.Engine - INFO - [cached since 0.0669s ago] {}
2025-03-24 14:22:51 - sqlalchemy.engine.Engine - INFO - SELECT count(invoices.id) AS count_1 
FROM invoices 
WHERE invoices.status = %(status_1)s
2025-03-24 14:22:51 - sqlalchemy.engine.Engine - INFO - [cached since 0.06672s ago] {'status_1': 'overdue'}
2025-03-24 14:22:51 - sqlalchemy.engine.Engine - INFO - SELECT count(clients.id) AS count_1 
FROM clients
2025-03-24 14:22:51 - sqlalchemy.engine.Engine - INFO - [cached since 0.06594s ago] {}
2025-03-24 14:22:51 - sqlalchemy.engine.Engine - INFO - SELECT count(clients.id) AS count_1 
FROM clients 
WHERE clients.status = %(status_1)s
2025-03-24 14:22:51 - sqlalchemy.engine.Engine - INFO - [cached since 0.06514s ago] {'status_1': 'active'}
2025-03-24 14:22:51 - sqlalchemy.engine.Engine - INFO - SELECT count(technicians.id) AS count_1 
FROM technicians
2025-03-24 14:22:51 - sqlalchemy.engine.Engine - INFO - [cached since 0.06505s ago] {}
2025-03-24 14:22:51 - sqlalchemy.engine.Engine - INFO - SELECT count(technicians.id) AS count_1 
FROM technicians 
WHERE technicians.status = %(status_1)s
2025-03-24 14:22:51 - sqlalchemy.engine.Engine - INFO - [cached since 0.06496s ago] {'status_1': 'active'}
2025-03-24 14:22:51 - root - INFO - Request 0eec4bed-7d71-4b4f-8064-d46762385e67 completed: GET /api/dashboard/stats - Status: 200
2025-03-24 14:22:51 - root - INFO - Request 3ec354c7-36b5-44e2-8951-5384bd7e85f5 completed: GET /api/dashboard/stats - Status: 200
2025-03-24 14:22:51 - root - INFO - Request f4a42954-682a-4c30-87d9-6fe6f0865f8c completed: GET /api/work-orders - Status: 422
2025-03-24 14:22:51 - sqlalchemy.engine.Engine - INFO - ROLLBACK
2025-03-24 14:22:51 - sqlalchemy.engine.Engine - INFO - ROLLBACK
2025-03-24 14:22:51 - app.core.middleware - INFO - Request f7e5296c-d1d8-4a56-b7d4-68133f4f4566 completed: GET http://localhost:8000/api/dashboard/stats - Status: 200 - Time: 0.1655s
2025-03-24 14:22:51 - app.core.middleware - INFO - Request 6d047ad6-9944-46f4-9729-9f075d1415f3 completed: GET http://localhost:8000/api/dashboard/stats - Status: 200 - Time: 0.1645s
2025-03-24 14:22:51 - app.core.middleware - INFO - Request 4bfa3e79-02ee-46a2-90a3-f7201c9742be completed: GET http://localhost:8000/api/work-orders?page=1&limit=10 - Status: 422 - Time: 0.1665s
2025-03-24 14:22:51 - app.core.middleware - INFO - Request 9d02fac0-78df-4a0f-8fc2-8d128d3fef31 started: GET http://localhost:8000/api/work-orders?page=1&limit=10
2025-03-24 14:22:51 - root - INFO - Request 4dccb4a7-f781-4ce4-b26e-8421f24ac3f2 started: GET /api/work-orders
2025-03-24 14:22:51 - root - INFO - Request 4dccb4a7-f781-4ce4-b26e-8421f24ac3f2 origin: http://localhost:3000
2025-03-24 14:22:51 - root - INFO - Request 4dccb4a7-f781-4ce4-b26e-8421f24ac3f2 referer: http://localhost:3000/
2025-03-24 14:22:51 - root - INFO - Request 4dccb4a7-f781-4ce4-b26e-8421f24ac3f2 auth header present: False
2025-03-24 14:22:51 - root - INFO - Request 4dccb4a7-f781-4ce4-b26e-8421f24ac3f2 completed: GET /api/work-orders - Status: 422
2025-03-24 14:22:51 - app.core.middleware - INFO - Request 9d02fac0-78df-4a0f-8fc2-8d128d3fef31 completed: GET http://localhost:8000/api/work-orders?page=1&limit=10 - Status: 422 - Time: 0.0055s
2025-03-24 14:22:52 - app.core.middleware - INFO - Request 66c410d1-1431-46f1-abfe-88befbacbb5f started: GET http://localhost:8000/api/work-orders?page=1&limit=10
2025-03-24 14:22:52 - root - INFO - Request a263bdaf-8a4d-447d-bffe-840007359fcb started: GET /api/work-orders
2025-03-24 14:22:52 - root - INFO - Request a263bdaf-8a4d-447d-bffe-840007359fcb origin: http://localhost:3000
2025-03-24 14:22:52 - root - INFO - Request a263bdaf-8a4d-447d-bffe-840007359fcb referer: http://localhost:3000/
2025-03-24 14:22:52 - root - INFO - Request a263bdaf-8a4d-447d-bffe-840007359fcb auth header present: False
2025-03-24 14:22:52 - root - INFO - Request a263bdaf-8a4d-447d-bffe-840007359fcb completed: GET /api/work-orders - Status: 422
2025-03-24 14:22:53 - app.core.middleware - INFO - Request 66c410d1-1431-46f1-abfe-88befbacbb5f completed: GET http://localhost:8000/api/work-orders?page=1&limit=10 - Status: 422 - Time: 0.0050s
2025-03-24 14:22:54 - app.core.middleware - INFO - Request f6bd10a8-ae12-44ff-be57-46e0c1c71696 started: GET http://localhost:8000/api/dashboard/stats
2025-03-24 14:22:54 - root - INFO - Request 37ce3fa9-e5f9-4629-8116-ceb657f5ad18 started: GET /api/dashboard/stats
2025-03-24 14:22:54 - root - INFO - Request 37ce3fa9-e5f9-4629-8116-ceb657f5ad18 origin: http://localhost:3000
2025-03-24 14:22:54 - root - INFO - Request 37ce3fa9-e5f9-4629-8116-ceb657f5ad18 referer: http://localhost:3000/
2025-03-24 14:22:54 - root - INFO - Request 37ce3fa9-e5f9-4629-8116-ceb657f5ad18 auth header present: True
2025-03-24 14:22:54 - root - INFO - Request 37ce3fa9-e5f9-4629-8116-ceb657f5ad18 auth header: Bearer eyJhbGci...
2025-03-24 14:22:54 - app.routers.dashboard - INFO - Getting dashboard stats (unauthenticated)
2025-03-24 14:22:54 - sqlalchemy.engine.Engine - INFO - BEGIN (implicit)
2025-03-24 14:22:54 - sqlalchemy.engine.Engine - INFO - SELECT count(work_orders.id) AS count_1 
FROM work_orders
2025-03-24 14:22:54 - sqlalchemy.engine.Engine - INFO - [cached since 2.79s ago] {}
2025-03-24 14:22:54 - sqlalchemy.engine.Engine - INFO - SELECT count(work_orders.id) AS count_1 
FROM work_orders 
WHERE work_orders.status IN (%(status_1_1)s, %(status_1_2)s)
2025-03-24 14:22:54 - sqlalchemy.engine.Engine - INFO - [cached since 2.788s ago] {'status_1_1': 'pending', 'status_1_2': 'scheduled'}
2025-03-24 14:22:54 - sqlalchemy.engine.Engine - INFO - SELECT count(work_orders.id) AS count_1 
FROM work_orders 
WHERE work_orders.status = %(status_1)s
2025-03-24 14:22:54 - sqlalchemy.engine.Engine - INFO - [cached since 2.787s ago] {'status_1': 'completed'}
2025-03-24 14:22:54 - sqlalchemy.engine.Engine - INFO - SELECT count(work_orders.id) AS count_1 
FROM work_orders 
WHERE work_orders.created_at >= %(created_at_1)s AND work_orders.created_at <= %(created_at_2)s
2025-03-24 14:22:54 - sqlalchemy.engine.Engine - INFO - [cached since 2.787s ago] {'created_at_1': datetime.date(2025, 3, 1), 'created_at_2': datetime.date(2025, 3, 31)}
2025-03-24 14:22:54 - sqlalchemy.engine.Engine - INFO - SELECT count(work_orders.id) AS count_1 
FROM work_orders 
WHERE work_orders.created_at >= %(created_at_1)s AND work_orders.created_at < %(created_at_2)s
2025-03-24 14:22:54 - sqlalchemy.engine.Engine - INFO - [cached since 2.786s ago] {'created_at_1': datetime.date(2025, 2, 1), 'created_at_2': datetime.date(2025, 3, 1)}
2025-03-24 14:22:54 - sqlalchemy.engine.Engine - INFO - SELECT sum(payments.amount) AS sum_1 
FROM payments 
WHERE payments.status = %(status_1)s AND payments.payment_date >= %(payment_date_1)s AND payments.payment_date <= %(payment_date_2)s
2025-03-24 14:22:54 - sqlalchemy.engine.Engine - INFO - [cached since 2.785s ago] {'status_1': 'success', 'payment_date_1': datetime.date(2025, 3, 1), 'payment_date_2': datetime.date(2025, 3, 31)}
2025-03-24 14:22:54 - sqlalchemy.engine.Engine - INFO - SELECT sum(payments.amount) AS sum_1 
FROM payments 
WHERE payments.status = %(status_1)s AND payments.payment_date >= %(payment_date_1)s AND payments.payment_date < %(payment_date_2)s
2025-03-24 14:22:54 - sqlalchemy.engine.Engine - INFO - [cached since 2.783s ago] {'status_1': 'success', 'payment_date_1': datetime.date(2025, 2, 1), 'payment_date_2': datetime.date(2025, 3, 1)}
2025-03-24 14:22:54 - sqlalchemy.engine.Engine - INFO - SELECT SUM(total) FROM invoices WHERE status IN ('sent', 'overdue')
2025-03-24 14:22:54 - sqlalchemy.engine.Engine - INFO - [cached since 2.783s ago] {}
2025-03-24 14:22:54 - sqlalchemy.engine.Engine - INFO - SELECT count(invoices.id) AS count_1 
FROM invoices 
WHERE invoices.status = %(status_1)s
2025-03-24 14:22:54 - sqlalchemy.engine.Engine - INFO - [cached since 2.782s ago] {'status_1': 'overdue'}
2025-03-24 14:22:54 - sqlalchemy.engine.Engine - INFO - SELECT count(clients.id) AS count_1 
FROM clients
2025-03-24 14:22:54 - sqlalchemy.engine.Engine - INFO - [cached since 2.782s ago] {}
2025-03-24 14:22:54 - sqlalchemy.engine.Engine - INFO - SELECT count(clients.id) AS count_1 
FROM clients 
WHERE clients.status = %(status_1)s
2025-03-24 14:22:54 - sqlalchemy.engine.Engine - INFO - [cached since 2.781s ago] {'status_1': 'active'}
2025-03-24 14:22:54 - sqlalchemy.engine.Engine - INFO - SELECT count(technicians.id) AS count_1 
FROM technicians
2025-03-24 14:22:54 - sqlalchemy.engine.Engine - INFO - [cached since 2.78s ago] {}
2025-03-24 14:22:54 - sqlalchemy.engine.Engine - INFO - SELECT count(technicians.id) AS count_1 
FROM technicians 
WHERE technicians.status = %(status_1)s
2025-03-24 14:22:54 - sqlalchemy.engine.Engine - INFO - [cached since 2.78s ago] {'status_1': 'active'}
2025-03-24 14:22:54 - root - INFO - Request 37ce3fa9-e5f9-4629-8116-ceb657f5ad18 completed: GET /api/dashboard/stats - Status: 200
2025-03-24 14:22:54 - sqlalchemy.engine.Engine - INFO - ROLLBACK
2025-03-24 14:22:54 - app.core.middleware - INFO - Request f6bd10a8-ae12-44ff-be57-46e0c1c71696 completed: GET http://localhost:8000/api/dashboard/stats - Status: 200 - Time: 0.0335s
2025-03-24 14:22:54 - app.core.middleware - INFO - Request 0ca30032-ae04-4260-834f-d0e9a6497868 started: GET http://localhost:8000/api/dashboard/stats
2025-03-24 14:22:54 - root - INFO - Request 99da82ac-aa5d-4527-97c4-93d60370b214 started: GET /api/dashboard/stats
2025-03-24 14:22:54 - root - INFO - Request 99da82ac-aa5d-4527-97c4-93d60370b214 origin: http://localhost:3000
2025-03-24 14:22:54 - root - INFO - Request 99da82ac-aa5d-4527-97c4-93d60370b214 referer: http://localhost:3000/
2025-03-24 14:22:54 - root - INFO - Request 99da82ac-aa5d-4527-97c4-93d60370b214 auth header present: True
2025-03-24 14:22:54 - root - INFO - Request 99da82ac-aa5d-4527-97c4-93d60370b214 auth header: Bearer eyJhbGci...
2025-03-24 14:22:54 - app.routers.dashboard - INFO - Getting dashboard stats (unauthenticated)
2025-03-24 14:22:54 - sqlalchemy.engine.Engine - INFO - BEGIN (implicit)
2025-03-24 14:22:54 - sqlalchemy.engine.Engine - INFO - SELECT count(work_orders.id) AS count_1 
FROM work_orders
2025-03-24 14:22:54 - sqlalchemy.engine.Engine - INFO - [cached since 2.824s ago] {}
2025-03-24 14:22:54 - sqlalchemy.engine.Engine - INFO - SELECT count(work_orders.id) AS count_1 
FROM work_orders 
WHERE work_orders.status IN (%(status_1_1)s, %(status_1_2)s)
2025-03-24 14:22:54 - sqlalchemy.engine.Engine - INFO - [cached since 2.822s ago] {'status_1_1': 'pending', 'status_1_2': 'scheduled'}
2025-03-24 14:22:54 - sqlalchemy.engine.Engine - INFO - SELECT count(work_orders.id) AS count_1 
FROM work_orders 
WHERE work_orders.status = %(status_1)s
2025-03-24 14:22:54 - sqlalchemy.engine.Engine - INFO - [cached since 2.821s ago] {'status_1': 'completed'}
2025-03-24 14:22:54 - sqlalchemy.engine.Engine - INFO - SELECT count(work_orders.id) AS count_1 
FROM work_orders 
WHERE work_orders.created_at >= %(created_at_1)s AND work_orders.created_at <= %(created_at_2)s
2025-03-24 14:22:54 - sqlalchemy.engine.Engine - INFO - [cached since 2.82s ago] {'created_at_1': datetime.date(2025, 3, 1), 'created_at_2': datetime.date(2025, 3, 31)}
2025-03-24 14:22:54 - sqlalchemy.engine.Engine - INFO - SELECT count(work_orders.id) AS count_1 
FROM work_orders 
WHERE work_orders.created_at >= %(created_at_1)s AND work_orders.created_at < %(created_at_2)s
2025-03-24 14:22:54 - sqlalchemy.engine.Engine - INFO - [cached since 2.819s ago] {'created_at_1': datetime.date(2025, 2, 1), 'created_at_2': datetime.date(2025, 3, 1)}
2025-03-24 14:22:54 - sqlalchemy.engine.Engine - INFO - SELECT sum(payments.amount) AS sum_1 
FROM payments 
WHERE payments.status = %(status_1)s AND payments.payment_date >= %(payment_date_1)s AND payments.payment_date <= %(payment_date_2)s
2025-03-24 14:22:54 - sqlalchemy.engine.Engine - INFO - [cached since 2.818s ago] {'status_1': 'success', 'payment_date_1': datetime.date(2025, 3, 1), 'payment_date_2': datetime.date(2025, 3, 31)}
2025-03-24 14:22:54 - sqlalchemy.engine.Engine - INFO - SELECT sum(payments.amount) AS sum_1 
FROM payments 
WHERE payments.status = %(status_1)s AND payments.payment_date >= %(payment_date_1)s AND payments.payment_date < %(payment_date_2)s
2025-03-24 14:22:54 - sqlalchemy.engine.Engine - INFO - [cached since 2.817s ago] {'status_1': 'success', 'payment_date_1': datetime.date(2025, 2, 1), 'payment_date_2': datetime.date(2025, 3, 1)}
2025-03-24 14:22:54 - sqlalchemy.engine.Engine - INFO - SELECT SUM(total) FROM invoices WHERE status IN ('sent', 'overdue')
2025-03-24 14:22:54 - sqlalchemy.engine.Engine - INFO - [cached since 2.816s ago] {}
2025-03-24 14:22:54 - sqlalchemy.engine.Engine - INFO - SELECT count(invoices.id) AS count_1 
FROM invoices 
WHERE invoices.status = %(status_1)s
2025-03-24 14:22:54 - sqlalchemy.engine.Engine - INFO - [cached since 2.815s ago] {'status_1': 'overdue'}
2025-03-24 14:22:54 - sqlalchemy.engine.Engine - INFO - SELECT count(clients.id) AS count_1 
FROM clients
2025-03-24 14:22:54 - sqlalchemy.engine.Engine - INFO - [cached since 2.814s ago] {}
2025-03-24 14:22:54 - sqlalchemy.engine.Engine - INFO - SELECT count(clients.id) AS count_1 
FROM clients 
WHERE clients.status = %(status_1)s
2025-03-24 14:22:54 - sqlalchemy.engine.Engine - INFO - [cached since 2.813s ago] {'status_1': 'active'}
2025-03-24 14:22:54 - sqlalchemy.engine.Engine - INFO - SELECT count(technicians.id) AS count_1 
FROM technicians
2025-03-24 14:22:54 - sqlalchemy.engine.Engine - INFO - [cached since 2.813s ago] {}
2025-03-24 14:22:54 - sqlalchemy.engine.Engine - INFO - SELECT count(technicians.id) AS count_1 
FROM technicians 
WHERE technicians.status = %(status_1)s
2025-03-24 14:22:54 - sqlalchemy.engine.Engine - INFO - [cached since 2.812s ago] {'status_1': 'active'}
2025-03-24 14:22:54 - root - INFO - Request 99da82ac-aa5d-4527-97c4-93d60370b214 completed: GET /api/dashboard/stats - Status: 200
2025-03-24 14:22:54 - sqlalchemy.engine.Engine - INFO - ROLLBACK
2025-03-24 14:22:54 - app.core.middleware - INFO - Request 0ca30032-ae04-4260-834f-d0e9a6497868 completed: GET http://localhost:8000/api/dashboard/stats - Status: 200 - Time: 0.0315s
2025-03-24 14:31:53 - root - INFO - Redis client initialized successfully
2025-03-24 14:31:53 - root - INFO - Auth0 configuration loaded - Domain: dev-fqp1z1l3km7uj2gq.us.auth0.com, Audience: https://idimsapi
2025-03-24 14:31:53 - app.core.middleware - INFO - Request ce20be92-42af-4371-8fda-23b9b5d5327e started: GET http://localhost:8000/api/work-orders?page=1&limit=10
2025-03-24 14:31:53 - root - INFO - Request 72bb794c-afe7-4866-8230-710d493fcf9d started: GET /api/work-orders
2025-03-24 14:31:53 - root - INFO - Request 72bb794c-afe7-4866-8230-710d493fcf9d origin: http://localhost:3000
2025-03-24 14:31:53 - root - INFO - Request 72bb794c-afe7-4866-8230-710d493fcf9d referer: http://localhost:3000/
2025-03-24 14:31:53 - root - INFO - Request 72bb794c-afe7-4866-8230-710d493fcf9d auth header present: False
2025-03-24 14:31:53 - root - INFO - Request 72bb794c-afe7-4866-8230-710d493fcf9d completed: GET /api/work-orders - Status: 422
2025-03-24 14:31:53 - app.core.middleware - INFO - Request ce20be92-42af-4371-8fda-23b9b5d5327e completed: GET http://localhost:8000/api/work-orders?page=1&limit=10 - Status: 422 - Time: 0.0060s
2025-03-24 14:31:54 - app.core.middleware - INFO - Request b7eef6e9-d3c8-4b0c-a781-c0af3c5d4acd started: GET http://localhost:8000/api/work-orders?page=1&limit=10
2025-03-24 14:31:54 - root - INFO - Request 9d8392be-69ac-42ed-a7c4-474945c999ea started: GET /api/work-orders
2025-03-24 14:31:54 - root - INFO - Request 9d8392be-69ac-42ed-a7c4-474945c999ea origin: http://localhost:3000
2025-03-24 14:31:54 - root - INFO - Request 9d8392be-69ac-42ed-a7c4-474945c999ea referer: http://localhost:3000/
2025-03-24 14:31:54 - root - INFO - Request 9d8392be-69ac-42ed-a7c4-474945c999ea auth header present: False
2025-03-24 14:31:54 - root - INFO - Request 9d8392be-69ac-42ed-a7c4-474945c999ea completed: GET /api/work-orders - Status: 422
2025-03-24 14:31:54 - app.core.middleware - INFO - Request b7eef6e9-d3c8-4b0c-a781-c0af3c5d4acd completed: GET http://localhost:8000/api/work-orders?page=1&limit=10 - Status: 422 - Time: 0.0050s
2025-03-24 14:32:04 - app.core.middleware - INFO - Request 143d9da2-9117-41b0-8af1-b335c9da35bd started: GET http://localhost:8000/api/dashboard/stats
2025-03-24 14:32:04 - root - INFO - Request bcfdbe2b-ea65-440f-9649-3c84645b5233 started: GET /api/dashboard/stats
2025-03-24 14:32:04 - root - INFO - Request bcfdbe2b-ea65-440f-9649-3c84645b5233 origin: http://localhost:3000
2025-03-24 14:32:04 - root - INFO - Request bcfdbe2b-ea65-440f-9649-3c84645b5233 referer: http://localhost:3000/
2025-03-24 14:32:04 - root - INFO - Request bcfdbe2b-ea65-440f-9649-3c84645b5233 auth header present: True
2025-03-24 14:32:04 - root - INFO - Request bcfdbe2b-ea65-440f-9649-3c84645b5233 auth header: Bearer eyJhbGci...
2025-03-24 14:32:04 - app.routers.dashboard - INFO - Getting dashboard stats (unauthenticated)
2025-03-24 14:32:04 - sqlalchemy.engine.Engine - INFO - BEGIN (implicit)
2025-03-24 14:32:04 - sqlalchemy.engine.Engine - INFO - SELECT count(work_orders.id) AS count_1 
FROM work_orders
2025-03-24 14:32:04 - sqlalchemy.engine.Engine - INFO - [generated in 0.00083s] {}
2025-03-24 14:32:04 - sqlalchemy.engine.Engine - INFO - SELECT count(work_orders.id) AS count_1 
FROM work_orders 
WHERE work_orders.status IN (%(status_1_1)s, %(status_1_2)s)
2025-03-24 14:32:04 - sqlalchemy.engine.Engine - INFO - [generated in 0.00087s] {'status_1_1': 'pending', 'status_1_2': 'scheduled'}
2025-03-24 14:32:04 - sqlalchemy.engine.Engine - INFO - SELECT count(work_orders.id) AS count_1 
FROM work_orders 
WHERE work_orders.status = %(status_1)s
2025-03-24 14:32:04 - sqlalchemy.engine.Engine - INFO - [generated in 0.00108s] {'status_1': 'completed'}
2025-03-24 14:32:04 - sqlalchemy.engine.Engine - INFO - SELECT count(work_orders.id) AS count_1 
FROM work_orders 
WHERE work_orders.created_at >= %(created_at_1)s AND work_orders.created_at <= %(created_at_2)s
2025-03-24 14:32:04 - sqlalchemy.engine.Engine - INFO - [generated in 0.00086s] {'created_at_1': datetime.date(2025, 3, 1), 'created_at_2': datetime.date(2025, 3, 31)}
2025-03-24 14:32:04 - sqlalchemy.engine.Engine - INFO - SELECT count(work_orders.id) AS count_1 
FROM work_orders 
WHERE work_orders.created_at >= %(created_at_1)s AND work_orders.created_at < %(created_at_2)s
2025-03-24 14:32:04 - sqlalchemy.engine.Engine - INFO - [generated in 0.00094s] {'created_at_1': datetime.date(2025, 2, 1), 'created_at_2': datetime.date(2025, 3, 1)}
2025-03-24 14:32:04 - sqlalchemy.engine.Engine - INFO - SELECT sum(payments.amount) AS sum_1 
FROM payments 
WHERE payments.status = %(status_1)s AND payments.payment_date >= %(payment_date_1)s AND payments.payment_date <= %(payment_date_2)s
2025-03-24 14:32:04 - sqlalchemy.engine.Engine - INFO - [generated in 0.00122s] {'status_1': 'success', 'payment_date_1': datetime.date(2025, 3, 1), 'payment_date_2': datetime.date(2025, 3, 31)}
2025-03-24 14:32:04 - sqlalchemy.engine.Engine - INFO - SELECT sum(payments.amount) AS sum_1 
FROM payments 
WHERE payments.status = %(status_1)s AND payments.payment_date >= %(payment_date_1)s AND payments.payment_date < %(payment_date_2)s
2025-03-24 14:32:04 - sqlalchemy.engine.Engine - INFO - [generated in 0.00084s] {'status_1': 'success', 'payment_date_1': datetime.date(2025, 2, 1), 'payment_date_2': datetime.date(2025, 3, 1)}
2025-03-24 14:32:04 - sqlalchemy.engine.Engine - INFO - SELECT SUM(total) FROM invoices WHERE status IN ('sent', 'overdue')
2025-03-24 14:32:04 - sqlalchemy.engine.Engine - INFO - [generated in 0.00075s] {}
2025-03-24 14:32:04 - sqlalchemy.engine.Engine - INFO - SELECT count(invoices.id) AS count_1 
FROM invoices 
WHERE invoices.status = %(status_1)s
2025-03-24 14:32:04 - sqlalchemy.engine.Engine - INFO - [generated in 0.00079s] {'status_1': 'overdue'}
2025-03-24 14:32:04 - sqlalchemy.engine.Engine - INFO - SELECT count(clients.id) AS count_1 
FROM clients
2025-03-24 14:32:04 - sqlalchemy.engine.Engine - INFO - [generated in 0.00074s] {}
2025-03-24 14:32:04 - sqlalchemy.engine.Engine - INFO - SELECT count(clients.id) AS count_1 
FROM clients 
WHERE clients.status = %(status_1)s
2025-03-24 14:32:04 - sqlalchemy.engine.Engine - INFO - [generated in 0.00091s] {'status_1': 'active'}
2025-03-24 14:32:04 - sqlalchemy.engine.Engine - INFO - SELECT count(technicians.id) AS count_1 
FROM technicians
2025-03-24 14:32:04 - sqlalchemy.engine.Engine - INFO - [generated in 0.00067s] {}
2025-03-24 14:32:04 - sqlalchemy.engine.Engine - INFO - SELECT count(technicians.id) AS count_1 
FROM technicians 
WHERE technicians.status = %(status_1)s
2025-03-24 14:32:04 - sqlalchemy.engine.Engine - INFO - [generated in 0.00079s] {'status_1': 'active'}
2025-03-24 14:32:04 - root - INFO - Request bcfdbe2b-ea65-440f-9649-3c84645b5233 completed: GET /api/dashboard/stats - Status: 200
2025-03-24 14:32:04 - sqlalchemy.engine.Engine - INFO - ROLLBACK
2025-03-24 14:32:04 - app.core.middleware - INFO - Request 143d9da2-9117-41b0-8af1-b335c9da35bd completed: GET http://localhost:8000/api/dashboard/stats - Status: 200 - Time: 0.0850s
2025-03-24 14:32:04 - app.core.middleware - INFO - Request 46db22a7-381a-4f2d-897d-d8840b7c0f7d started: GET http://localhost:8000/api/dashboard/stats
2025-03-24 14:32:04 - root - INFO - Request db6094fb-e1e6-4864-9a15-bd4e562c9556 started: GET /api/dashboard/stats
2025-03-24 14:32:04 - root - INFO - Request db6094fb-e1e6-4864-9a15-bd4e562c9556 origin: http://localhost:3000
2025-03-24 14:32:04 - root - INFO - Request db6094fb-e1e6-4864-9a15-bd4e562c9556 referer: http://localhost:3000/
2025-03-24 14:32:04 - root - INFO - Request db6094fb-e1e6-4864-9a15-bd4e562c9556 auth header present: True
2025-03-24 14:32:04 - root - INFO - Request db6094fb-e1e6-4864-9a15-bd4e562c9556 auth header: Bearer eyJhbGci...
2025-03-24 14:32:04 - app.routers.dashboard - INFO - Getting dashboard stats (unauthenticated)
2025-03-24 14:32:04 - sqlalchemy.engine.Engine - INFO - BEGIN (implicit)
2025-03-24 14:32:04 - sqlalchemy.engine.Engine - INFO - SELECT count(work_orders.id) AS count_1 
FROM work_orders
2025-03-24 14:32:04 - sqlalchemy.engine.Engine - INFO - [cached since 0.04359s ago] {}
2025-03-24 14:32:04 - sqlalchemy.engine.Engine - INFO - SELECT count(work_orders.id) AS count_1 
FROM work_orders 
WHERE work_orders.status IN (%(status_1_1)s, %(status_1_2)s)
2025-03-24 14:32:04 - sqlalchemy.engine.Engine - INFO - [cached since 0.0422s ago] {'status_1_1': 'pending', 'status_1_2': 'scheduled'}
2025-03-24 14:32:04 - sqlalchemy.engine.Engine - INFO - SELECT count(work_orders.id) AS count_1 
FROM work_orders 
WHERE work_orders.status = %(status_1)s
2025-03-24 14:32:04 - sqlalchemy.engine.Engine - INFO - [cached since 0.04171s ago] {'status_1': 'completed'}
2025-03-24 14:32:04 - sqlalchemy.engine.Engine - INFO - SELECT count(work_orders.id) AS count_1 
FROM work_orders 
WHERE work_orders.created_at >= %(created_at_1)s AND work_orders.created_at <= %(created_at_2)s
2025-03-24 14:32:04 - sqlalchemy.engine.Engine - INFO - [cached since 0.04109s ago] {'created_at_1': datetime.date(2025, 3, 1), 'created_at_2': datetime.date(2025, 3, 31)}
2025-03-24 14:32:04 - sqlalchemy.engine.Engine - INFO - SELECT count(work_orders.id) AS count_1 
FROM work_orders 
WHERE work_orders.created_at >= %(created_at_1)s AND work_orders.created_at < %(created_at_2)s
2025-03-24 14:32:04 - sqlalchemy.engine.Engine - INFO - [cached since 0.04082s ago] {'created_at_1': datetime.date(2025, 2, 1), 'created_at_2': datetime.date(2025, 3, 1)}
2025-03-24 14:32:04 - sqlalchemy.engine.Engine - INFO - SELECT sum(payments.amount) AS sum_1 
FROM payments 
WHERE payments.status = %(status_1)s AND payments.payment_date >= %(payment_date_1)s AND payments.payment_date <= %(payment_date_2)s
2025-03-24 14:32:04 - sqlalchemy.engine.Engine - INFO - [cached since 0.03941s ago] {'status_1': 'success', 'payment_date_1': datetime.date(2025, 3, 1), 'payment_date_2': datetime.date(2025, 3, 31)}
2025-03-24 14:32:04 - sqlalchemy.engine.Engine - INFO - SELECT sum(payments.amount) AS sum_1 
FROM payments 
WHERE payments.status = %(status_1)s AND payments.payment_date >= %(payment_date_1)s AND payments.payment_date < %(payment_date_2)s
2025-03-24 14:32:04 - sqlalchemy.engine.Engine - INFO - [cached since 0.03807s ago] {'status_1': 'success', 'payment_date_1': datetime.date(2025, 2, 1), 'payment_date_2': datetime.date(2025, 3, 1)}
2025-03-24 14:32:04 - sqlalchemy.engine.Engine - INFO - SELECT SUM(total) FROM invoices WHERE status IN ('sent', 'overdue')
2025-03-24 14:32:04 - sqlalchemy.engine.Engine - INFO - [cached since 0.03754s ago] {}
2025-03-24 14:32:04 - sqlalchemy.engine.Engine - INFO - SELECT count(invoices.id) AS count_1 
FROM invoices 
WHERE invoices.status = %(status_1)s
2025-03-24 14:32:04 - sqlalchemy.engine.Engine - INFO - [cached since 0.0369s ago] {'status_1': 'overdue'}
2025-03-24 14:32:04 - sqlalchemy.engine.Engine - INFO - SELECT count(clients.id) AS count_1 
FROM clients
2025-03-24 14:32:04 - sqlalchemy.engine.Engine - INFO - [cached since 0.03683s ago] {}
2025-03-24 14:32:04 - sqlalchemy.engine.Engine - INFO - SELECT count(clients.id) AS count_1 
FROM clients 
WHERE clients.status = %(status_1)s
2025-03-24 14:32:04 - sqlalchemy.engine.Engine - INFO - [cached since 0.03627s ago] {'status_1': 'active'}
2025-03-24 14:32:04 - sqlalchemy.engine.Engine - INFO - SELECT count(technicians.id) AS count_1 
FROM technicians
2025-03-24 14:32:04 - sqlalchemy.engine.Engine - INFO - [cached since 0.03562s ago] {}
2025-03-24 14:32:04 - sqlalchemy.engine.Engine - INFO - SELECT count(technicians.id) AS count_1 
FROM technicians 
WHERE technicians.status = %(status_1)s
2025-03-24 14:32:04 - sqlalchemy.engine.Engine - INFO - [cached since 0.03503s ago] {'status_1': 'active'}
2025-03-24 14:32:04 - root - INFO - Request db6094fb-e1e6-4864-9a15-bd4e562c9556 completed: GET /api/dashboard/stats - Status: 200
2025-03-24 14:32:04 - sqlalchemy.engine.Engine - INFO - ROLLBACK
2025-03-24 14:32:04 - app.core.middleware - INFO - Request 46db22a7-381a-4f2d-897d-d8840b7c0f7d completed: GET http://localhost:8000/api/dashboard/stats - Status: 200 - Time: 0.0320s
2025-03-24 14:36:52 - root - INFO - Redis client initialized successfully
2025-03-24 14:36:52 - root - INFO - Auth0 configuration loaded - Domain: dev-fqp1z1l3km7uj2gq.us.auth0.com, Audience: https://idimsapi
2025-03-24 14:37:04 - root - INFO - Redis client initialized successfully
2025-03-24 14:37:04 - root - INFO - Auth0 configuration loaded - Domain: dev-fqp1z1l3km7uj2gq.us.auth0.com, Audience: https://idimsapi
2025-03-24 14:38:28 - root - INFO - Redis client initialized successfully
2025-03-24 14:38:28 - root - INFO - Auth0 configuration loaded - Domain: dev-fqp1z1l3km7uj2gq.us.auth0.com, Audience: https://idimsapi
2025-03-24 14:38:36 - root - INFO - Redis client initialized successfully
2025-03-24 14:38:36 - root - INFO - Auth0 configuration loaded - Domain: dev-fqp1z1l3km7uj2gq.us.auth0.com, Audience: https://idimsapi
2025-03-24 14:38:43 - root - INFO - Redis client initialized successfully
2025-03-24 14:38:43 - root - INFO - Auth0 configuration loaded - Domain: dev-fqp1z1l3km7uj2gq.us.auth0.com, Audience: https://idimsapi
2025-03-24 14:38:49 - root - INFO - Redis client initialized successfully
2025-03-24 14:38:49 - root - INFO - Auth0 configuration loaded - Domain: dev-fqp1z1l3km7uj2gq.us.auth0.com, Audience: https://idimsapi
2025-03-24 14:39:07 - root - INFO - Redis client initialized successfully
2025-03-24 14:39:07 - root - INFO - Auth0 configuration loaded - Domain: dev-fqp1z1l3km7uj2gq.us.auth0.com, Audience: https://idimsapi
2025-03-24 14:39:09 - app.core.middleware - INFO - Request f5a34ac4-f8f5-426b-9b3f-256123ce994c started: GET http://localhost:8000/api/dashboard/stats
2025-03-24 14:39:09 - root - INFO - Request 5370a874-3a7c-42df-9d43-a5822e78bb7f started: GET /api/dashboard/stats
2025-03-24 14:39:09 - root - INFO - Request 5370a874-3a7c-42df-9d43-a5822e78bb7f origin: http://localhost:3000
2025-03-24 14:39:09 - root - INFO - Request 5370a874-3a7c-42df-9d43-a5822e78bb7f referer: http://localhost:3000/
2025-03-24 14:39:09 - root - INFO - Request 5370a874-3a7c-42df-9d43-a5822e78bb7f auth header present: True
2025-03-24 14:39:09 - root - INFO - Request 5370a874-3a7c-42df-9d43-a5822e78bb7f auth header: Bearer eyJhbGci...
2025-03-24 14:39:09 - app.routers.dashboard - INFO - Getting dashboard stats (unauthenticated)
2025-03-24 14:39:09 - sqlalchemy.engine.Engine - INFO - BEGIN (implicit)
2025-03-24 14:39:09 - sqlalchemy.engine.Engine - INFO - SELECT count(work_orders.id) AS count_1 
FROM work_orders
2025-03-24 14:39:09 - sqlalchemy.engine.Engine - INFO - [generated in 0.00117s] {}
2025-03-24 14:39:09 - sqlalchemy.engine.Engine - INFO - SELECT count(work_orders.id) AS count_1 
FROM work_orders 
WHERE work_orders.status IN (%(status_1_1)s, %(status_1_2)s)
2025-03-24 14:39:09 - sqlalchemy.engine.Engine - INFO - [generated in 0.00126s] {'status_1_1': 'pending', 'status_1_2': 'scheduled'}
2025-03-24 14:39:09 - sqlalchemy.engine.Engine - INFO - SELECT count(work_orders.id) AS count_1 
FROM work_orders 
WHERE work_orders.status = %(status_1)s
2025-03-24 14:39:09 - sqlalchemy.engine.Engine - INFO - [generated in 0.00101s] {'status_1': 'completed'}
2025-03-24 14:39:09 - sqlalchemy.engine.Engine - INFO - SELECT count(work_orders.id) AS count_1 
FROM work_orders 
WHERE work_orders.created_at >= %(created_at_1)s AND work_orders.created_at <= %(created_at_2)s
2025-03-24 14:39:09 - sqlalchemy.engine.Engine - INFO - [generated in 0.00097s] {'created_at_1': datetime.date(2025, 3, 1), 'created_at_2': datetime.date(2025, 3, 31)}
2025-03-24 14:39:09 - sqlalchemy.engine.Engine - INFO - SELECT count(work_orders.id) AS count_1 
FROM work_orders 
WHERE work_orders.created_at >= %(created_at_1)s AND work_orders.created_at < %(created_at_2)s
2025-03-24 14:39:09 - sqlalchemy.engine.Engine - INFO - [generated in 0.00114s] {'created_at_1': datetime.date(2025, 2, 1), 'created_at_2': datetime.date(2025, 3, 1)}
2025-03-24 14:39:09 - sqlalchemy.engine.Engine - INFO - SELECT sum(payments.amount) AS sum_1 
FROM payments 
WHERE payments.status = %(status_1)s AND payments.payment_date >= %(payment_date_1)s AND payments.payment_date <= %(payment_date_2)s
2025-03-24 14:39:09 - sqlalchemy.engine.Engine - INFO - [generated in 0.00130s] {'status_1': 'success', 'payment_date_1': datetime.date(2025, 3, 1), 'payment_date_2': datetime.date(2025, 3, 31)}
2025-03-24 14:39:09 - sqlalchemy.engine.Engine - INFO - SELECT sum(payments.amount) AS sum_1 
FROM payments 
WHERE payments.status = %(status_1)s AND payments.payment_date >= %(payment_date_1)s AND payments.payment_date < %(payment_date_2)s
2025-03-24 14:39:09 - sqlalchemy.engine.Engine - INFO - [generated in 0.00141s] {'status_1': 'success', 'payment_date_1': datetime.date(2025, 2, 1), 'payment_date_2': datetime.date(2025, 3, 1)}
2025-03-24 14:39:09 - sqlalchemy.engine.Engine - INFO - SELECT SUM(total) FROM invoices WHERE status IN ('sent', 'overdue')
2025-03-24 14:39:09 - sqlalchemy.engine.Engine - INFO - [generated in 0.00082s] {}
2025-03-24 14:39:09 - sqlalchemy.engine.Engine - INFO - SELECT count(invoices.id) AS count_1 
FROM invoices 
WHERE invoices.status = %(status_1)s
2025-03-24 14:39:09 - sqlalchemy.engine.Engine - INFO - [generated in 0.00110s] {'status_1': 'overdue'}
2025-03-24 14:39:09 - sqlalchemy.engine.Engine - INFO - SELECT count(clients.id) AS count_1 
FROM clients
2025-03-24 14:39:09 - sqlalchemy.engine.Engine - INFO - [generated in 0.00096s] {}
2025-03-24 14:39:09 - sqlalchemy.engine.Engine - INFO - SELECT count(clients.id) AS count_1 
FROM clients 
WHERE clients.status = %(status_1)s
2025-03-24 14:39:09 - sqlalchemy.engine.Engine - INFO - [generated in 0.00107s] {'status_1': 'active'}
2025-03-24 14:39:09 - sqlalchemy.engine.Engine - INFO - SELECT count(technicians.id) AS count_1 
FROM technicians
2025-03-24 14:39:09 - sqlalchemy.engine.Engine - INFO - [generated in 0.00080s] {}
2025-03-24 14:39:09 - sqlalchemy.engine.Engine - INFO - SELECT count(technicians.id) AS count_1 
FROM technicians 
WHERE technicians.status = %(status_1)s
2025-03-24 14:39:09 - sqlalchemy.engine.Engine - INFO - [generated in 0.00093s] {'status_1': 'active'}
2025-03-24 14:39:09 - root - INFO - Request 5370a874-3a7c-42df-9d43-a5822e78bb7f completed: GET /api/dashboard/stats - Status: 200
2025-03-24 14:39:09 - sqlalchemy.engine.Engine - INFO - ROLLBACK
2025-03-24 14:39:09 - app.core.middleware - INFO - Request f5a34ac4-f8f5-426b-9b3f-256123ce994c completed: GET http://localhost:8000/api/dashboard/stats - Status: 200 - Time: 0.1055s
2025-03-24 14:39:09 - app.core.middleware - INFO - Request 1ac7bed3-7d7c-4446-84fc-ed0f6db482a0 started: GET http://localhost:8000/api/dashboard/stats
2025-03-24 14:39:09 - root - INFO - Request f2c52896-dd6c-4eaa-a606-db88f029b312 started: GET /api/dashboard/stats
2025-03-24 14:39:09 - root - INFO - Request f2c52896-dd6c-4eaa-a606-db88f029b312 origin: http://localhost:3000
2025-03-24 14:39:09 - root - INFO - Request f2c52896-dd6c-4eaa-a606-db88f029b312 referer: http://localhost:3000/
2025-03-24 14:39:09 - root - INFO - Request f2c52896-dd6c-4eaa-a606-db88f029b312 auth header present: True
2025-03-24 14:39:09 - root - INFO - Request f2c52896-dd6c-4eaa-a606-db88f029b312 auth header: Bearer eyJhbGci...
2025-03-24 14:39:09 - app.routers.dashboard - INFO - Getting dashboard stats (unauthenticated)
2025-03-24 14:39:09 - sqlalchemy.engine.Engine - INFO - BEGIN (implicit)
2025-03-24 14:39:09 - sqlalchemy.engine.Engine - INFO - SELECT count(work_orders.id) AS count_1 
FROM work_orders
2025-03-24 14:39:09 - sqlalchemy.engine.Engine - INFO - [cached since 0.05819s ago] {}
2025-03-24 14:39:09 - sqlalchemy.engine.Engine - INFO - SELECT count(work_orders.id) AS count_1 
FROM work_orders 
WHERE work_orders.status IN (%(status_1_1)s, %(status_1_2)s)
2025-03-24 14:39:09 - sqlalchemy.engine.Engine - INFO - [cached since 0.05534s ago] {'status_1_1': 'pending', 'status_1_2': 'scheduled'}
2025-03-24 14:39:09 - sqlalchemy.engine.Engine - INFO - SELECT count(work_orders.id) AS count_1 
FROM work_orders 
WHERE work_orders.status = %(status_1)s
2025-03-24 14:39:09 - sqlalchemy.engine.Engine - INFO - [cached since 0.05398s ago] {'status_1': 'completed'}
2025-03-24 14:39:09 - sqlalchemy.engine.Engine - INFO - SELECT count(work_orders.id) AS count_1 
FROM work_orders 
WHERE work_orders.created_at >= %(created_at_1)s AND work_orders.created_at <= %(created_at_2)s
2025-03-24 14:39:09 - sqlalchemy.engine.Engine - INFO - [cached since 0.05395s ago] {'created_at_1': datetime.date(2025, 3, 1), 'created_at_2': datetime.date(2025, 3, 31)}
2025-03-24 14:39:09 - sqlalchemy.engine.Engine - INFO - SELECT count(work_orders.id) AS count_1 
FROM work_orders 
WHERE work_orders.created_at >= %(created_at_1)s AND work_orders.created_at < %(created_at_2)s
2025-03-24 14:39:09 - sqlalchemy.engine.Engine - INFO - [cached since 0.05387s ago] {'created_at_1': datetime.date(2025, 2, 1), 'created_at_2': datetime.date(2025, 3, 1)}
2025-03-24 14:39:09 - sqlalchemy.engine.Engine - INFO - SELECT sum(payments.amount) AS sum_1 
FROM payments 
WHERE payments.status = %(status_1)s AND payments.payment_date >= %(payment_date_1)s AND payments.payment_date <= %(payment_date_2)s
2025-03-24 14:39:09 - sqlalchemy.engine.Engine - INFO - [cached since 0.05225s ago] {'status_1': 'success', 'payment_date_1': datetime.date(2025, 3, 1), 'payment_date_2': datetime.date(2025, 3, 31)}
2025-03-24 14:39:09 - sqlalchemy.engine.Engine - INFO - SELECT sum(payments.amount) AS sum_1 
FROM payments 
WHERE payments.status = %(status_1)s AND payments.payment_date >= %(payment_date_1)s AND payments.payment_date < %(payment_date_2)s
2025-03-24 14:39:09 - sqlalchemy.engine.Engine - INFO - [cached since 0.04983s ago] {'status_1': 'success', 'payment_date_1': datetime.date(2025, 2, 1), 'payment_date_2': datetime.date(2025, 3, 1)}
2025-03-24 14:39:09 - sqlalchemy.engine.Engine - INFO - SELECT SUM(total) FROM invoices WHERE status IN ('sent', 'overdue')
2025-03-24 14:39:09 - sqlalchemy.engine.Engine - INFO - [cached since 0.04872s ago] {}
2025-03-24 14:39:09 - sqlalchemy.engine.Engine - INFO - SELECT count(invoices.id) AS count_1 
FROM invoices 
WHERE invoices.status = %(status_1)s
2025-03-24 14:39:09 - sqlalchemy.engine.Engine - INFO - [cached since 0.04667s ago] {'status_1': 'overdue'}
2025-03-24 14:39:09 - sqlalchemy.engine.Engine - INFO - SELECT count(clients.id) AS count_1 
FROM clients
2025-03-24 14:39:09 - sqlalchemy.engine.Engine - INFO - [cached since 0.04575s ago] {}
2025-03-24 14:39:09 - sqlalchemy.engine.Engine - INFO - SELECT count(clients.id) AS count_1 
FROM clients 
WHERE clients.status = %(status_1)s
2025-03-24 14:39:09 - sqlalchemy.engine.Engine - INFO - [cached since 0.04484s ago] {'status_1': 'active'}
2025-03-24 14:39:09 - sqlalchemy.engine.Engine - INFO - SELECT count(technicians.id) AS count_1 
FROM technicians
2025-03-24 14:39:09 - sqlalchemy.engine.Engine - INFO - [cached since 0.04399s ago] {}
2025-03-24 14:39:09 - sqlalchemy.engine.Engine - INFO - SELECT count(technicians.id) AS count_1 
FROM technicians 
WHERE technicians.status = %(status_1)s
2025-03-24 14:39:09 - sqlalchemy.engine.Engine - INFO - [cached since 0.04452s ago] {'status_1': 'active'}
2025-03-24 14:39:09 - root - INFO - Request f2c52896-dd6c-4eaa-a606-db88f029b312 completed: GET /api/dashboard/stats - Status: 200
2025-03-24 14:39:09 - sqlalchemy.engine.Engine - INFO - ROLLBACK
2025-03-24 14:39:09 - app.core.middleware - INFO - Request 1ac7bed3-7d7c-4446-84fc-ed0f6db482a0 completed: GET http://localhost:8000/api/dashboard/stats - Status: 200 - Time: 0.0400s
2025-03-24 14:39:09 - app.core.middleware - INFO - Request fa773871-af12-4e60-a904-a16be891011a started: GET http://localhost:8000/api/dashboard/stats
2025-03-24 14:39:09 - root - INFO - Request 2840f204-2a37-4d98-80af-ac330fccacda started: GET /api/dashboard/stats
2025-03-24 14:39:09 - root - INFO - Request 2840f204-2a37-4d98-80af-ac330fccacda origin: http://localhost:3000
2025-03-24 14:39:09 - root - INFO - Request 2840f204-2a37-4d98-80af-ac330fccacda referer: http://localhost:3000/
2025-03-24 14:39:09 - root - INFO - Request 2840f204-2a37-4d98-80af-ac330fccacda auth header present: True
2025-03-24 14:39:09 - root - INFO - Request 2840f204-2a37-4d98-80af-ac330fccacda auth header: Bearer eyJhbGci...
2025-03-24 14:39:09 - app.routers.dashboard - INFO - Getting dashboard stats (unauthenticated)
2025-03-24 14:39:09 - sqlalchemy.engine.Engine - INFO - BEGIN (implicit)
2025-03-24 14:39:09 - sqlalchemy.engine.Engine - INFO - SELECT count(work_orders.id) AS count_1 
FROM work_orders
2025-03-24 14:39:09 - sqlalchemy.engine.Engine - INFO - [cached since 0.1031s ago] {}
2025-03-24 14:39:09 - sqlalchemy.engine.Engine - INFO - SELECT count(work_orders.id) AS count_1 
FROM work_orders 
WHERE work_orders.status IN (%(status_1_1)s, %(status_1_2)s)
2025-03-24 14:39:09 - sqlalchemy.engine.Engine - INFO - [cached since 0.1002s ago] {'status_1_1': 'pending', 'status_1_2': 'scheduled'}
2025-03-24 14:39:09 - sqlalchemy.engine.Engine - INFO - SELECT count(work_orders.id) AS count_1 
FROM work_orders 
WHERE work_orders.status = %(status_1)s
2025-03-24 14:39:09 - sqlalchemy.engine.Engine - INFO - [cached since 0.09863s ago] {'status_1': 'completed'}
2025-03-24 14:39:09 - sqlalchemy.engine.Engine - INFO - SELECT count(work_orders.id) AS count_1 
FROM work_orders 
WHERE work_orders.created_at >= %(created_at_1)s AND work_orders.created_at <= %(created_at_2)s
2025-03-24 14:39:09 - sqlalchemy.engine.Engine - INFO - [cached since 0.09845s ago] {'created_at_1': datetime.date(2025, 3, 1), 'created_at_2': datetime.date(2025, 3, 31)}
2025-03-24 14:39:09 - sqlalchemy.engine.Engine - INFO - SELECT count(work_orders.id) AS count_1 
FROM work_orders 
WHERE work_orders.created_at >= %(created_at_1)s AND work_orders.created_at < %(created_at_2)s
2025-03-24 14:39:09 - sqlalchemy.engine.Engine - INFO - [cached since 0.09815s ago] {'created_at_1': datetime.date(2025, 2, 1), 'created_at_2': datetime.date(2025, 3, 1)}
2025-03-24 14:39:09 - sqlalchemy.engine.Engine - INFO - SELECT sum(payments.amount) AS sum_1 
FROM payments 
WHERE payments.status = %(status_1)s AND payments.payment_date >= %(payment_date_1)s AND payments.payment_date <= %(payment_date_2)s
2025-03-24 14:39:09 - sqlalchemy.engine.Engine - INFO - [cached since 0.09642s ago] {'status_1': 'success', 'payment_date_1': datetime.date(2025, 3, 1), 'payment_date_2': datetime.date(2025, 3, 31)}
2025-03-24 14:39:09 - sqlalchemy.engine.Engine - INFO - SELECT sum(payments.amount) AS sum_1 
FROM payments 
WHERE payments.status = %(status_1)s AND payments.payment_date >= %(payment_date_1)s AND payments.payment_date < %(payment_date_2)s
2025-03-24 14:39:09 - sqlalchemy.engine.Engine - INFO - [cached since 0.09417s ago] {'status_1': 'success', 'payment_date_1': datetime.date(2025, 2, 1), 'payment_date_2': datetime.date(2025, 3, 1)}
2025-03-24 14:39:09 - sqlalchemy.engine.Engine - INFO - SELECT SUM(total) FROM invoices WHERE status IN ('sent', 'overdue')
2025-03-24 14:39:09 - sqlalchemy.engine.Engine - INFO - [cached since 0.0931s ago] {}
2025-03-24 14:39:09 - sqlalchemy.engine.Engine - INFO - SELECT count(invoices.id) AS count_1 
FROM invoices 
WHERE invoices.status = %(status_1)s
2025-03-24 14:39:09 - sqlalchemy.engine.Engine - INFO - [cached since 0.09116s ago] {'status_1': 'overdue'}
2025-03-24 14:39:09 - sqlalchemy.engine.Engine - INFO - SELECT count(clients.id) AS count_1 
FROM clients
2025-03-24 14:39:09 - sqlalchemy.engine.Engine - INFO - [cached since 0.09008s ago] {}
2025-03-24 14:39:09 - sqlalchemy.engine.Engine - INFO - SELECT count(clients.id) AS count_1 
FROM clients 
WHERE clients.status = %(status_1)s
2025-03-24 14:39:09 - sqlalchemy.engine.Engine - INFO - [cached since 0.08911s ago] {'status_1': 'active'}
2025-03-24 14:39:09 - sqlalchemy.engine.Engine - INFO - SELECT count(technicians.id) AS count_1 
FROM technicians
2025-03-24 14:39:09 - sqlalchemy.engine.Engine - INFO - [cached since 0.08858s ago] {}
2025-03-24 14:39:09 - sqlalchemy.engine.Engine - INFO - SELECT count(technicians.id) AS count_1 
FROM technicians 
WHERE technicians.status = %(status_1)s
2025-03-24 14:39:09 - sqlalchemy.engine.Engine - INFO - [cached since 0.08862s ago] {'status_1': 'active'}
2025-03-24 14:39:09 - root - INFO - Request 2840f204-2a37-4d98-80af-ac330fccacda completed: GET /api/dashboard/stats - Status: 200
2025-03-24 14:39:09 - sqlalchemy.engine.Engine - INFO - ROLLBACK
2025-03-24 14:39:09 - app.core.middleware - INFO - Request fa773871-af12-4e60-a904-a16be891011a completed: GET http://localhost:8000/api/dashboard/stats - Status: 200 - Time: 0.0385s
2025-03-24 14:39:10 - app.core.middleware - INFO - Request bef99f3b-8d6c-4dad-951d-136ebd30972a started: GET http://localhost:8000/api/work-orders?page=1&limit=10
2025-03-24 14:39:10 - root - INFO - Request 1ebccc46-529e-479c-8b80-f5a32407b5b0 started: GET /api/work-orders
2025-03-24 14:39:10 - root - INFO - Request 1ebccc46-529e-479c-8b80-f5a32407b5b0 origin: http://localhost:3000
2025-03-24 14:39:10 - root - INFO - Request 1ebccc46-529e-479c-8b80-f5a32407b5b0 referer: http://localhost:3000/
2025-03-24 14:39:10 - root - INFO - Request 1ebccc46-529e-479c-8b80-f5a32407b5b0 auth header present: False
2025-03-24 14:39:10 - root - INFO - Request 1ebccc46-529e-479c-8b80-f5a32407b5b0 completed: GET /api/work-orders - Status: 422
2025-03-24 14:39:10 - app.core.middleware - INFO - Request bef99f3b-8d6c-4dad-951d-136ebd30972a completed: GET http://localhost:8000/api/work-orders?page=1&limit=10 - Status: 422 - Time: 0.0060s
2025-03-24 14:39:11 - app.core.middleware - INFO - Request b0d57191-ac35-4b66-bcce-c80427b9f7b8 started: GET http://localhost:8000/api/work-orders?page=1&limit=10
2025-03-24 14:39:11 - root - INFO - Request 41e3dce4-7085-426a-832d-7dab9976628c started: GET /api/work-orders
2025-03-24 14:39:11 - root - INFO - Request 41e3dce4-7085-426a-832d-7dab9976628c origin: http://localhost:3000
2025-03-24 14:39:11 - root - INFO - Request 41e3dce4-7085-426a-832d-7dab9976628c referer: http://localhost:3000/
2025-03-24 14:39:11 - root - INFO - Request 41e3dce4-7085-426a-832d-7dab9976628c auth header present: False
2025-03-24 14:39:11 - root - INFO - Request 41e3dce4-7085-426a-832d-7dab9976628c completed: GET /api/work-orders - Status: 422
2025-03-24 14:39:11 - app.core.middleware - INFO - Request b0d57191-ac35-4b66-bcce-c80427b9f7b8 completed: GET http://localhost:8000/api/work-orders?page=1&limit=10 - Status: 422 - Time: 0.0060s
2025-03-24 14:39:28 - app.core.middleware - INFO - Request c0635286-1c73-4dfd-856a-3492c46cf43a started: GET http://localhost:8000/api/dashboard/stats
2025-03-24 14:39:28 - root - INFO - Request c272cb26-f820-484c-8655-44c135cee9e5 started: GET /api/dashboard/stats
2025-03-24 14:39:28 - root - INFO - Request c272cb26-f820-484c-8655-44c135cee9e5 origin: http://localhost:3000
2025-03-24 14:39:28 - root - INFO - Request c272cb26-f820-484c-8655-44c135cee9e5 referer: http://localhost:3000/
2025-03-24 14:39:28 - root - INFO - Request c272cb26-f820-484c-8655-44c135cee9e5 auth header present: True
2025-03-24 14:39:28 - root - INFO - Request c272cb26-f820-484c-8655-44c135cee9e5 auth header: Bearer eyJhbGci...
2025-03-24 14:39:28 - app.routers.dashboard - INFO - Getting dashboard stats (unauthenticated)
2025-03-24 14:39:28 - sqlalchemy.engine.Engine - INFO - BEGIN (implicit)
2025-03-24 14:39:28 - sqlalchemy.engine.Engine - INFO - SELECT count(work_orders.id) AS count_1 
FROM work_orders
2025-03-24 14:39:28 - sqlalchemy.engine.Engine - INFO - [cached since 19.47s ago] {}
2025-03-24 14:39:28 - sqlalchemy.engine.Engine - INFO - SELECT count(work_orders.id) AS count_1 
FROM work_orders 
WHERE work_orders.status IN (%(status_1_1)s, %(status_1_2)s)
2025-03-24 14:39:28 - sqlalchemy.engine.Engine - INFO - [cached since 19.47s ago] {'status_1_1': 'pending', 'status_1_2': 'scheduled'}
2025-03-24 14:39:28 - sqlalchemy.engine.Engine - INFO - SELECT count(work_orders.id) AS count_1 
FROM work_orders 
WHERE work_orders.status = %(status_1)s
2025-03-24 14:39:28 - sqlalchemy.engine.Engine - INFO - [cached since 19.47s ago] {'status_1': 'completed'}
2025-03-24 14:39:28 - sqlalchemy.engine.Engine - INFO - SELECT count(work_orders.id) AS count_1 
FROM work_orders 
WHERE work_orders.created_at >= %(created_at_1)s AND work_orders.created_at <= %(created_at_2)s
2025-03-24 14:39:28 - sqlalchemy.engine.Engine - INFO - [cached since 19.47s ago] {'created_at_1': datetime.date(2025, 3, 1), 'created_at_2': datetime.date(2025, 3, 31)}
2025-03-24 14:39:28 - sqlalchemy.engine.Engine - INFO - SELECT count(work_orders.id) AS count_1 
FROM work_orders 
WHERE work_orders.created_at >= %(created_at_1)s AND work_orders.created_at < %(created_at_2)s
2025-03-24 14:39:28 - sqlalchemy.engine.Engine - INFO - [cached since 19.47s ago] {'created_at_1': datetime.date(2025, 2, 1), 'created_at_2': datetime.date(2025, 3, 1)}
2025-03-24 14:39:28 - sqlalchemy.engine.Engine - INFO - SELECT sum(payments.amount) AS sum_1 
FROM payments 
WHERE payments.status = %(status_1)s AND payments.payment_date >= %(payment_date_1)s AND payments.payment_date <= %(payment_date_2)s
2025-03-24 14:39:28 - sqlalchemy.engine.Engine - INFO - [cached since 19.47s ago] {'status_1': 'success', 'payment_date_1': datetime.date(2025, 3, 1), 'payment_date_2': datetime.date(2025, 3, 31)}
2025-03-24 14:39:28 - sqlalchemy.engine.Engine - INFO - SELECT sum(payments.amount) AS sum_1 
FROM payments 
WHERE payments.status = %(status_1)s AND payments.payment_date >= %(payment_date_1)s AND payments.payment_date < %(payment_date_2)s
2025-03-24 14:39:28 - sqlalchemy.engine.Engine - INFO - [cached since 19.46s ago] {'status_1': 'success', 'payment_date_1': datetime.date(2025, 2, 1), 'payment_date_2': datetime.date(2025, 3, 1)}
2025-03-24 14:39:28 - sqlalchemy.engine.Engine - INFO - SELECT SUM(total) FROM invoices WHERE status IN ('sent', 'overdue')
2025-03-24 14:39:28 - sqlalchemy.engine.Engine - INFO - [cached since 19.46s ago] {}
2025-03-24 14:39:28 - sqlalchemy.engine.Engine - INFO - SELECT count(invoices.id) AS count_1 
FROM invoices 
WHERE invoices.status = %(status_1)s
2025-03-24 14:39:28 - sqlalchemy.engine.Engine - INFO - [cached since 19.46s ago] {'status_1': 'overdue'}
2025-03-24 14:39:28 - sqlalchemy.engine.Engine - INFO - SELECT count(clients.id) AS count_1 
FROM clients
2025-03-24 14:39:28 - sqlalchemy.engine.Engine - INFO - [cached since 19.46s ago] {}
2025-03-24 14:39:28 - sqlalchemy.engine.Engine - INFO - SELECT count(clients.id) AS count_1 
FROM clients 
WHERE clients.status = %(status_1)s
2025-03-24 14:39:28 - sqlalchemy.engine.Engine - INFO - [cached since 19.46s ago] {'status_1': 'active'}
2025-03-24 14:39:28 - sqlalchemy.engine.Engine - INFO - SELECT count(technicians.id) AS count_1 
FROM technicians
2025-03-24 14:39:28 - sqlalchemy.engine.Engine - INFO - [cached since 19.46s ago] {}
2025-03-24 14:39:28 - sqlalchemy.engine.Engine - INFO - SELECT count(technicians.id) AS count_1 
FROM technicians 
WHERE technicians.status = %(status_1)s
2025-03-24 14:39:28 - sqlalchemy.engine.Engine - INFO - [cached since 19.46s ago] {'status_1': 'active'}
2025-03-24 14:39:28 - root - INFO - Request c272cb26-f820-484c-8655-44c135cee9e5 completed: GET /api/dashboard/stats - Status: 200
2025-03-24 14:39:28 - sqlalchemy.engine.Engine - INFO - ROLLBACK
2025-03-24 14:39:28 - app.core.middleware - INFO - Request c0635286-1c73-4dfd-856a-3492c46cf43a completed: GET http://localhost:8000/api/dashboard/stats - Status: 200 - Time: 0.0365s
2025-03-24 14:39:28 - app.core.middleware - INFO - Request 8accf5a1-b773-4900-a7c0-de0a31572bf5 started: GET http://localhost:8000/api/dashboard/stats
2025-03-24 14:39:28 - root - INFO - Request 73a80540-47cf-4391-b5d8-22c1888d97d2 started: GET /api/dashboard/stats
2025-03-24 14:39:28 - root - INFO - Request 73a80540-47cf-4391-b5d8-22c1888d97d2 origin: http://localhost:3000
2025-03-24 14:39:28 - root - INFO - Request 73a80540-47cf-4391-b5d8-22c1888d97d2 referer: http://localhost:3000/
2025-03-24 14:39:28 - root - INFO - Request 73a80540-47cf-4391-b5d8-22c1888d97d2 auth header present: True
2025-03-24 14:39:28 - root - INFO - Request 73a80540-47cf-4391-b5d8-22c1888d97d2 auth header: Bearer eyJhbGci...
2025-03-24 14:39:28 - app.routers.dashboard - INFO - Getting dashboard stats (unauthenticated)
2025-03-24 14:39:28 - sqlalchemy.engine.Engine - INFO - BEGIN (implicit)
2025-03-24 14:39:28 - sqlalchemy.engine.Engine - INFO - SELECT count(work_orders.id) AS count_1 
FROM work_orders
2025-03-24 14:39:28 - sqlalchemy.engine.Engine - INFO - [cached since 19.51s ago] {}
2025-03-24 14:39:28 - sqlalchemy.engine.Engine - INFO - SELECT count(work_orders.id) AS count_1 
FROM work_orders 
WHERE work_orders.status IN (%(status_1_1)s, %(status_1_2)s)
2025-03-24 14:39:28 - sqlalchemy.engine.Engine - INFO - [cached since 19.51s ago] {'status_1_1': 'pending', 'status_1_2': 'scheduled'}
2025-03-24 14:39:28 - sqlalchemy.engine.Engine - INFO - SELECT count(work_orders.id) AS count_1 
FROM work_orders 
WHERE work_orders.status = %(status_1)s
2025-03-24 14:39:28 - sqlalchemy.engine.Engine - INFO - [cached since 19.5s ago] {'status_1': 'completed'}
2025-03-24 14:39:28 - sqlalchemy.engine.Engine - INFO - SELECT count(work_orders.id) AS count_1 
FROM work_orders 
WHERE work_orders.created_at >= %(created_at_1)s AND work_orders.created_at <= %(created_at_2)s
2025-03-24 14:39:28 - sqlalchemy.engine.Engine - INFO - [cached since 19.5s ago] {'created_at_1': datetime.date(2025, 3, 1), 'created_at_2': datetime.date(2025, 3, 31)}
2025-03-24 14:39:28 - sqlalchemy.engine.Engine - INFO - SELECT count(work_orders.id) AS count_1 
FROM work_orders 
WHERE work_orders.created_at >= %(created_at_1)s AND work_orders.created_at < %(created_at_2)s
2025-03-24 14:39:28 - sqlalchemy.engine.Engine - INFO - [cached since 19.5s ago] {'created_at_1': datetime.date(2025, 2, 1), 'created_at_2': datetime.date(2025, 3, 1)}
2025-03-24 14:39:28 - sqlalchemy.engine.Engine - INFO - SELECT sum(payments.amount) AS sum_1 
FROM payments 
WHERE payments.status = %(status_1)s AND payments.payment_date >= %(payment_date_1)s AND payments.payment_date <= %(payment_date_2)s
2025-03-24 14:39:28 - sqlalchemy.engine.Engine - INFO - [cached since 19.5s ago] {'status_1': 'success', 'payment_date_1': datetime.date(2025, 3, 1), 'payment_date_2': datetime.date(2025, 3, 31)}
2025-03-24 14:39:28 - sqlalchemy.engine.Engine - INFO - SELECT sum(payments.amount) AS sum_1 
FROM payments 
WHERE payments.status = %(status_1)s AND payments.payment_date >= %(payment_date_1)s AND payments.payment_date < %(payment_date_2)s
2025-03-24 14:39:28 - sqlalchemy.engine.Engine - INFO - [cached since 19.5s ago] {'status_1': 'success', 'payment_date_1': datetime.date(2025, 2, 1), 'payment_date_2': datetime.date(2025, 3, 1)}
2025-03-24 14:39:28 - sqlalchemy.engine.Engine - INFO - SELECT SUM(total) FROM invoices WHERE status IN ('sent', 'overdue')
2025-03-24 14:39:28 - sqlalchemy.engine.Engine - INFO - [cached since 19.5s ago] {}
2025-03-24 14:39:28 - sqlalchemy.engine.Engine - INFO - SELECT count(invoices.id) AS count_1 
FROM invoices 
WHERE invoices.status = %(status_1)s
2025-03-24 14:39:28 - sqlalchemy.engine.Engine - INFO - [cached since 19.5s ago] {'status_1': 'overdue'}
2025-03-24 14:39:28 - sqlalchemy.engine.Engine - INFO - SELECT count(clients.id) AS count_1 
FROM clients
2025-03-24 14:39:28 - sqlalchemy.engine.Engine - INFO - [cached since 19.5s ago] {}
2025-03-24 14:39:28 - sqlalchemy.engine.Engine - INFO - SELECT count(clients.id) AS count_1 
FROM clients 
WHERE clients.status = %(status_1)s
2025-03-24 14:39:28 - sqlalchemy.engine.Engine - INFO - [cached since 19.49s ago] {'status_1': 'active'}
2025-03-24 14:39:28 - sqlalchemy.engine.Engine - INFO - SELECT count(technicians.id) AS count_1 
FROM technicians
2025-03-24 14:39:28 - sqlalchemy.engine.Engine - INFO - [cached since 19.49s ago] {}
2025-03-24 14:39:28 - sqlalchemy.engine.Engine - INFO - SELECT count(technicians.id) AS count_1 
FROM technicians 
WHERE technicians.status = %(status_1)s
2025-03-24 14:39:28 - sqlalchemy.engine.Engine - INFO - [cached since 19.49s ago] {'status_1': 'active'}
2025-03-24 14:39:28 - root - INFO - Request 73a80540-47cf-4391-b5d8-22c1888d97d2 completed: GET /api/dashboard/stats - Status: 200
2025-03-24 14:39:28 - sqlalchemy.engine.Engine - INFO - ROLLBACK
2025-03-24 14:39:28 - app.core.middleware - INFO - Request 8accf5a1-b773-4900-a7c0-de0a31572bf5 completed: GET http://localhost:8000/api/dashboard/stats - Status: 200 - Time: 0.0340s
2025-03-24 14:46:09 - root - INFO - Redis client initialized successfully
2025-03-24 14:46:09 - root - INFO - Auth0 configuration loaded - Domain: dev-fqp1z1l3km7uj2gq.us.auth0.com, Audience: https://idimsapi
2025-03-24 14:46:30 - root - INFO - Redis client initialized successfully
2025-03-24 14:46:30 - root - INFO - Auth0 configuration loaded - Domain: dev-fqp1z1l3km7uj2gq.us.auth0.com, Audience: https://idimsapi
2025-03-24 14:46:39 - root - INFO - Redis client initialized successfully
2025-03-24 14:46:39 - root - INFO - Auth0 configuration loaded - Domain: dev-fqp1z1l3km7uj2gq.us.auth0.com, Audience: https://idimsapi
2025-03-24 14:46:51 - root - INFO - Redis client initialized successfully
2025-03-24 14:46:51 - root - INFO - Auth0 configuration loaded - Domain: dev-fqp1z1l3km7uj2gq.us.auth0.com, Audience: https://idimsapi
2025-03-24 14:47:30 - root - INFO - Redis client initialized successfully
2025-03-24 14:47:30 - root - INFO - Auth0 configuration loaded - Domain: dev-fqp1z1l3km7uj2gq.us.auth0.com, Audience: https://idimsapi
2025-03-24 14:47:36 - root - INFO - Redis client initialized successfully
2025-03-24 14:47:36 - root - INFO - Auth0 configuration loaded - Domain: dev-fqp1z1l3km7uj2gq.us.auth0.com, Audience: https://idimsapi
2025-03-24 14:47:37 - app.core.middleware - INFO - Request 8f635ec5-1987-4ff0-b822-21050e419fa2 started: GET http://localhost:8000/api/dashboard/stats
2025-03-24 14:47:37 - root - INFO - Request 182e1653-c2e2-4e83-b68f-b8ba94fd8242 started: GET /api/dashboard/stats
2025-03-24 14:47:37 - root - INFO - Request 182e1653-c2e2-4e83-b68f-b8ba94fd8242 origin: http://localhost:3000
2025-03-24 14:47:37 - root - INFO - Request 182e1653-c2e2-4e83-b68f-b8ba94fd8242 referer: http://localhost:3000/
2025-03-24 14:47:37 - root - INFO - Request 182e1653-c2e2-4e83-b68f-b8ba94fd8242 auth header present: True
2025-03-24 14:47:37 - root - INFO - Request 182e1653-c2e2-4e83-b68f-b8ba94fd8242 auth header: Bearer eyJhbGci...
2025-03-24 14:47:37 - app.routers.dashboard - INFO - Getting dashboard stats (unauthenticated)
2025-03-24 14:47:37 - sqlalchemy.engine.Engine - INFO - BEGIN (implicit)
2025-03-24 14:47:37 - sqlalchemy.engine.Engine - INFO - SELECT count(work_orders.id) AS count_1 
FROM work_orders
2025-03-24 14:47:37 - sqlalchemy.engine.Engine - INFO - [generated in 0.00087s] {}
2025-03-24 14:47:37 - sqlalchemy.engine.Engine - INFO - SELECT count(work_orders.id) AS count_1 
FROM work_orders 
WHERE work_orders.status IN (%(status_1_1)s, %(status_1_2)s)
2025-03-24 14:47:37 - sqlalchemy.engine.Engine - INFO - [generated in 0.00093s] {'status_1_1': 'pending', 'status_1_2': 'scheduled'}
2025-03-24 14:47:37 - sqlalchemy.engine.Engine - INFO - SELECT count(work_orders.id) AS count_1 
FROM work_orders 
WHERE work_orders.status = %(status_1)s
2025-03-24 14:47:37 - sqlalchemy.engine.Engine - INFO - [generated in 0.00098s] {'status_1': 'completed'}
2025-03-24 14:47:37 - sqlalchemy.engine.Engine - INFO - SELECT count(work_orders.id) AS count_1 
FROM work_orders 
WHERE work_orders.created_at >= %(created_at_1)s AND work_orders.created_at <= %(created_at_2)s
2025-03-24 14:47:37 - sqlalchemy.engine.Engine - INFO - [generated in 0.00114s] {'created_at_1': datetime.date(2025, 3, 1), 'created_at_2': datetime.date(2025, 3, 31)}
2025-03-24 14:47:37 - sqlalchemy.engine.Engine - INFO - SELECT count(work_orders.id) AS count_1 
FROM work_orders 
WHERE work_orders.created_at >= %(created_at_1)s AND work_orders.created_at < %(created_at_2)s
2025-03-24 14:47:37 - sqlalchemy.engine.Engine - INFO - [generated in 0.00087s] {'created_at_1': datetime.date(2025, 2, 1), 'created_at_2': datetime.date(2025, 3, 1)}
2025-03-24 14:47:37 - sqlalchemy.engine.Engine - INFO - SELECT sum(payments.amount) AS sum_1 
FROM payments 
WHERE payments.status = %(status_1)s AND payments.payment_date >= %(payment_date_1)s AND payments.payment_date <= %(payment_date_2)s
2025-03-24 14:47:37 - sqlalchemy.engine.Engine - INFO - [generated in 0.00106s] {'status_1': 'success', 'payment_date_1': datetime.date(2025, 3, 1), 'payment_date_2': datetime.date(2025, 3, 31)}
2025-03-24 14:47:37 - sqlalchemy.engine.Engine - INFO - SELECT sum(payments.amount) AS sum_1 
FROM payments 
WHERE payments.status = %(status_1)s AND payments.payment_date >= %(payment_date_1)s AND payments.payment_date < %(payment_date_2)s
2025-03-24 14:47:37 - sqlalchemy.engine.Engine - INFO - [generated in 0.00092s] {'status_1': 'success', 'payment_date_1': datetime.date(2025, 2, 1), 'payment_date_2': datetime.date(2025, 3, 1)}
2025-03-24 14:47:37 - sqlalchemy.engine.Engine - INFO - SELECT SUM(total) FROM invoices WHERE status IN ('sent', 'overdue')
2025-03-24 14:47:37 - sqlalchemy.engine.Engine - INFO - [generated in 0.00085s] {}
2025-03-24 14:47:37 - sqlalchemy.engine.Engine - INFO - SELECT count(invoices.id) AS count_1 
FROM invoices 
WHERE invoices.status = %(status_1)s
2025-03-24 14:47:37 - sqlalchemy.engine.Engine - INFO - [generated in 0.00091s] {'status_1': 'overdue'}
2025-03-24 14:47:37 - sqlalchemy.engine.Engine - INFO - SELECT count(clients.id) AS count_1 
FROM clients
2025-03-24 14:47:37 - sqlalchemy.engine.Engine - INFO - [generated in 0.00086s] {}
2025-03-24 14:47:37 - sqlalchemy.engine.Engine - INFO - SELECT count(clients.id) AS count_1 
FROM clients 
WHERE clients.status = %(status_1)s
2025-03-24 14:47:37 - sqlalchemy.engine.Engine - INFO - [generated in 0.00126s] {'status_1': 'active'}
2025-03-24 14:47:37 - sqlalchemy.engine.Engine - INFO - SELECT count(technicians.id) AS count_1 
FROM technicians
2025-03-24 14:47:37 - sqlalchemy.engine.Engine - INFO - [generated in 0.00067s] {}
2025-03-24 14:47:37 - sqlalchemy.engine.Engine - INFO - SELECT count(technicians.id) AS count_1 
FROM technicians 
WHERE technicians.status = %(status_1)s
2025-03-24 14:47:37 - sqlalchemy.engine.Engine - INFO - [generated in 0.00107s] {'status_1': 'active'}
2025-03-24 14:47:37 - root - INFO - Request 182e1653-c2e2-4e83-b68f-b8ba94fd8242 completed: GET /api/dashboard/stats - Status: 200
2025-03-24 14:47:37 - sqlalchemy.engine.Engine - INFO - ROLLBACK
2025-03-24 14:47:37 - app.core.middleware - INFO - Request 8f635ec5-1987-4ff0-b822-21050e419fa2 completed: GET http://localhost:8000/api/dashboard/stats - Status: 200 - Time: 0.0930s
2025-03-24 14:47:37 - app.core.middleware - INFO - Request 891fe385-56ab-480b-8f55-6db381330394 started: GET http://localhost:8000/api/dashboard/stats
2025-03-24 14:47:37 - root - INFO - Request dc7fe858-67a9-47fe-a9c0-0a66f0df6661 started: GET /api/dashboard/stats
2025-03-24 14:47:37 - root - INFO - Request dc7fe858-67a9-47fe-a9c0-0a66f0df6661 origin: http://localhost:3000
2025-03-24 14:47:37 - root - INFO - Request dc7fe858-67a9-47fe-a9c0-0a66f0df6661 referer: http://localhost:3000/
2025-03-24 14:47:37 - root - INFO - Request dc7fe858-67a9-47fe-a9c0-0a66f0df6661 auth header present: True
2025-03-24 14:47:37 - root - INFO - Request dc7fe858-67a9-47fe-a9c0-0a66f0df6661 auth header: Bearer eyJhbGci...
2025-03-24 14:47:37 - app.routers.dashboard - INFO - Getting dashboard stats (unauthenticated)
2025-03-24 14:47:37 - sqlalchemy.engine.Engine - INFO - BEGIN (implicit)
2025-03-24 14:47:37 - sqlalchemy.engine.Engine - INFO - SELECT count(work_orders.id) AS count_1 
FROM work_orders
2025-03-24 14:47:37 - sqlalchemy.engine.Engine - INFO - [cached since 0.04842s ago] {}
2025-03-24 14:47:37 - sqlalchemy.engine.Engine - INFO - SELECT count(work_orders.id) AS count_1 
FROM work_orders 
WHERE work_orders.status IN (%(status_1_1)s, %(status_1_2)s)
2025-03-24 14:47:37 - sqlalchemy.engine.Engine - INFO - [cached since 0.04626s ago] {'status_1_1': 'pending', 'status_1_2': 'scheduled'}
2025-03-24 14:47:37 - sqlalchemy.engine.Engine - INFO - SELECT count(work_orders.id) AS count_1 
FROM work_orders 
WHERE work_orders.status = %(status_1)s
2025-03-24 14:47:37 - sqlalchemy.engine.Engine - INFO - [cached since 0.04582s ago] {'status_1': 'completed'}
2025-03-24 14:47:37 - sqlalchemy.engine.Engine - INFO - SELECT count(work_orders.id) AS count_1 
FROM work_orders 
WHERE work_orders.created_at >= %(created_at_1)s AND work_orders.created_at <= %(created_at_2)s
2025-03-24 14:47:37 - sqlalchemy.engine.Engine - INFO - [cached since 0.04537s ago] {'created_at_1': datetime.date(2025, 3, 1), 'created_at_2': datetime.date(2025, 3, 31)}
2025-03-24 14:47:37 - sqlalchemy.engine.Engine - INFO - SELECT count(work_orders.id) AS count_1 
FROM work_orders 
WHERE work_orders.created_at >= %(created_at_1)s AND work_orders.created_at < %(created_at_2)s
2025-03-24 14:47:37 - sqlalchemy.engine.Engine - INFO - [cached since 0.04508s ago] {'created_at_1': datetime.date(2025, 2, 1), 'created_at_2': datetime.date(2025, 3, 1)}
2025-03-24 14:47:37 - sqlalchemy.engine.Engine - INFO - SELECT sum(payments.amount) AS sum_1 
FROM payments 
WHERE payments.status = %(status_1)s AND payments.payment_date >= %(payment_date_1)s AND payments.payment_date <= %(payment_date_2)s
2025-03-24 14:47:37 - sqlalchemy.engine.Engine - INFO - [cached since 0.04482s ago] {'status_1': 'success', 'payment_date_1': datetime.date(2025, 3, 1), 'payment_date_2': datetime.date(2025, 3, 31)}
2025-03-24 14:47:37 - sqlalchemy.engine.Engine - INFO - SELECT sum(payments.amount) AS sum_1 
FROM payments 
WHERE payments.status = %(status_1)s AND payments.payment_date >= %(payment_date_1)s AND payments.payment_date < %(payment_date_2)s
2025-03-24 14:47:37 - sqlalchemy.engine.Engine - INFO - [cached since 0.04322s ago] {'status_1': 'success', 'payment_date_1': datetime.date(2025, 2, 1), 'payment_date_2': datetime.date(2025, 3, 1)}
2025-03-24 14:47:37 - sqlalchemy.engine.Engine - INFO - SELECT SUM(total) FROM invoices WHERE status IN ('sent', 'overdue')
2025-03-24 14:47:37 - sqlalchemy.engine.Engine - INFO - [cached since 0.04246s ago] {}
2025-03-24 14:47:37 - sqlalchemy.engine.Engine - INFO - SELECT count(invoices.id) AS count_1 
FROM invoices 
WHERE invoices.status = %(status_1)s
2025-03-24 14:47:37 - sqlalchemy.engine.Engine - INFO - [cached since 0.04049s ago] {'status_1': 'overdue'}
2025-03-24 14:47:37 - sqlalchemy.engine.Engine - INFO - SELECT count(clients.id) AS count_1 
FROM clients
2025-03-24 14:47:37 - sqlalchemy.engine.Engine - INFO - [cached since 0.03966s ago] {}
2025-03-24 14:47:37 - sqlalchemy.engine.Engine - INFO - SELECT count(clients.id) AS count_1 
FROM clients 
WHERE clients.status = %(status_1)s
2025-03-24 14:47:37 - sqlalchemy.engine.Engine - INFO - [cached since 0.03848s ago] {'status_1': 'active'}
2025-03-24 14:47:37 - sqlalchemy.engine.Engine - INFO - SELECT count(technicians.id) AS count_1 
FROM technicians
2025-03-24 14:47:37 - sqlalchemy.engine.Engine - INFO - [cached since 0.03738s ago] {}
2025-03-24 14:47:37 - sqlalchemy.engine.Engine - INFO - SELECT count(technicians.id) AS count_1 
FROM technicians 
WHERE technicians.status = %(status_1)s
2025-03-24 14:47:37 - sqlalchemy.engine.Engine - INFO - [cached since 0.03674s ago] {'status_1': 'active'}
2025-03-24 14:47:37 - root - INFO - Request dc7fe858-67a9-47fe-a9c0-0a66f0df6661 completed: GET /api/dashboard/stats - Status: 200
2025-03-24 14:47:37 - sqlalchemy.engine.Engine - INFO - ROLLBACK
2025-03-24 14:47:37 - app.core.middleware - INFO - Request 891fe385-56ab-480b-8f55-6db381330394 completed: GET http://localhost:8000/api/dashboard/stats - Status: 200 - Time: 0.0320s
2025-03-24 14:47:37 - app.core.middleware - INFO - Request 4b29e432-224d-4ae2-80d0-be9697cf5b62 started: GET http://localhost:8000/api/dashboard/stats
2025-03-24 14:47:37 - root - INFO - Request b17770f3-08fd-4e6a-9131-20fbf8fe3aa8 started: GET /api/dashboard/stats
2025-03-24 14:47:37 - root - INFO - Request b17770f3-08fd-4e6a-9131-20fbf8fe3aa8 origin: http://localhost:3000
2025-03-24 14:47:37 - root - INFO - Request b17770f3-08fd-4e6a-9131-20fbf8fe3aa8 referer: http://localhost:3000/
2025-03-24 14:47:37 - root - INFO - Request b17770f3-08fd-4e6a-9131-20fbf8fe3aa8 auth header present: True
2025-03-24 14:47:37 - root - INFO - Request b17770f3-08fd-4e6a-9131-20fbf8fe3aa8 auth header: Bearer eyJhbGci...
2025-03-24 14:47:37 - app.routers.dashboard - INFO - Getting dashboard stats (unauthenticated)
2025-03-24 14:47:37 - sqlalchemy.engine.Engine - INFO - BEGIN (implicit)
2025-03-24 14:47:37 - sqlalchemy.engine.Engine - INFO - SELECT count(work_orders.id) AS count_1 
FROM work_orders
2025-03-24 14:47:37 - sqlalchemy.engine.Engine - INFO - [cached since 0.0819s ago] {}
2025-03-24 14:47:37 - sqlalchemy.engine.Engine - INFO - SELECT count(work_orders.id) AS count_1 
FROM work_orders 
WHERE work_orders.status IN (%(status_1_1)s, %(status_1_2)s)
2025-03-24 14:47:37 - sqlalchemy.engine.Engine - INFO - [cached since 0.07981s ago] {'status_1_1': 'pending', 'status_1_2': 'scheduled'}
2025-03-24 14:47:37 - sqlalchemy.engine.Engine - INFO - SELECT count(work_orders.id) AS count_1 
FROM work_orders 
WHERE work_orders.status = %(status_1)s
2025-03-24 14:47:37 - sqlalchemy.engine.Engine - INFO - [cached since 0.07918s ago] {'status_1': 'completed'}
2025-03-24 14:47:37 - sqlalchemy.engine.Engine - INFO - SELECT count(work_orders.id) AS count_1 
FROM work_orders 
WHERE work_orders.created_at >= %(created_at_1)s AND work_orders.created_at <= %(created_at_2)s
2025-03-24 14:47:37 - sqlalchemy.engine.Engine - INFO - [cached since 0.07889s ago] {'created_at_1': datetime.date(2025, 3, 1), 'created_at_2': datetime.date(2025, 3, 31)}
2025-03-24 14:47:37 - sqlalchemy.engine.Engine - INFO - SELECT count(work_orders.id) AS count_1 
FROM work_orders 
WHERE work_orders.created_at >= %(created_at_1)s AND work_orders.created_at < %(created_at_2)s
2025-03-24 14:47:37 - sqlalchemy.engine.Engine - INFO - [cached since 0.0783s ago] {'created_at_1': datetime.date(2025, 2, 1), 'created_at_2': datetime.date(2025, 3, 1)}
2025-03-24 14:47:37 - sqlalchemy.engine.Engine - INFO - SELECT sum(payments.amount) AS sum_1 
FROM payments 
WHERE payments.status = %(status_1)s AND payments.payment_date >= %(payment_date_1)s AND payments.payment_date <= %(payment_date_2)s
2025-03-24 14:47:37 - sqlalchemy.engine.Engine - INFO - [cached since 0.07744s ago] {'status_1': 'success', 'payment_date_1': datetime.date(2025, 3, 1), 'payment_date_2': datetime.date(2025, 3, 31)}
2025-03-24 14:47:37 - sqlalchemy.engine.Engine - INFO - SELECT sum(payments.amount) AS sum_1 
FROM payments 
WHERE payments.status = %(status_1)s AND payments.payment_date >= %(payment_date_1)s AND payments.payment_date < %(payment_date_2)s
2025-03-24 14:47:37 - sqlalchemy.engine.Engine - INFO - [cached since 0.07582s ago] {'status_1': 'success', 'payment_date_1': datetime.date(2025, 2, 1), 'payment_date_2': datetime.date(2025, 3, 1)}
2025-03-24 14:47:37 - sqlalchemy.engine.Engine - INFO - SELECT SUM(total) FROM invoices WHERE status IN ('sent', 'overdue')
2025-03-24 14:47:37 - sqlalchemy.engine.Engine - INFO - [cached since 0.07537s ago] {}
2025-03-24 14:47:37 - sqlalchemy.engine.Engine - INFO - SELECT count(invoices.id) AS count_1 
FROM invoices 
WHERE invoices.status = %(status_1)s
2025-03-24 14:47:37 - sqlalchemy.engine.Engine - INFO - [cached since 0.07372s ago] {'status_1': 'overdue'}
2025-03-24 14:47:37 - sqlalchemy.engine.Engine - INFO - SELECT count(clients.id) AS count_1 
FROM clients
2025-03-24 14:47:37 - sqlalchemy.engine.Engine - INFO - [cached since 0.0729s ago] {}
2025-03-24 14:47:37 - sqlalchemy.engine.Engine - INFO - SELECT count(clients.id) AS count_1 
FROM clients 
WHERE clients.status = %(status_1)s
2025-03-24 14:47:37 - sqlalchemy.engine.Engine - INFO - [cached since 0.0719s ago] {'status_1': 'active'}
2025-03-24 14:47:37 - sqlalchemy.engine.Engine - INFO - SELECT count(technicians.id) AS count_1 
FROM technicians
2025-03-24 14:47:37 - sqlalchemy.engine.Engine - INFO - [cached since 0.07089s ago] {}
2025-03-24 14:47:37 - sqlalchemy.engine.Engine - INFO - SELECT count(technicians.id) AS count_1 
FROM technicians 
WHERE technicians.status = %(status_1)s
2025-03-24 14:47:37 - sqlalchemy.engine.Engine - INFO - [cached since 0.07045s ago] {'status_1': 'active'}
2025-03-24 14:47:37 - root - INFO - Request b17770f3-08fd-4e6a-9131-20fbf8fe3aa8 completed: GET /api/dashboard/stats - Status: 200
2025-03-24 14:47:37 - sqlalchemy.engine.Engine - INFO - ROLLBACK
2025-03-24 14:47:37 - app.core.middleware - INFO - Request 4b29e432-224d-4ae2-80d0-be9697cf5b62 completed: GET http://localhost:8000/api/dashboard/stats - Status: 200 - Time: 0.0320s
2025-03-24 14:47:41 - app.core.middleware - INFO - Request a4b7b7b9-c07e-48de-b6ec-92351aafa8cb started: GET http://localhost:8000/api/work-orders?page=1&limit=10
2025-03-24 14:47:41 - root - INFO - Request b7c1f188-1808-4304-b9f7-820650e67a37 started: GET /api/work-orders
2025-03-24 14:47:41 - root - INFO - Request b7c1f188-1808-4304-b9f7-820650e67a37 origin: http://localhost:3000
2025-03-24 14:47:41 - root - INFO - Request b7c1f188-1808-4304-b9f7-820650e67a37 referer: http://localhost:3000/
2025-03-24 14:47:41 - root - INFO - Request b7c1f188-1808-4304-b9f7-820650e67a37 auth header present: False
2025-03-24 14:47:41 - app.routers.work_orders - ERROR - Authentication error: 'NoneType' object has no attribute 'headers'
2025-03-24 14:47:41 - root - INFO - Request b7c1f188-1808-4304-b9f7-820650e67a37 completed: GET /api/work-orders - Status: 401
2025-03-24 14:47:41 - app.core.middleware - INFO - Request a4b7b7b9-c07e-48de-b6ec-92351aafa8cb completed: GET http://localhost:8000/api/work-orders?page=1&limit=10 - Status: 401 - Time: 0.0080s
2025-03-24 14:47:41 - app.core.middleware - INFO - Request 37fa3c75-c54f-4fbc-ac4b-66c477d76db8 started: GET http://localhost:8000/api/work-orders?page=1&limit=10
2025-03-24 14:47:41 - root - INFO - Request 4f866a6d-6c2c-4d39-800a-2f209bd5fcac started: GET /api/work-orders
2025-03-24 14:47:41 - root - INFO - Request 4f866a6d-6c2c-4d39-800a-2f209bd5fcac origin: http://localhost:3000
2025-03-24 14:47:41 - root - INFO - Request 4f866a6d-6c2c-4d39-800a-2f209bd5fcac referer: http://localhost:3000/
2025-03-24 14:47:41 - root - INFO - Request 4f866a6d-6c2c-4d39-800a-2f209bd5fcac auth header present: False
2025-03-24 14:47:41 - app.routers.work_orders - ERROR - Authentication error: 'NoneType' object has no attribute 'headers'
2025-03-24 14:47:41 - root - INFO - Request 4f866a6d-6c2c-4d39-800a-2f209bd5fcac completed: GET /api/work-orders - Status: 401
2025-03-24 14:47:41 - app.core.middleware - INFO - Request 37fa3c75-c54f-4fbc-ac4b-66c477d76db8 completed: GET http://localhost:8000/api/work-orders?page=1&limit=10 - Status: 401 - Time: 0.0070s
2025-03-24 14:47:42 - app.core.middleware - INFO - Request 026593e9-2dd9-4f80-9343-0aaf65e02939 started: GET http://localhost:8000/api/work-orders?page=1&limit=10
2025-03-24 14:47:42 - root - INFO - Request f535bf39-c8a0-4edb-a805-59e26e214f00 started: GET /api/work-orders
2025-03-24 14:47:42 - root - INFO - Request f535bf39-c8a0-4edb-a805-59e26e214f00 origin: http://localhost:3000
2025-03-24 14:47:42 - root - INFO - Request f535bf39-c8a0-4edb-a805-59e26e214f00 referer: http://localhost:3000/
2025-03-24 14:47:42 - root - INFO - Request f535bf39-c8a0-4edb-a805-59e26e214f00 auth header present: False
2025-03-24 14:47:42 - app.routers.work_orders - ERROR - Authentication error: 'NoneType' object has no attribute 'headers'
2025-03-24 14:47:42 - root - INFO - Request f535bf39-c8a0-4edb-a805-59e26e214f00 completed: GET /api/work-orders - Status: 401
2025-03-24 14:47:42 - app.core.middleware - INFO - Request 026593e9-2dd9-4f80-9343-0aaf65e02939 completed: GET http://localhost:8000/api/work-orders?page=1&limit=10 - Status: 401 - Time: 0.0060s
2025-03-24 14:47:42 - app.core.middleware - INFO - Request 39752879-0421-4de0-b569-4d15e17ab053 started: GET http://localhost:8000/api/work-orders?page=1&limit=10
2025-03-24 14:47:42 - root - INFO - Request ed62b99d-c530-434c-b1a5-3b2b91befdb8 started: GET /api/work-orders
2025-03-24 14:47:42 - root - INFO - Request ed62b99d-c530-434c-b1a5-3b2b91befdb8 origin: http://localhost:3000
2025-03-24 14:47:42 - root - INFO - Request ed62b99d-c530-434c-b1a5-3b2b91befdb8 referer: http://localhost:3000/
2025-03-24 14:47:42 - root - INFO - Request ed62b99d-c530-434c-b1a5-3b2b91befdb8 auth header present: False
2025-03-24 14:47:42 - app.routers.work_orders - ERROR - Authentication error: 'NoneType' object has no attribute 'headers'
2025-03-24 14:47:42 - root - INFO - Request ed62b99d-c530-434c-b1a5-3b2b91befdb8 completed: GET /api/work-orders - Status: 401
2025-03-24 14:47:42 - app.core.middleware - INFO - Request 39752879-0421-4de0-b569-4d15e17ab053 completed: GET http://localhost:8000/api/work-orders?page=1&limit=10 - Status: 401 - Time: 0.0055s
2025-03-24 14:48:21 - app.core.middleware - INFO - Request 6a848aaa-43df-4b98-a174-be3e01fd5729 started: GET http://localhost:8000/api/work-orders?page=1&limit=10
2025-03-24 14:48:21 - root - INFO - Request cec49d56-551a-4f15-921f-af84fab5e64d started: GET /api/work-orders
2025-03-24 14:48:21 - root - INFO - Request cec49d56-551a-4f15-921f-af84fab5e64d origin: http://localhost:3000
2025-03-24 14:48:21 - root - INFO - Request cec49d56-551a-4f15-921f-af84fab5e64d referer: http://localhost:3000/
2025-03-24 14:48:21 - root - INFO - Request cec49d56-551a-4f15-921f-af84fab5e64d auth header present: False
2025-03-24 14:48:21 - app.routers.work_orders - ERROR - Authentication error: 'NoneType' object has no attribute 'headers'
2025-03-24 14:48:21 - root - INFO - Request cec49d56-551a-4f15-921f-af84fab5e64d completed: GET /api/work-orders - Status: 401
2025-03-24 14:48:21 - app.core.middleware - INFO - Request 6a848aaa-43df-4b98-a174-be3e01fd5729 completed: GET http://localhost:8000/api/work-orders?page=1&limit=10 - Status: 401 - Time: 0.0075s
2025-03-24 14:48:21 - app.core.middleware - INFO - Request 19fff802-a3c2-421b-849a-bc34f1cd9347 started: GET http://localhost:8000/api/work-orders?page=1&limit=10
2025-03-24 14:48:21 - root - INFO - Request 9b9981fd-99cf-47eb-ba54-3c5d73917f52 started: GET /api/work-orders
2025-03-24 14:48:21 - root - INFO - Request 9b9981fd-99cf-47eb-ba54-3c5d73917f52 origin: http://localhost:3000
2025-03-24 14:48:21 - root - INFO - Request 9b9981fd-99cf-47eb-ba54-3c5d73917f52 referer: http://localhost:3000/
2025-03-24 14:48:21 - root - INFO - Request 9b9981fd-99cf-47eb-ba54-3c5d73917f52 auth header present: False
2025-03-24 14:48:21 - app.routers.work_orders - ERROR - Authentication error: 'NoneType' object has no attribute 'headers'
2025-03-24 14:48:21 - root - INFO - Request 9b9981fd-99cf-47eb-ba54-3c5d73917f52 completed: GET /api/work-orders - Status: 401
2025-03-24 14:48:21 - app.core.middleware - INFO - Request 19fff802-a3c2-421b-849a-bc34f1cd9347 completed: GET http://localhost:8000/api/work-orders?page=1&limit=10 - Status: 401 - Time: 0.0065s
2025-03-24 14:48:22 - app.core.middleware - INFO - Request 714c2880-cd3d-4651-98bc-5d9071220001 started: GET http://localhost:8000/api/work-orders?page=1&limit=10
2025-03-24 14:48:22 - root - INFO - Request 217040a1-6aa3-4b48-b6c6-148e30b33e75 started: GET /api/work-orders
2025-03-24 14:48:22 - root - INFO - Request 217040a1-6aa3-4b48-b6c6-148e30b33e75 origin: http://localhost:3000
2025-03-24 14:48:22 - root - INFO - Request 217040a1-6aa3-4b48-b6c6-148e30b33e75 referer: http://localhost:3000/
2025-03-24 14:48:22 - root - INFO - Request 217040a1-6aa3-4b48-b6c6-148e30b33e75 auth header present: False
2025-03-24 14:48:22 - app.routers.work_orders - ERROR - Authentication error: 'NoneType' object has no attribute 'headers'
2025-03-24 14:48:22 - root - INFO - Request 217040a1-6aa3-4b48-b6c6-148e30b33e75 completed: GET /api/work-orders - Status: 401
2025-03-24 14:48:22 - app.core.middleware - INFO - Request 714c2880-cd3d-4651-98bc-5d9071220001 completed: GET http://localhost:8000/api/work-orders?page=1&limit=10 - Status: 401 - Time: 0.0065s
2025-03-24 14:48:22 - app.core.middleware - INFO - Request 2c61320e-cb68-408f-be0d-f08cf3fda093 started: GET http://localhost:8000/api/work-orders?page=1&limit=10
2025-03-24 14:48:22 - root - INFO - Request 05f4150f-7d5c-4a4e-9090-5f8c22bef5de started: GET /api/work-orders
2025-03-24 14:48:22 - root - INFO - Request 05f4150f-7d5c-4a4e-9090-5f8c22bef5de origin: http://localhost:3000
2025-03-24 14:48:22 - root - INFO - Request 05f4150f-7d5c-4a4e-9090-5f8c22bef5de referer: http://localhost:3000/
2025-03-24 14:48:22 - root - INFO - Request 05f4150f-7d5c-4a4e-9090-5f8c22bef5de auth header present: False
2025-03-24 14:48:22 - app.routers.work_orders - ERROR - Authentication error: 'NoneType' object has no attribute 'headers'
2025-03-24 14:48:22 - root - INFO - Request 05f4150f-7d5c-4a4e-9090-5f8c22bef5de completed: GET /api/work-orders - Status: 401
2025-03-24 14:48:22 - app.core.middleware - INFO - Request 2c61320e-cb68-408f-be0d-f08cf3fda093 completed: GET http://localhost:8000/api/work-orders?page=1&limit=10 - Status: 401 - Time: 0.0060s
2025-03-24 14:49:11 - app.core.middleware - INFO - Request 94873515-8fba-4a07-94e3-b0dbd3bf4aea started: GET http://localhost:8000/api/work-orders?page=1&limit=10
2025-03-24 14:49:11 - root - INFO - Request 65a53412-8606-460d-9ded-8f4dcd7cf54a started: GET /api/work-orders
2025-03-24 14:49:11 - root - INFO - Request 65a53412-8606-460d-9ded-8f4dcd7cf54a origin: http://localhost:3000
2025-03-24 14:49:11 - root - INFO - Request 65a53412-8606-460d-9ded-8f4dcd7cf54a referer: http://localhost:3000/
2025-03-24 14:49:11 - root - INFO - Request 65a53412-8606-460d-9ded-8f4dcd7cf54a auth header present: False
2025-03-24 14:49:11 - app.routers.work_orders - ERROR - Authentication error: 'NoneType' object has no attribute 'headers'
2025-03-24 14:49:11 - root - INFO - Request 65a53412-8606-460d-9ded-8f4dcd7cf54a completed: GET /api/work-orders - Status: 401
2025-03-24 14:49:11 - app.core.middleware - INFO - Request 94873515-8fba-4a07-94e3-b0dbd3bf4aea completed: GET http://localhost:8000/api/work-orders?page=1&limit=10 - Status: 401 - Time: 0.0055s
2025-03-24 14:49:11 - app.core.middleware - INFO - Request de21b8bb-d05d-48e7-8f34-7b5a3366bdc7 started: GET http://localhost:8000/api/work-orders?page=1&limit=10
2025-03-24 14:49:11 - root - INFO - Request 912078ce-c9c2-4a41-9f98-2fad4d43549f started: GET /api/work-orders
2025-03-24 14:49:11 - root - INFO - Request 912078ce-c9c2-4a41-9f98-2fad4d43549f origin: http://localhost:3000
2025-03-24 14:49:11 - root - INFO - Request 912078ce-c9c2-4a41-9f98-2fad4d43549f referer: http://localhost:3000/
2025-03-24 14:49:11 - root - INFO - Request 912078ce-c9c2-4a41-9f98-2fad4d43549f auth header present: False
2025-03-24 14:49:11 - app.routers.work_orders - ERROR - Authentication error: 'NoneType' object has no attribute 'headers'
2025-03-24 14:49:11 - root - INFO - Request 912078ce-c9c2-4a41-9f98-2fad4d43549f completed: GET /api/work-orders - Status: 401
2025-03-24 14:49:11 - app.core.middleware - INFO - Request de21b8bb-d05d-48e7-8f34-7b5a3366bdc7 completed: GET http://localhost:8000/api/work-orders?page=1&limit=10 - Status: 401 - Time: 0.0065s
2025-03-24 14:49:12 - app.core.middleware - INFO - Request 2bb0b856-5c80-46e5-9d95-4d6dea30986c started: GET http://localhost:8000/api/work-orders?page=1&limit=10
2025-03-24 14:49:12 - root - INFO - Request 0d9cfb6f-36b6-46cb-8651-8b72fabb8e94 started: GET /api/work-orders
2025-03-24 14:49:12 - root - INFO - Request 0d9cfb6f-36b6-46cb-8651-8b72fabb8e94 origin: http://localhost:3000
2025-03-24 14:49:12 - root - INFO - Request 0d9cfb6f-36b6-46cb-8651-8b72fabb8e94 referer: http://localhost:3000/
2025-03-24 14:49:12 - root - INFO - Request 0d9cfb6f-36b6-46cb-8651-8b72fabb8e94 auth header present: False
2025-03-24 14:49:12 - app.routers.work_orders - ERROR - Authentication error: 'NoneType' object has no attribute 'headers'
2025-03-24 14:49:12 - root - INFO - Request 0d9cfb6f-36b6-46cb-8651-8b72fabb8e94 completed: GET /api/work-orders - Status: 401
2025-03-24 14:49:12 - app.core.middleware - INFO - Request 2bb0b856-5c80-46e5-9d95-4d6dea30986c completed: GET http://localhost:8000/api/work-orders?page=1&limit=10 - Status: 401 - Time: 0.0055s
2025-03-24 14:49:12 - app.core.middleware - INFO - Request cbfe78c5-6788-4977-b536-135672d50cad started: GET http://localhost:8000/api/work-orders?page=1&limit=10
2025-03-24 14:49:12 - root - INFO - Request ad608905-4689-4a9d-9b46-9b9ece100035 started: GET /api/work-orders
2025-03-24 14:49:12 - root - INFO - Request ad608905-4689-4a9d-9b46-9b9ece100035 origin: http://localhost:3000
2025-03-24 14:49:12 - root - INFO - Request ad608905-4689-4a9d-9b46-9b9ece100035 referer: http://localhost:3000/
2025-03-24 14:49:12 - root - INFO - Request ad608905-4689-4a9d-9b46-9b9ece100035 auth header present: False
2025-03-24 14:49:12 - app.routers.work_orders - ERROR - Authentication error: 'NoneType' object has no attribute 'headers'
2025-03-24 14:49:12 - root - INFO - Request ad608905-4689-4a9d-9b46-9b9ece100035 completed: GET /api/work-orders - Status: 401
2025-03-24 14:49:12 - app.core.middleware - INFO - Request cbfe78c5-6788-4977-b536-135672d50cad completed: GET http://localhost:8000/api/work-orders?page=1&limit=10 - Status: 401 - Time: 0.0050s
2025-03-24 14:50:31 - root - INFO - Redis client initialized successfully
2025-03-24 14:50:31 - root - INFO - Auth0 configuration loaded - Domain: dev-fqp1z1l3km7uj2gq.us.auth0.com, Audience: https://idimsapi
2025-03-24 14:51:17 - root - INFO - Redis client initialized successfully
2025-03-24 14:51:17 - root - INFO - Auth0 configuration loaded - Domain: dev-fqp1z1l3km7uj2gq.us.auth0.com, Audience: https://idimsapi
2025-03-24 14:51:32 - root - INFO - Redis client initialized successfully
2025-03-24 14:51:32 - root - INFO - Auth0 configuration loaded - Domain: dev-fqp1z1l3km7uj2gq.us.auth0.com, Audience: https://idimsapi
2025-03-24 14:52:45 - app.core.middleware - INFO - Request cc188caa-0610-4222-be12-603ff4d11da6 started: GET http://localhost:8000/api/work-orders?page=1&limit=10
2025-03-24 14:52:45 - root - INFO - Request a4c0cba6-8d10-4fdd-9f9e-cfcc149e1a5d started: GET /api/work-orders
2025-03-24 14:52:45 - root - INFO - Request a4c0cba6-8d10-4fdd-9f9e-cfcc149e1a5d origin: http://localhost:3000
2025-03-24 14:52:45 - root - INFO - Request a4c0cba6-8d10-4fdd-9f9e-cfcc149e1a5d referer: http://localhost:3000/
2025-03-24 14:52:45 - root - INFO - Request a4c0cba6-8d10-4fdd-9f9e-cfcc149e1a5d auth header present: False
2025-03-24 14:52:45 - app.routers.work_orders - ERROR - Error extracting token from request: 'NoneType' object has no attribute 'headers'
2025-03-24 14:52:45 - root - INFO - Request a4c0cba6-8d10-4fdd-9f9e-cfcc149e1a5d completed: GET /api/work-orders - Status: 401
2025-03-24 14:52:45 - app.core.middleware - INFO - Request cc188caa-0610-4222-be12-603ff4d11da6 completed: GET http://localhost:8000/api/work-orders?page=1&limit=10 - Status: 401 - Time: 0.0065s
2025-03-24 14:52:45 - app.core.middleware - INFO - Request f504c150-7bf2-44b3-b90e-3b352f555b14 started: GET http://localhost:8000/api/work-orders?page=1&limit=10
2025-03-24 14:52:45 - root - INFO - Request e4efff84-f404-4afe-846f-21fce642442f started: GET /api/work-orders
2025-03-24 14:52:45 - root - INFO - Request e4efff84-f404-4afe-846f-21fce642442f origin: http://localhost:3000
2025-03-24 14:52:45 - root - INFO - Request e4efff84-f404-4afe-846f-21fce642442f referer: http://localhost:3000/
2025-03-24 14:52:45 - root - INFO - Request e4efff84-f404-4afe-846f-21fce642442f auth header present: False
2025-03-24 14:52:45 - app.routers.work_orders - ERROR - Error extracting token from request: 'NoneType' object has no attribute 'headers'
2025-03-24 14:52:45 - root - INFO - Request e4efff84-f404-4afe-846f-21fce642442f completed: GET /api/work-orders - Status: 401
2025-03-24 14:52:45 - app.core.middleware - INFO - Request f504c150-7bf2-44b3-b90e-3b352f555b14 completed: GET http://localhost:8000/api/work-orders?page=1&limit=10 - Status: 401 - Time: 0.0055s
2025-03-24 14:52:46 - app.core.middleware - INFO - Request 216f7dcb-30a0-4642-82f1-12432764328e started: GET http://localhost:8000/api/work-orders?page=1&limit=10
2025-03-24 14:52:46 - root - INFO - Request 62d3bbec-256d-4214-a341-15d7573b0328 started: GET /api/work-orders
2025-03-24 14:52:46 - root - INFO - Request 62d3bbec-256d-4214-a341-15d7573b0328 origin: http://localhost:3000
2025-03-24 14:52:46 - root - INFO - Request 62d3bbec-256d-4214-a341-15d7573b0328 referer: http://localhost:3000/
2025-03-24 14:52:46 - root - INFO - Request 62d3bbec-256d-4214-a341-15d7573b0328 auth header present: False
2025-03-24 14:52:46 - app.routers.work_orders - ERROR - Error extracting token from request: 'NoneType' object has no attribute 'headers'
2025-03-24 14:52:46 - root - INFO - Request 62d3bbec-256d-4214-a341-15d7573b0328 completed: GET /api/work-orders - Status: 401
2025-03-24 14:52:46 - app.core.middleware - INFO - Request 216f7dcb-30a0-4642-82f1-12432764328e completed: GET http://localhost:8000/api/work-orders?page=1&limit=10 - Status: 401 - Time: 0.0065s
2025-03-24 14:52:46 - app.core.middleware - INFO - Request 24776dcc-9637-4fe4-9dc6-c7405cde434f started: GET http://localhost:8000/api/work-orders?page=1&limit=10
2025-03-24 14:52:46 - root - INFO - Request c9611441-0573-4bb9-9384-259045a16b0d started: GET /api/work-orders
2025-03-24 14:52:46 - root - INFO - Request c9611441-0573-4bb9-9384-259045a16b0d origin: http://localhost:3000
2025-03-24 14:52:46 - root - INFO - Request c9611441-0573-4bb9-9384-259045a16b0d referer: http://localhost:3000/
2025-03-24 14:52:46 - root - INFO - Request c9611441-0573-4bb9-9384-259045a16b0d auth header present: False
2025-03-24 14:52:46 - app.routers.work_orders - ERROR - Error extracting token from request: 'NoneType' object has no attribute 'headers'
2025-03-24 14:52:46 - root - INFO - Request c9611441-0573-4bb9-9384-259045a16b0d completed: GET /api/work-orders - Status: 401
2025-03-24 14:52:46 - app.core.middleware - INFO - Request 24776dcc-9637-4fe4-9dc6-c7405cde434f completed: GET http://localhost:8000/api/work-orders?page=1&limit=10 - Status: 401 - Time: 0.0070s
2025-03-24 15:56:19 - root - INFO - Redis client initialized successfully
2025-03-24 15:56:19 - root - INFO - Auth0 configuration loaded - Domain: dev-fqp1z1l3km7uj2gq.us.auth0.com, Audience: https://idimsapi
2025-03-24 15:56:45 - root - INFO - Redis client initialized successfully
2025-03-24 15:56:45 - root - INFO - Auth0 configuration loaded - Domain: dev-fqp1z1l3km7uj2gq.us.auth0.com, Audience: https://idimsapi
2025-03-24 15:57:11 - root - INFO - Redis client initialized successfully
2025-03-24 15:57:11 - root - INFO - Auth0 configuration loaded - Domain: dev-fqp1z1l3km7uj2gq.us.auth0.com, Audience: https://idimsapi
2025-03-24 15:57:33 - app.core.middleware - INFO - Request bcb53990-5ab8-4db4-a308-f34c92d34cba started: GET http://localhost:8000/api/work-orders?page=1&limit=10
2025-03-24 15:57:33 - root - INFO - [REQUEST-dc5461c8-996c-46cd-ac61-c54a46cdd846] GET /api/work-orders - Started
2025-03-24 15:57:33 - root - INFO - [REQUEST-dc5461c8-996c-46cd-ac61-c54a46cdd846] Origin: http://localhost:3000
2025-03-24 15:57:33 - root - INFO - [REQUEST-dc5461c8-996c-46cd-ac61-c54a46cdd846] Referer: http://localhost:3000/
2025-03-24 15:57:33 - root - INFO - [REQUEST-dc5461c8-996c-46cd-ac61-c54a46cdd846] Content-Type: Not specified
2025-03-24 15:57:33 - root - INFO - [REQUEST-dc5461c8-996c-46cd-ac61-c54a46cdd846] User-Agent: Mozilla/5.0 (Macintosh; Intel Mac OS X 10_15_7) AppleWebKit/605.1.15 (KHTML, like Gecko) Version/16.0 Safari/605.1.15
2025-03-24 15:57:33 - root - WARNING - [REQUEST-dc5461c8-996c-46cd-ac61-c54a46cdd846] No Authorization header found
2025-03-24 15:57:33 - root - INFO - [REQUEST-dc5461c8-996c-46cd-ac61-c54a46cdd846] Query params: {'page': '1', 'limit': '10'}
2025-03-24 15:57:33 - root - INFO - [REQUEST-dc5461c8-996c-46cd-ac61-c54a46cdd846] Work Orders endpoint called - checking auth setup
2025-03-24 15:57:33 - app.routers.work_orders - INFO - [DEBUG-057ee204-5182-41d9-8684-d64b5c22e4bb] get_work_orders_user called
2025-03-24 15:57:33 - app.routers.work_orders - INFO - [DEBUG-057ee204-5182-41d9-8684-d64b5c22e4bb] Created HTTPBearer(auto_error=False)
2025-03-24 15:57:33 - app.routers.work_orders - WARNING - [DEBUG-057ee204-5182-41d9-8684-d64b5c22e4bb] Failed to get direct request: 'headers'
2025-03-24 15:57:33 - app.routers.work_orders - INFO - [DEBUG-057ee204-5182-41d9-8684-d64b5c22e4bb] Calling security(None) to extract credentials
2025-03-24 15:57:33 - app.routers.work_orders - ERROR - [DEBUG-057ee204-5182-41d9-8684-d64b5c22e4bb] Error extracting token from request: 'NoneType' object has no attribute 'headers'
Traceback (most recent call last):
  File "C:\Users\chee3\IdeaProjects\idims\backend\app\routers\work_orders.py", line 66, in get_work_orders_user
    credentials = await security(None)
  File "C:\Users\chee3\IdeaProjects\idims\venv\lib\site-packages\fastapi\security\http.py", line 116, in __call__
    authorization = request.headers.get("Authorization")
AttributeError: 'NoneType' object has no attribute 'headers'
2025-03-24 15:57:33 - root - INFO - [REQUEST-dc5461c8-996c-46cd-ac61-c54a46cdd846] Completed: GET /api/work-orders - Status: 401 - Time: 5.50ms
2025-03-24 15:57:33 - root - WARNING - [REQUEST-dc5461c8-996c-46cd-ac61-c54a46cdd846] Authentication failed - 401 Unauthorized response returned
2025-03-24 15:57:33 - app.core.middleware - INFO - Request bcb53990-5ab8-4db4-a308-f34c92d34cba completed: GET http://localhost:8000/api/work-orders?page=1&limit=10 - Status: 401 - Time: 0.0120s
2025-03-24 15:57:33 - app.core.middleware - INFO - Request 279df061-eed6-4216-a88b-f6d94762d6c6 started: GET http://localhost:8000/api/work-orders?page=1&limit=10
2025-03-24 15:57:33 - root - INFO - [REQUEST-fc6a4a71-d34e-43ae-9069-05fc86a2e8b0] GET /api/work-orders - Started
2025-03-24 15:57:33 - root - INFO - [REQUEST-fc6a4a71-d34e-43ae-9069-05fc86a2e8b0] Origin: http://localhost:3000
2025-03-24 15:57:33 - root - INFO - [REQUEST-fc6a4a71-d34e-43ae-9069-05fc86a2e8b0] Referer: http://localhost:3000/
2025-03-24 15:57:33 - root - INFO - [REQUEST-fc6a4a71-d34e-43ae-9069-05fc86a2e8b0] Content-Type: Not specified
2025-03-24 15:57:33 - root - INFO - [REQUEST-fc6a4a71-d34e-43ae-9069-05fc86a2e8b0] User-Agent: Mozilla/5.0 (Macintosh; Intel Mac OS X 10_15_7) AppleWebKit/605.1.15 (KHTML, like Gecko) Version/16.0 Safari/605.1.15
2025-03-24 15:57:33 - root - WARNING - [REQUEST-fc6a4a71-d34e-43ae-9069-05fc86a2e8b0] No Authorization header found
2025-03-24 15:57:33 - root - INFO - [REQUEST-fc6a4a71-d34e-43ae-9069-05fc86a2e8b0] Query params: {'page': '1', 'limit': '10'}
2025-03-24 15:57:33 - root - INFO - [REQUEST-fc6a4a71-d34e-43ae-9069-05fc86a2e8b0] Work Orders endpoint called - checking auth setup
2025-03-24 15:57:33 - app.routers.work_orders - INFO - [DEBUG-4b261461-9465-4b15-a257-833bd0c630e0] get_work_orders_user called
2025-03-24 15:57:33 - app.routers.work_orders - INFO - [DEBUG-4b261461-9465-4b15-a257-833bd0c630e0] Created HTTPBearer(auto_error=False)
2025-03-24 15:57:33 - app.routers.work_orders - WARNING - [DEBUG-4b261461-9465-4b15-a257-833bd0c630e0] Failed to get direct request: 'headers'
2025-03-24 15:57:33 - app.routers.work_orders - INFO - [DEBUG-4b261461-9465-4b15-a257-833bd0c630e0] Calling security(None) to extract credentials
2025-03-24 15:57:33 - app.routers.work_orders - ERROR - [DEBUG-4b261461-9465-4b15-a257-833bd0c630e0] Error extracting token from request: 'NoneType' object has no attribute 'headers'
Traceback (most recent call last):
  File "C:\Users\chee3\IdeaProjects\idims\backend\app\routers\work_orders.py", line 66, in get_work_orders_user
    credentials = await security(None)
  File "C:\Users\chee3\IdeaProjects\idims\venv\lib\site-packages\fastapi\security\http.py", line 116, in __call__
    authorization = request.headers.get("Authorization")
AttributeError: 'NoneType' object has no attribute 'headers'
2025-03-24 15:57:33 - root - INFO - [REQUEST-fc6a4a71-d34e-43ae-9069-05fc86a2e8b0] Completed: GET /api/work-orders - Status: 401 - Time: 3.50ms
2025-03-24 15:57:33 - root - WARNING - [REQUEST-fc6a4a71-d34e-43ae-9069-05fc86a2e8b0] Authentication failed - 401 Unauthorized response returned
2025-03-24 15:57:33 - app.core.middleware - INFO - Request 279df061-eed6-4216-a88b-f6d94762d6c6 completed: GET http://localhost:8000/api/work-orders?page=1&limit=10 - Status: 401 - Time: 0.0110s
2025-03-24 15:57:34 - app.core.middleware - INFO - Request d5e24cd6-9ccf-4a31-b723-45dcce127645 started: GET http://localhost:8000/api/work-orders?page=1&limit=10
2025-03-24 15:57:34 - root - INFO - [REQUEST-13b4bd01-b712-4dfd-8e74-d34e9a451d11] GET /api/work-orders - Started
2025-03-24 15:57:34 - root - INFO - [REQUEST-13b4bd01-b712-4dfd-8e74-d34e9a451d11] Origin: http://localhost:3000
2025-03-24 15:57:34 - root - INFO - [REQUEST-13b4bd01-b712-4dfd-8e74-d34e9a451d11] Referer: http://localhost:3000/
2025-03-24 15:57:34 - root - INFO - [REQUEST-13b4bd01-b712-4dfd-8e74-d34e9a451d11] Content-Type: Not specified
2025-03-24 15:57:34 - root - INFO - [REQUEST-13b4bd01-b712-4dfd-8e74-d34e9a451d11] User-Agent: Mozilla/5.0 (Macintosh; Intel Mac OS X 10_15_7) AppleWebKit/605.1.15 (KHTML, like Gecko) Version/16.0 Safari/605.1.15
2025-03-24 15:57:34 - root - WARNING - [REQUEST-13b4bd01-b712-4dfd-8e74-d34e9a451d11] No Authorization header found
2025-03-24 15:57:34 - root - INFO - [REQUEST-13b4bd01-b712-4dfd-8e74-d34e9a451d11] Query params: {'page': '1', 'limit': '10'}
2025-03-24 15:57:34 - root - INFO - [REQUEST-13b4bd01-b712-4dfd-8e74-d34e9a451d11] Work Orders endpoint called - checking auth setup
2025-03-24 15:57:34 - app.routers.work_orders - INFO - [DEBUG-573290dd-6c2d-4379-904f-636a36e90ffb] get_work_orders_user called
2025-03-24 15:57:34 - app.routers.work_orders - INFO - [DEBUG-573290dd-6c2d-4379-904f-636a36e90ffb] Created HTTPBearer(auto_error=False)
2025-03-24 15:57:34 - app.routers.work_orders - WARNING - [DEBUG-573290dd-6c2d-4379-904f-636a36e90ffb] Failed to get direct request: 'headers'
2025-03-24 15:57:34 - app.routers.work_orders - INFO - [DEBUG-573290dd-6c2d-4379-904f-636a36e90ffb] Calling security(None) to extract credentials
2025-03-24 15:57:34 - app.routers.work_orders - ERROR - [DEBUG-573290dd-6c2d-4379-904f-636a36e90ffb] Error extracting token from request: 'NoneType' object has no attribute 'headers'
Traceback (most recent call last):
  File "C:\Users\chee3\IdeaProjects\idims\backend\app\routers\work_orders.py", line 66, in get_work_orders_user
    credentials = await security(None)
  File "C:\Users\chee3\IdeaProjects\idims\venv\lib\site-packages\fastapi\security\http.py", line 116, in __call__
    authorization = request.headers.get("Authorization")
AttributeError: 'NoneType' object has no attribute 'headers'
2025-03-24 15:57:34 - root - INFO - [REQUEST-13b4bd01-b712-4dfd-8e74-d34e9a451d11] Completed: GET /api/work-orders - Status: 401 - Time: 3.50ms
2025-03-24 15:57:34 - root - WARNING - [REQUEST-13b4bd01-b712-4dfd-8e74-d34e9a451d11] Authentication failed - 401 Unauthorized response returned
2025-03-24 15:57:34 - app.core.middleware - INFO - Request d5e24cd6-9ccf-4a31-b723-45dcce127645 completed: GET http://localhost:8000/api/work-orders?page=1&limit=10 - Status: 401 - Time: 0.0105s
2025-03-24 15:57:34 - app.core.middleware - INFO - Request 0fbd808c-4de8-486c-b3b2-02cbd7da533c started: GET http://localhost:8000/api/work-orders?page=1&limit=10
2025-03-24 15:57:34 - root - INFO - [REQUEST-9fcdb470-4d2d-496c-9470-2fe797d5de74] GET /api/work-orders - Started
2025-03-24 15:57:34 - root - INFO - [REQUEST-9fcdb470-4d2d-496c-9470-2fe797d5de74] Origin: http://localhost:3000
2025-03-24 15:57:34 - root - INFO - [REQUEST-9fcdb470-4d2d-496c-9470-2fe797d5de74] Referer: http://localhost:3000/
2025-03-24 15:57:34 - root - INFO - [REQUEST-9fcdb470-4d2d-496c-9470-2fe797d5de74] Content-Type: Not specified
2025-03-24 15:57:34 - root - INFO - [REQUEST-9fcdb470-4d2d-496c-9470-2fe797d5de74] User-Agent: Mozilla/5.0 (Macintosh; Intel Mac OS X 10_15_7) AppleWebKit/605.1.15 (KHTML, like Gecko) Version/16.0 Safari/605.1.15
2025-03-24 15:57:34 - root - WARNING - [REQUEST-9fcdb470-4d2d-496c-9470-2fe797d5de74] No Authorization header found
2025-03-24 15:57:34 - root - INFO - [REQUEST-9fcdb470-4d2d-496c-9470-2fe797d5de74] Query params: {'page': '1', 'limit': '10'}
2025-03-24 15:57:34 - root - INFO - [REQUEST-9fcdb470-4d2d-496c-9470-2fe797d5de74] Work Orders endpoint called - checking auth setup
2025-03-24 15:57:34 - app.routers.work_orders - INFO - [DEBUG-f7606ce9-3e1c-4a7c-afd5-8d51e4b3ff9b] get_work_orders_user called
2025-03-24 15:57:34 - app.routers.work_orders - INFO - [DEBUG-f7606ce9-3e1c-4a7c-afd5-8d51e4b3ff9b] Created HTTPBearer(auto_error=False)
2025-03-24 15:57:34 - app.routers.work_orders - WARNING - [DEBUG-f7606ce9-3e1c-4a7c-afd5-8d51e4b3ff9b] Failed to get direct request: 'headers'
2025-03-24 15:57:34 - app.routers.work_orders - INFO - [DEBUG-f7606ce9-3e1c-4a7c-afd5-8d51e4b3ff9b] Calling security(None) to extract credentials
2025-03-24 15:57:34 - app.routers.work_orders - ERROR - [DEBUG-f7606ce9-3e1c-4a7c-afd5-8d51e4b3ff9b] Error extracting token from request: 'NoneType' object has no attribute 'headers'
Traceback (most recent call last):
  File "C:\Users\chee3\IdeaProjects\idims\backend\app\routers\work_orders.py", line 66, in get_work_orders_user
    credentials = await security(None)
  File "C:\Users\chee3\IdeaProjects\idims\venv\lib\site-packages\fastapi\security\http.py", line 116, in __call__
    authorization = request.headers.get("Authorization")
AttributeError: 'NoneType' object has no attribute 'headers'
2025-03-24 15:57:34 - root - INFO - [REQUEST-9fcdb470-4d2d-496c-9470-2fe797d5de74] Completed: GET /api/work-orders - Status: 401 - Time: 4.00ms
2025-03-24 15:57:34 - root - WARNING - [REQUEST-9fcdb470-4d2d-496c-9470-2fe797d5de74] Authentication failed - 401 Unauthorized response returned
2025-03-24 15:57:34 - app.core.middleware - INFO - Request 0fbd808c-4de8-486c-b3b2-02cbd7da533c completed: GET http://localhost:8000/api/work-orders?page=1&limit=10 - Status: 401 - Time: 0.0105s
2025-03-24 16:09:33 - root - INFO - Redis client initialized successfully
2025-03-24 16:09:33 - root - INFO - Auth0 configuration loaded - Domain: dev-fqp1z1l3km7uj2gq.us.auth0.com, Audience: https://idimsapi
2025-03-24 16:09:33 - app.core.middleware - INFO - Request 7f1f20b8-323d-4850-ac80-5cb7cb93d3a4 started: GET http://localhost:8000/api/work-orders?page=1&limit=10
2025-03-24 16:09:33 - app.core.middleware - INFO - Request 0224d7f8-a04b-44e2-88b4-85880d338438 started: OPTIONS http://localhost:8000/api/dashboard/stats
2025-03-24 16:09:33 - app.core.middleware - INFO - Request bad0bddb-fc14-4cac-b722-880edf8b605d started: OPTIONS http://localhost:8000/api/dashboard/stats
2025-03-24 16:09:33 - root - INFO - [REQUEST-9ba4afe8-e7a1-47ee-8af3-a1029da54fff] GET /api/work-orders - Started
2025-03-24 16:09:33 - root - INFO - [REQUEST-9ba4afe8-e7a1-47ee-8af3-a1029da54fff] Origin: http://localhost:3000
2025-03-24 16:09:33 - root - INFO - [REQUEST-9ba4afe8-e7a1-47ee-8af3-a1029da54fff] Referer: http://localhost:3000/
2025-03-24 16:09:33 - root - INFO - [REQUEST-9ba4afe8-e7a1-47ee-8af3-a1029da54fff] Content-Type: Not specified
2025-03-24 16:09:33 - root - INFO - [REQUEST-9ba4afe8-e7a1-47ee-8af3-a1029da54fff] User-Agent: Mozilla/5.0 (Macintosh; Intel Mac OS X 10_15_7) AppleWebKit/605.1.15 (KHTML, like Gecko) Version/16.0 Safari/605.1.15
2025-03-24 16:09:33 - root - WARNING - [REQUEST-9ba4afe8-e7a1-47ee-8af3-a1029da54fff] No Authorization header found
2025-03-24 16:09:33 - root - INFO - [REQUEST-9ba4afe8-e7a1-47ee-8af3-a1029da54fff] Query params: {'page': '1', 'limit': '10'}
2025-03-24 16:09:33 - root - INFO - [REQUEST-9ba4afe8-e7a1-47ee-8af3-a1029da54fff] Work Orders endpoint called - checking auth setup
2025-03-24 16:09:33 - root - INFO - [REQUEST-6b76ce8e-5d12-438d-ac43-095f57952717] OPTIONS /api/dashboard/stats - Started
2025-03-24 16:09:33 - root - INFO - [REQUEST-6b76ce8e-5d12-438d-ac43-095f57952717] Origin: http://localhost:3000
2025-03-24 16:09:33 - root - INFO - [REQUEST-6b76ce8e-5d12-438d-ac43-095f57952717] Referer: http://localhost:3000/
2025-03-24 16:09:33 - root - INFO - [REQUEST-6b76ce8e-5d12-438d-ac43-095f57952717] Content-Type: Not specified
2025-03-24 16:09:33 - root - INFO - [REQUEST-6b76ce8e-5d12-438d-ac43-095f57952717] User-Agent: Mozilla/5.0 (Macintosh; Intel Mac OS X 10_15_7) AppleWebKit/605.1.15 (KHTML, like Gecko) Version/16.0 Safari/605.1.15
2025-03-24 16:09:33 - root - WARNING - [REQUEST-6b76ce8e-5d12-438d-ac43-095f57952717] No Authorization header found
2025-03-24 16:09:33 - root - INFO - [REQUEST-6b76ce8e-5d12-438d-ac43-095f57952717] Dashboard endpoint called - has optional auth
2025-03-24 16:09:33 - root - INFO - [REQUEST-c371a325-bc67-41a0-bc31-2a6bc5adfc27] OPTIONS /api/dashboard/stats - Started
2025-03-24 16:09:33 - root - INFO - [REQUEST-c371a325-bc67-41a0-bc31-2a6bc5adfc27] Origin: http://localhost:3000
2025-03-24 16:09:33 - root - INFO - [REQUEST-c371a325-bc67-41a0-bc31-2a6bc5adfc27] Referer: http://localhost:3000/
2025-03-24 16:09:33 - root - INFO - [REQUEST-c371a325-bc67-41a0-bc31-2a6bc5adfc27] Content-Type: Not specified
2025-03-24 16:09:33 - root - INFO - [REQUEST-c371a325-bc67-41a0-bc31-2a6bc5adfc27] User-Agent: Mozilla/5.0 (Macintosh; Intel Mac OS X 10_15_7) AppleWebKit/605.1.15 (KHTML, like Gecko) Version/16.0 Safari/605.1.15
2025-03-24 16:09:33 - root - WARNING - [REQUEST-c371a325-bc67-41a0-bc31-2a6bc5adfc27] No Authorization header found
2025-03-24 16:09:33 - root - INFO - [REQUEST-c371a325-bc67-41a0-bc31-2a6bc5adfc27] Dashboard endpoint called - has optional auth
2025-03-24 16:09:33 - root - INFO - [REQUEST-6b76ce8e-5d12-438d-ac43-095f57952717] Completed: OPTIONS /api/dashboard/stats - Status: 200 - Time: 4.46ms
2025-03-24 16:09:33 - root - INFO - [REQUEST-c371a325-bc67-41a0-bc31-2a6bc5adfc27] Completed: OPTIONS /api/dashboard/stats - Status: 200 - Time: 1.50ms
2025-03-24 16:09:33 - app.routers.work_orders - INFO - [DEBUG-c8347076-1d71-495d-8eb7-bbfecc1ecc68] get_work_orders_user called with actual request object
2025-03-24 16:09:33 - app.routers.work_orders - INFO - [DEBUG-c8347076-1d71-495d-8eb7-bbfecc1ecc68] Created HTTPBearer(auto_error=False)
2025-03-24 16:09:33 - app.routers.work_orders - INFO - [DEBUG-c8347076-1d71-495d-8eb7-bbfecc1ecc68] Auth header from request: NONE
2025-03-24 16:09:33 - app.routers.work_orders - INFO - [DEBUG-c8347076-1d71-495d-8eb7-bbfecc1ecc68] Calling security(request) to extract credentials
2025-03-24 16:09:33 - app.routers.work_orders - INFO - [DEBUG-c8347076-1d71-495d-8eb7-bbfecc1ecc68] Credentials extracted: None
2025-03-24 16:09:33 - app.routers.work_orders - WARNING - [DEBUG-c8347076-1d71-495d-8eb7-bbfecc1ecc68] No auth credentials found in request
2025-03-24 16:09:33 - root - INFO - [REQUEST-9ba4afe8-e7a1-47ee-8af3-a1029da54fff] Completed: GET /api/work-orders - Status: 401 - Time: 13.00ms
2025-03-24 16:09:33 - root - WARNING - [REQUEST-9ba4afe8-e7a1-47ee-8af3-a1029da54fff] Authentication failed - 401 Unauthorized response returned
2025-03-24 16:09:33 - app.core.middleware - INFO - Request 0224d7f8-a04b-44e2-88b4-85880d338438 completed: OPTIONS http://localhost:8000/api/dashboard/stats - Status: 200 - Time: 0.0205s
2025-03-24 16:09:33 - app.core.middleware - INFO - Request bad0bddb-fc14-4cac-b722-880edf8b605d completed: OPTIONS http://localhost:8000/api/dashboard/stats - Status: 200 - Time: 0.0205s
2025-03-24 16:09:33 - app.core.middleware - INFO - Request 7f1f20b8-323d-4850-ac80-5cb7cb93d3a4 completed: GET http://localhost:8000/api/work-orders?page=1&limit=10 - Status: 401 - Time: 0.0240s
2025-03-24 16:09:34 - app.core.middleware - INFO - Request 1f0a2c83-f7dd-4fb5-8242-1d3ead7cbdd2 started: GET http://localhost:8000/api/work-orders?page=1&limit=10
2025-03-24 16:09:34 - root - INFO - [REQUEST-0e07b59e-5223-4971-a078-0cc6441a0b2d] GET /api/work-orders - Started
2025-03-24 16:09:34 - root - INFO - [REQUEST-0e07b59e-5223-4971-a078-0cc6441a0b2d] Origin: http://localhost:3000
2025-03-24 16:09:34 - root - INFO - [REQUEST-0e07b59e-5223-4971-a078-0cc6441a0b2d] Referer: http://localhost:3000/
2025-03-24 16:09:34 - root - INFO - [REQUEST-0e07b59e-5223-4971-a078-0cc6441a0b2d] Content-Type: Not specified
2025-03-24 16:09:34 - root - INFO - [REQUEST-0e07b59e-5223-4971-a078-0cc6441a0b2d] User-Agent: Mozilla/5.0 (Macintosh; Intel Mac OS X 10_15_7) AppleWebKit/605.1.15 (KHTML, like Gecko) Version/16.0 Safari/605.1.15
2025-03-24 16:09:34 - root - WARNING - [REQUEST-0e07b59e-5223-4971-a078-0cc6441a0b2d] No Authorization header found
2025-03-24 16:09:34 - root - INFO - [REQUEST-0e07b59e-5223-4971-a078-0cc6441a0b2d] Query params: {'page': '1', 'limit': '10'}
2025-03-24 16:09:34 - root - INFO - [REQUEST-0e07b59e-5223-4971-a078-0cc6441a0b2d] Work Orders endpoint called - checking auth setup
2025-03-24 16:09:34 - app.routers.work_orders - INFO - [DEBUG-444ca923-5efa-4fe1-b99d-fb4f46a50aa3] get_work_orders_user called with actual request object
2025-03-24 16:09:34 - app.routers.work_orders - INFO - [DEBUG-444ca923-5efa-4fe1-b99d-fb4f46a50aa3] Created HTTPBearer(auto_error=False)
2025-03-24 16:09:34 - app.routers.work_orders - INFO - [DEBUG-444ca923-5efa-4fe1-b99d-fb4f46a50aa3] Auth header from request: NONE
2025-03-24 16:09:34 - app.routers.work_orders - INFO - [DEBUG-444ca923-5efa-4fe1-b99d-fb4f46a50aa3] Calling security(request) to extract credentials
2025-03-24 16:09:34 - app.routers.work_orders - INFO - [DEBUG-444ca923-5efa-4fe1-b99d-fb4f46a50aa3] Credentials extracted: None
2025-03-24 16:09:34 - app.routers.work_orders - WARNING - [DEBUG-444ca923-5efa-4fe1-b99d-fb4f46a50aa3] No auth credentials found in request
2025-03-24 16:09:34 - root - INFO - [REQUEST-0e07b59e-5223-4971-a078-0cc6441a0b2d] Completed: GET /api/work-orders - Status: 401 - Time: 4.50ms
2025-03-24 16:09:34 - root - WARNING - [REQUEST-0e07b59e-5223-4971-a078-0cc6441a0b2d] Authentication failed - 401 Unauthorized response returned
2025-03-24 16:09:34 - app.core.middleware - INFO - Request 1f0a2c83-f7dd-4fb5-8242-1d3ead7cbdd2 completed: GET http://localhost:8000/api/work-orders?page=1&limit=10 - Status: 401 - Time: 0.0115s
2025-03-24 16:09:35 - app.core.middleware - INFO - Request d2daa310-4f74-4ac7-a2a9-a4807ef93a09 started: GET http://localhost:8000/api/work-orders?page=1&limit=10
2025-03-24 16:09:35 - root - INFO - [REQUEST-90d1ce41-32cb-4977-b922-2dcb1724fabf] GET /api/work-orders - Started
2025-03-24 16:09:35 - root - INFO - [REQUEST-90d1ce41-32cb-4977-b922-2dcb1724fabf] Origin: http://localhost:3000
2025-03-24 16:09:35 - root - INFO - [REQUEST-90d1ce41-32cb-4977-b922-2dcb1724fabf] Referer: http://localhost:3000/
2025-03-24 16:09:35 - root - INFO - [REQUEST-90d1ce41-32cb-4977-b922-2dcb1724fabf] Content-Type: Not specified
2025-03-24 16:09:35 - root - INFO - [REQUEST-90d1ce41-32cb-4977-b922-2dcb1724fabf] User-Agent: Mozilla/5.0 (Macintosh; Intel Mac OS X 10_15_7) AppleWebKit/605.1.15 (KHTML, like Gecko) Version/16.0 Safari/605.1.15
2025-03-24 16:09:35 - root - WARNING - [REQUEST-90d1ce41-32cb-4977-b922-2dcb1724fabf] No Authorization header found
2025-03-24 16:09:35 - root - INFO - [REQUEST-90d1ce41-32cb-4977-b922-2dcb1724fabf] Query params: {'page': '1', 'limit': '10'}
2025-03-24 16:09:35 - root - INFO - [REQUEST-90d1ce41-32cb-4977-b922-2dcb1724fabf] Work Orders endpoint called - checking auth setup
2025-03-24 16:09:35 - app.routers.work_orders - INFO - [DEBUG-0d2a9fac-6ff5-4fba-a2c7-783897a403ec] get_work_orders_user called with actual request object
2025-03-24 16:09:35 - app.routers.work_orders - INFO - [DEBUG-0d2a9fac-6ff5-4fba-a2c7-783897a403ec] Created HTTPBearer(auto_error=False)
2025-03-24 16:09:35 - app.routers.work_orders - INFO - [DEBUG-0d2a9fac-6ff5-4fba-a2c7-783897a403ec] Auth header from request: NONE
2025-03-24 16:09:35 - app.routers.work_orders - INFO - [DEBUG-0d2a9fac-6ff5-4fba-a2c7-783897a403ec] Calling security(request) to extract credentials
2025-03-24 16:09:35 - app.routers.work_orders - INFO - [DEBUG-0d2a9fac-6ff5-4fba-a2c7-783897a403ec] Credentials extracted: None
2025-03-24 16:09:35 - app.routers.work_orders - WARNING - [DEBUG-0d2a9fac-6ff5-4fba-a2c7-783897a403ec] No auth credentials found in request
2025-03-24 16:09:35 - root - INFO - [REQUEST-90d1ce41-32cb-4977-b922-2dcb1724fabf] Completed: GET /api/work-orders - Status: 401 - Time: 4.00ms
2025-03-24 16:09:35 - root - WARNING - [REQUEST-90d1ce41-32cb-4977-b922-2dcb1724fabf] Authentication failed - 401 Unauthorized response returned
2025-03-24 16:09:35 - app.core.middleware - INFO - Request d2daa310-4f74-4ac7-a2a9-a4807ef93a09 completed: GET http://localhost:8000/api/work-orders?page=1&limit=10 - Status: 401 - Time: 0.0110s
2025-03-24 16:09:35 - app.core.middleware - INFO - Request 1141bdc3-bfa6-4360-bb28-182aff0b2c15 started: GET http://localhost:8000/api/work-orders?page=1&limit=10
2025-03-24 16:09:35 - root - INFO - [REQUEST-a7495384-813f-4e84-97aa-5ea4f331b2c4] GET /api/work-orders - Started
2025-03-24 16:09:35 - root - INFO - [REQUEST-a7495384-813f-4e84-97aa-5ea4f331b2c4] Origin: http://localhost:3000
2025-03-24 16:09:35 - root - INFO - [REQUEST-a7495384-813f-4e84-97aa-5ea4f331b2c4] Referer: http://localhost:3000/
2025-03-24 16:09:35 - root - INFO - [REQUEST-a7495384-813f-4e84-97aa-5ea4f331b2c4] Content-Type: Not specified
2025-03-24 16:09:35 - root - INFO - [REQUEST-a7495384-813f-4e84-97aa-5ea4f331b2c4] User-Agent: Mozilla/5.0 (Macintosh; Intel Mac OS X 10_15_7) AppleWebKit/605.1.15 (KHTML, like Gecko) Version/16.0 Safari/605.1.15
2025-03-24 16:09:35 - root - WARNING - [REQUEST-a7495384-813f-4e84-97aa-5ea4f331b2c4] No Authorization header found
2025-03-24 16:09:35 - root - INFO - [REQUEST-a7495384-813f-4e84-97aa-5ea4f331b2c4] Query params: {'page': '1', 'limit': '10'}
2025-03-24 16:09:35 - root - INFO - [REQUEST-a7495384-813f-4e84-97aa-5ea4f331b2c4] Work Orders endpoint called - checking auth setup
2025-03-24 16:09:35 - app.routers.work_orders - INFO - [DEBUG-96c8de13-9328-4888-9eee-2c910f41cecc] get_work_orders_user called with actual request object
2025-03-24 16:09:35 - app.routers.work_orders - INFO - [DEBUG-96c8de13-9328-4888-9eee-2c910f41cecc] Created HTTPBearer(auto_error=False)
2025-03-24 16:09:35 - app.routers.work_orders - INFO - [DEBUG-96c8de13-9328-4888-9eee-2c910f41cecc] Auth header from request: NONE
2025-03-24 16:09:35 - app.routers.work_orders - INFO - [DEBUG-96c8de13-9328-4888-9eee-2c910f41cecc] Calling security(request) to extract credentials
2025-03-24 16:09:35 - app.routers.work_orders - INFO - [DEBUG-96c8de13-9328-4888-9eee-2c910f41cecc] Credentials extracted: None
2025-03-24 16:09:35 - app.routers.work_orders - WARNING - [DEBUG-96c8de13-9328-4888-9eee-2c910f41cecc] No auth credentials found in request
2025-03-24 16:09:35 - root - INFO - [REQUEST-a7495384-813f-4e84-97aa-5ea4f331b2c4] Completed: GET /api/work-orders - Status: 401 - Time: 3.50ms
2025-03-24 16:09:35 - root - WARNING - [REQUEST-a7495384-813f-4e84-97aa-5ea4f331b2c4] Authentication failed - 401 Unauthorized response returned
2025-03-24 16:09:35 - app.core.middleware - INFO - Request 1141bdc3-bfa6-4360-bb28-182aff0b2c15 completed: GET http://localhost:8000/api/work-orders?page=1&limit=10 - Status: 401 - Time: 0.0095s
2025-03-24 16:09:36 - app.core.middleware - INFO - Request 240544cd-a789-4582-bc52-49ade3db0d17 started: OPTIONS http://localhost:8000/api/dashboard/stats
2025-03-24 16:09:36 - app.core.middleware - INFO - Request 4c305336-4f89-41d9-8a57-38e822ffa57d started: OPTIONS http://localhost:8000/api/dashboard/stats
2025-03-24 16:09:36 - root - INFO - [REQUEST-5cc36432-dcc4-45b0-ac44-29b60334170f] OPTIONS /api/dashboard/stats - Started
2025-03-24 16:09:36 - root - INFO - [REQUEST-5cc36432-dcc4-45b0-ac44-29b60334170f] Origin: http://localhost:3000
2025-03-24 16:09:36 - root - INFO - [REQUEST-5cc36432-dcc4-45b0-ac44-29b60334170f] Referer: http://localhost:3000/
2025-03-24 16:09:36 - root - INFO - [REQUEST-5cc36432-dcc4-45b0-ac44-29b60334170f] Content-Type: Not specified
2025-03-24 16:09:36 - root - INFO - [REQUEST-5cc36432-dcc4-45b0-ac44-29b60334170f] User-Agent: Mozilla/5.0 (Macintosh; Intel Mac OS X 10_15_7) AppleWebKit/605.1.15 (KHTML, like Gecko) Version/16.0 Safari/605.1.15
2025-03-24 16:09:36 - root - WARNING - [REQUEST-5cc36432-dcc4-45b0-ac44-29b60334170f] No Authorization header found
2025-03-24 16:09:36 - root - INFO - [REQUEST-5cc36432-dcc4-45b0-ac44-29b60334170f] Dashboard endpoint called - has optional auth
2025-03-24 16:09:36 - root - INFO - [REQUEST-73b4fcb5-6b0d-47ac-a202-07acad4e93e6] OPTIONS /api/dashboard/stats - Started
2025-03-24 16:09:36 - root - INFO - [REQUEST-73b4fcb5-6b0d-47ac-a202-07acad4e93e6] Origin: http://localhost:3000
2025-03-24 16:09:36 - root - INFO - [REQUEST-73b4fcb5-6b0d-47ac-a202-07acad4e93e6] Referer: http://localhost:3000/
2025-03-24 16:09:36 - root - INFO - [REQUEST-73b4fcb5-6b0d-47ac-a202-07acad4e93e6] Content-Type: Not specified
2025-03-24 16:09:36 - root - INFO - [REQUEST-73b4fcb5-6b0d-47ac-a202-07acad4e93e6] User-Agent: Mozilla/5.0 (Macintosh; Intel Mac OS X 10_15_7) AppleWebKit/605.1.15 (KHTML, like Gecko) Version/16.0 Safari/605.1.15
2025-03-24 16:09:36 - root - WARNING - [REQUEST-73b4fcb5-6b0d-47ac-a202-07acad4e93e6] No Authorization header found
2025-03-24 16:09:36 - root - INFO - [REQUEST-73b4fcb5-6b0d-47ac-a202-07acad4e93e6] Dashboard endpoint called - has optional auth
2025-03-24 16:09:36 - root - INFO - [REQUEST-5cc36432-dcc4-45b0-ac44-29b60334170f] Completed: OPTIONS /api/dashboard/stats - Status: 200 - Time: 4.50ms
2025-03-24 16:09:36 - root - INFO - [REQUEST-73b4fcb5-6b0d-47ac-a202-07acad4e93e6] Completed: OPTIONS /api/dashboard/stats - Status: 200 - Time: 1.00ms
2025-03-24 16:09:36 - app.core.middleware - INFO - Request 240544cd-a789-4582-bc52-49ade3db0d17 completed: OPTIONS http://localhost:8000/api/dashboard/stats - Status: 200 - Time: 0.0145s
2025-03-24 16:09:36 - app.core.middleware - INFO - Request 4c305336-4f89-41d9-8a57-38e822ffa57d completed: OPTIONS http://localhost:8000/api/dashboard/stats - Status: 200 - Time: 0.0135s
2025-03-24 16:10:11 - root - INFO - Redis client initialized successfully
2025-03-24 16:10:11 - root - INFO - Auth0 configuration loaded - Domain: dev-fqp1z1l3km7uj2gq.us.auth0.com, Audience: https://idimsapi
2025-03-24 16:10:18 - app.core.middleware - INFO - Request 432217e5-777e-4179-8bad-465c90518321 started: OPTIONS http://localhost:8000/api/dashboard/stats
2025-03-24 16:10:18 - app.core.middleware - INFO - Request 1f06a8ff-5c16-48a0-8242-a17d63d21591 started: OPTIONS http://localhost:8000/api/dashboard/stats
2025-03-24 16:10:18 - app.core.middleware - INFO - Request 8dce0ffa-f654-4e3b-8d51-fbfe9fae9924 started: OPTIONS http://localhost:8000/api/dashboard/stats
2025-03-24 16:10:18 - root - INFO - [REQUEST-dcc52154-6508-48c6-96cf-9618ff067da8] OPTIONS /api/dashboard/stats - Started
2025-03-24 16:10:18 - root - INFO - [REQUEST-dcc52154-6508-48c6-96cf-9618ff067da8] Origin: http://localhost:3000
2025-03-24 16:10:18 - root - INFO - [REQUEST-dcc52154-6508-48c6-96cf-9618ff067da8] Referer: http://localhost:3000/
2025-03-24 16:10:18 - root - INFO - [REQUEST-dcc52154-6508-48c6-96cf-9618ff067da8] Content-Type: Not specified
2025-03-24 16:10:18 - root - INFO - [REQUEST-dcc52154-6508-48c6-96cf-9618ff067da8] User-Agent: Mozilla/5.0 (Macintosh; Intel Mac OS X 10_15_7) AppleWebKit/605.1.15 (KHTML, like Gecko) Version/16.0 Safari/605.1.15
2025-03-24 16:10:18 - root - WARNING - [REQUEST-dcc52154-6508-48c6-96cf-9618ff067da8] No Authorization header found
2025-03-24 16:10:18 - root - INFO - [REQUEST-dcc52154-6508-48c6-96cf-9618ff067da8] Dashboard endpoint called - has optional auth
2025-03-24 16:10:18 - root - INFO - [REQUEST-e5112483-7c88-4e39-abc4-a9460c768c6a] OPTIONS /api/dashboard/stats - Started
2025-03-24 16:10:18 - root - INFO - [REQUEST-e5112483-7c88-4e39-abc4-a9460c768c6a] Origin: http://localhost:3000
2025-03-24 16:10:18 - root - INFO - [REQUEST-e5112483-7c88-4e39-abc4-a9460c768c6a] Referer: http://localhost:3000/
2025-03-24 16:10:18 - root - INFO - [REQUEST-e5112483-7c88-4e39-abc4-a9460c768c6a] Content-Type: Not specified
2025-03-24 16:10:18 - root - INFO - [REQUEST-e5112483-7c88-4e39-abc4-a9460c768c6a] User-Agent: Mozilla/5.0 (Macintosh; Intel Mac OS X 10_15_7) AppleWebKit/605.1.15 (KHTML, like Gecko) Version/16.0 Safari/605.1.15
2025-03-24 16:10:18 - root - WARNING - [REQUEST-e5112483-7c88-4e39-abc4-a9460c768c6a] No Authorization header found
2025-03-24 16:10:18 - root - INFO - [REQUEST-e5112483-7c88-4e39-abc4-a9460c768c6a] Dashboard endpoint called - has optional auth
2025-03-24 16:10:18 - root - INFO - [REQUEST-393fc88c-1867-49eb-8239-04e252d02a1f] OPTIONS /api/dashboard/stats - Started
2025-03-24 16:10:18 - root - INFO - [REQUEST-393fc88c-1867-49eb-8239-04e252d02a1f] Origin: http://localhost:3000
2025-03-24 16:10:18 - root - INFO - [REQUEST-393fc88c-1867-49eb-8239-04e252d02a1f] Referer: http://localhost:3000/
2025-03-24 16:10:18 - root - INFO - [REQUEST-393fc88c-1867-49eb-8239-04e252d02a1f] Content-Type: Not specified
2025-03-24 16:10:18 - root - INFO - [REQUEST-393fc88c-1867-49eb-8239-04e252d02a1f] User-Agent: Mozilla/5.0 (Macintosh; Intel Mac OS X 10_15_7) AppleWebKit/605.1.15 (KHTML, like Gecko) Version/16.0 Safari/605.1.15
2025-03-24 16:10:18 - root - WARNING - [REQUEST-393fc88c-1867-49eb-8239-04e252d02a1f] No Authorization header found
2025-03-24 16:10:18 - root - INFO - [REQUEST-393fc88c-1867-49eb-8239-04e252d02a1f] Dashboard endpoint called - has optional auth
2025-03-24 16:10:18 - root - INFO - [REQUEST-dcc52154-6508-48c6-96cf-9618ff067da8] Completed: OPTIONS /api/dashboard/stats - Status: 200 - Time: 7.00ms
2025-03-24 16:10:18 - root - INFO - [REQUEST-e5112483-7c88-4e39-abc4-a9460c768c6a] Completed: OPTIONS /api/dashboard/stats - Status: 200 - Time: 4.00ms
2025-03-24 16:10:18 - root - INFO - [REQUEST-393fc88c-1867-49eb-8239-04e252d02a1f] Completed: OPTIONS /api/dashboard/stats - Status: 200 - Time: 2.04ms
2025-03-24 16:10:18 - app.core.middleware - INFO - Request 432217e5-777e-4179-8bad-465c90518321 completed: OPTIONS http://localhost:8000/api/dashboard/stats - Status: 200 - Time: 0.0155s
2025-03-24 16:10:18 - app.core.middleware - INFO - Request 1f06a8ff-5c16-48a0-8242-a17d63d21591 completed: OPTIONS http://localhost:8000/api/dashboard/stats - Status: 200 - Time: 0.0155s
2025-03-24 16:10:18 - app.core.middleware - INFO - Request 8dce0ffa-f654-4e3b-8d51-fbfe9fae9924 completed: OPTIONS http://localhost:8000/api/dashboard/stats - Status: 200 - Time: 0.0160s
2025-03-24 16:10:31 - root - INFO - Redis client initialized successfully
2025-03-24 16:10:31 - root - INFO - Auth0 configuration loaded - Domain: dev-fqp1z1l3km7uj2gq.us.auth0.com, Audience: https://idimsapi
2025-03-24 16:10:41 - root - INFO - Redis client initialized successfully
2025-03-24 16:10:41 - root - INFO - Auth0 configuration loaded - Domain: dev-fqp1z1l3km7uj2gq.us.auth0.com, Audience: https://idimsapi
2025-03-24 16:10:59 - app.core.middleware - INFO - Request 2b45e531-c7cf-4f06-b246-0c510e1b8fbb started: OPTIONS http://localhost:8000/api/dashboard/stats
2025-03-24 16:10:59 - app.core.middleware - INFO - Request 185dcfe4-3965-403f-b7e9-c071103b6253 started: OPTIONS http://localhost:8000/api/dashboard/stats
2025-03-24 16:10:59 - root - INFO - [REQUEST-924cda9a-7b53-4168-a695-969ab1e4d188] OPTIONS /api/dashboard/stats - Started
2025-03-24 16:10:59 - root - INFO - [REQUEST-924cda9a-7b53-4168-a695-969ab1e4d188] Origin: http://localhost:3000
2025-03-24 16:10:59 - root - INFO - [REQUEST-924cda9a-7b53-4168-a695-969ab1e4d188] Referer: http://localhost:3000/
2025-03-24 16:10:59 - root - INFO - [REQUEST-924cda9a-7b53-4168-a695-969ab1e4d188] Content-Type: Not specified
2025-03-24 16:10:59 - root - INFO - [REQUEST-924cda9a-7b53-4168-a695-969ab1e4d188] User-Agent: Mozilla/5.0 (Macintosh; Intel Mac OS X 10_15_7) AppleWebKit/605.1.15 (KHTML, like Gecko) Version/16.0 Safari/605.1.15
2025-03-24 16:10:59 - root - WARNING - [REQUEST-924cda9a-7b53-4168-a695-969ab1e4d188] No Authorization header found
2025-03-24 16:10:59 - root - INFO - [REQUEST-924cda9a-7b53-4168-a695-969ab1e4d188] Dashboard endpoint called - has optional auth
2025-03-24 16:10:59 - root - INFO - [REQUEST-ac30daf2-8765-4425-96b0-d2d9cadcda73] OPTIONS /api/dashboard/stats - Started
2025-03-24 16:10:59 - root - INFO - [REQUEST-ac30daf2-8765-4425-96b0-d2d9cadcda73] Origin: http://localhost:3000
2025-03-24 16:10:59 - root - INFO - [REQUEST-ac30daf2-8765-4425-96b0-d2d9cadcda73] Referer: http://localhost:3000/
2025-03-24 16:10:59 - root - INFO - [REQUEST-ac30daf2-8765-4425-96b0-d2d9cadcda73] Content-Type: Not specified
2025-03-24 16:10:59 - root - INFO - [REQUEST-ac30daf2-8765-4425-96b0-d2d9cadcda73] User-Agent: Mozilla/5.0 (Macintosh; Intel Mac OS X 10_15_7) AppleWebKit/605.1.15 (KHTML, like Gecko) Version/16.0 Safari/605.1.15
2025-03-24 16:10:59 - root - WARNING - [REQUEST-ac30daf2-8765-4425-96b0-d2d9cadcda73] No Authorization header found
2025-03-24 16:10:59 - root - INFO - [REQUEST-ac30daf2-8765-4425-96b0-d2d9cadcda73] Dashboard endpoint called - has optional auth
2025-03-24 16:10:59 - root - INFO - [REQUEST-924cda9a-7b53-4168-a695-969ab1e4d188] Completed: OPTIONS /api/dashboard/stats - Status: 200 - Time: 3.50ms
2025-03-24 16:10:59 - root - INFO - [REQUEST-ac30daf2-8765-4425-96b0-d2d9cadcda73] Completed: OPTIONS /api/dashboard/stats - Status: 200 - Time: 1.03ms
2025-03-24 16:10:59 - app.core.middleware - INFO - Request 2b45e531-c7cf-4f06-b246-0c510e1b8fbb completed: OPTIONS http://localhost:8000/api/dashboard/stats - Status: 200 - Time: 0.0115s
2025-03-24 16:10:59 - app.core.middleware - INFO - Request 185dcfe4-3965-403f-b7e9-c071103b6253 completed: OPTIONS http://localhost:8000/api/dashboard/stats - Status: 200 - Time: 0.0110s
2025-03-24 16:11:27 - root - INFO - Redis client initialized successfully
2025-03-24 16:11:27 - root - INFO - Auth0 configuration loaded - Domain: dev-fqp1z1l3km7uj2gq.us.auth0.com, Audience: https://idimsapi
2025-03-24 16:11:31 - app.core.middleware - INFO - Request 755a9ada-a433-4513-8d0b-bc4774b223ee started: OPTIONS http://localhost:8000/api/dashboard/stats
2025-03-24 16:11:31 - app.core.middleware - INFO - Request 56807f66-8b78-4062-ad5e-689fee458906 started: OPTIONS http://localhost:8000/api/dashboard/stats
2025-03-24 16:11:31 - root - INFO - Request d16768c1-fb20-4739-aa0b-eb27a72afe1e started: OPTIONS /api/dashboard/stats
2025-03-24 16:11:31 - root - INFO - Request d16768c1-fb20-4739-aa0b-eb27a72afe1e origin: http://localhost:3000
2025-03-24 16:11:31 - root - INFO - Request d16768c1-fb20-4739-aa0b-eb27a72afe1e referer: http://localhost:3000/
2025-03-24 16:11:31 - root - INFO - Request d16768c1-fb20-4739-aa0b-eb27a72afe1e auth header present: False
2025-03-24 16:11:31 - root - INFO - Request 4de2339b-f6e3-4066-9a06-c0fdfb0993a9 started: OPTIONS /api/dashboard/stats
2025-03-24 16:11:31 - root - INFO - Request 4de2339b-f6e3-4066-9a06-c0fdfb0993a9 origin: http://localhost:3000
2025-03-24 16:11:31 - root - INFO - Request 4de2339b-f6e3-4066-9a06-c0fdfb0993a9 referer: http://localhost:3000/
2025-03-24 16:11:31 - root - INFO - Request 4de2339b-f6e3-4066-9a06-c0fdfb0993a9 auth header present: False
2025-03-24 16:11:31 - root - INFO - Request d16768c1-fb20-4739-aa0b-eb27a72afe1e completed: OPTIONS /api/dashboard/stats - Status: 200
2025-03-24 16:11:31 - root - INFO - Request 4de2339b-f6e3-4066-9a06-c0fdfb0993a9 completed: OPTIONS /api/dashboard/stats - Status: 200
2025-03-24 16:11:31 - app.core.middleware - INFO - Request 755a9ada-a433-4513-8d0b-bc4774b223ee completed: OPTIONS http://localhost:8000/api/dashboard/stats - Status: 200 - Time: 0.0075s
2025-03-24 16:11:31 - app.core.middleware - INFO - Request 56807f66-8b78-4062-ad5e-689fee458906 completed: OPTIONS http://localhost:8000/api/dashboard/stats - Status: 200 - Time: 0.0075s
2025-03-24 16:11:45 - root - INFO - Redis client initialized successfully
2025-03-24 16:11:45 - root - INFO - Auth0 configuration loaded - Domain: dev-fqp1z1l3km7uj2gq.us.auth0.com, Audience: https://idimsapi
2025-03-24 16:12:37 - root - INFO - Redis client initialized successfully
2025-03-24 16:12:37 - root - INFO - Auth0 configuration loaded - Domain: dev-fqp1z1l3km7uj2gq.us.auth0.com, Audience: https://idimsapi
2025-03-24 16:12:45 - root - INFO - Redis client initialized successfully
2025-03-24 16:12:45 - root - INFO - Auth0 configuration loaded - Domain: dev-fqp1z1l3km7uj2gq.us.auth0.com, Audience: https://idimsapi
2025-03-24 16:12:54 - root - INFO - Redis client initialized successfully
2025-03-24 16:12:54 - root - INFO - Auth0 configuration loaded - Domain: dev-fqp1z1l3km7uj2gq.us.auth0.com, Audience: https://idimsapi
2025-03-24 16:12:59 - root - INFO - Redis client initialized successfully
2025-03-24 16:12:59 - root - INFO - Auth0 configuration loaded - Domain: dev-fqp1z1l3km7uj2gq.us.auth0.com, Audience: https://idimsapi
2025-03-24 16:13:29 - app.core.middleware - INFO - Request 2dc1aba0-3554-4f74-86c8-06e662751330 started: OPTIONS http://localhost:8000/api/dashboard/stats
2025-03-24 16:13:29 - app.core.middleware - INFO - Request 47eaf8c8-71eb-4578-8568-3e8d5d22d4cd started: OPTIONS http://localhost:8000/api/dashboard/stats
2025-03-24 16:13:29 - root - INFO - [REQUEST-0ee3b1d4-9755-46fb-a473-467ec1a0be5a] OPTIONS /api/dashboard/stats - Started
2025-03-24 16:13:29 - root - INFO - [REQUEST-0ee3b1d4-9755-46fb-a473-467ec1a0be5a] Origin: http://localhost:3000
2025-03-24 16:13:29 - root - INFO - [REQUEST-0ee3b1d4-9755-46fb-a473-467ec1a0be5a] Referer: http://localhost:3000/
2025-03-24 16:13:29 - root - INFO - [REQUEST-0ee3b1d4-9755-46fb-a473-467ec1a0be5a] Content-Type: Not specified
2025-03-24 16:13:29 - root - INFO - [REQUEST-0ee3b1d4-9755-46fb-a473-467ec1a0be5a] User-Agent: Mozilla/5.0 (Macintosh; Intel Mac OS X 10_15_7) AppleWebKit/605.1.15 (KHTML, like Gecko) Version/16.0 Safari/605.1.15
2025-03-24 16:13:29 - root - WARNING - [REQUEST-0ee3b1d4-9755-46fb-a473-467ec1a0be5a] No Authorization header found
2025-03-24 16:13:29 - root - INFO - [REQUEST-0ee3b1d4-9755-46fb-a473-467ec1a0be5a] Dashboard endpoint called - has optional auth
2025-03-24 16:13:29 - root - INFO - [REQUEST-a248311a-1d65-4b3c-ade2-8ae9974e7f05] OPTIONS /api/dashboard/stats - Started
2025-03-24 16:13:29 - root - INFO - [REQUEST-a248311a-1d65-4b3c-ade2-8ae9974e7f05] Origin: http://localhost:3000
2025-03-24 16:13:29 - root - INFO - [REQUEST-a248311a-1d65-4b3c-ade2-8ae9974e7f05] Referer: http://localhost:3000/
2025-03-24 16:13:29 - root - INFO - [REQUEST-a248311a-1d65-4b3c-ade2-8ae9974e7f05] Content-Type: Not specified
2025-03-24 16:13:29 - root - INFO - [REQUEST-a248311a-1d65-4b3c-ade2-8ae9974e7f05] User-Agent: Mozilla/5.0 (Macintosh; Intel Mac OS X 10_15_7) AppleWebKit/605.1.15 (KHTML, like Gecko) Version/16.0 Safari/605.1.15
2025-03-24 16:13:29 - root - WARNING - [REQUEST-a248311a-1d65-4b3c-ade2-8ae9974e7f05] No Authorization header found
2025-03-24 16:13:29 - root - INFO - [REQUEST-a248311a-1d65-4b3c-ade2-8ae9974e7f05] Dashboard endpoint called - has optional auth
2025-03-24 16:13:29 - root - INFO - [REQUEST-0ee3b1d4-9755-46fb-a473-467ec1a0be5a] Completed: OPTIONS /api/dashboard/stats - Status: 200 - Time: 3.50ms
2025-03-24 16:13:29 - root - INFO - [REQUEST-a248311a-1d65-4b3c-ade2-8ae9974e7f05] Completed: OPTIONS /api/dashboard/stats - Status: 200 - Time: 1.00ms
2025-03-24 16:13:29 - app.core.middleware - INFO - Request 2dc1aba0-3554-4f74-86c8-06e662751330 completed: OPTIONS http://localhost:8000/api/dashboard/stats - Status: 200 - Time: 0.0110s
2025-03-24 16:13:29 - app.core.middleware - INFO - Request 47eaf8c8-71eb-4578-8568-3e8d5d22d4cd completed: OPTIONS http://localhost:8000/api/dashboard/stats - Status: 200 - Time: 0.0110s
2025-03-24 16:13:29 - app.core.middleware - INFO - Request b0c61717-a39a-4920-bbcf-4fcd76e4b862 started: OPTIONS http://localhost:8000/api/dashboard/stats
2025-03-24 16:13:29 - root - INFO - [REQUEST-b98a65fc-e0de-4ea7-8393-59d8f792fa9d] OPTIONS /api/dashboard/stats - Started
2025-03-24 16:13:29 - root - INFO - [REQUEST-b98a65fc-e0de-4ea7-8393-59d8f792fa9d] Origin: http://localhost:3000
2025-03-24 16:13:29 - root - INFO - [REQUEST-b98a65fc-e0de-4ea7-8393-59d8f792fa9d] Referer: http://localhost:3000/
2025-03-24 16:13:29 - root - INFO - [REQUEST-b98a65fc-e0de-4ea7-8393-59d8f792fa9d] Content-Type: Not specified
2025-03-24 16:13:29 - root - INFO - [REQUEST-b98a65fc-e0de-4ea7-8393-59d8f792fa9d] User-Agent: Mozilla/5.0 (Macintosh; Intel Mac OS X 10_15_7) AppleWebKit/605.1.15 (KHTML, like Gecko) Version/16.0 Safari/605.1.15
2025-03-24 16:13:29 - root - WARNING - [REQUEST-b98a65fc-e0de-4ea7-8393-59d8f792fa9d] No Authorization header found
2025-03-24 16:13:29 - root - INFO - [REQUEST-b98a65fc-e0de-4ea7-8393-59d8f792fa9d] Dashboard endpoint called - has optional auth
2025-03-24 16:13:29 - root - INFO - [REQUEST-b98a65fc-e0de-4ea7-8393-59d8f792fa9d] Completed: OPTIONS /api/dashboard/stats - Status: 200 - Time: 0.00ms
2025-03-24 16:13:29 - app.core.middleware - INFO - Request b0c61717-a39a-4920-bbcf-4fcd76e4b862 completed: OPTIONS http://localhost:8000/api/dashboard/stats - Status: 200 - Time: 0.0065s
2025-03-24 16:14:05 - app.core.middleware - INFO - Request ff3b23dd-bca6-454b-8b1f-e0eb3150b924 started: OPTIONS http://localhost:8000/api/dashboard/stats
2025-03-24 16:14:05 - app.core.middleware - INFO - Request b29854fa-26e4-413f-b2a8-3eefacf1d7e9 started: OPTIONS http://localhost:8000/api/dashboard/stats
2025-03-24 16:14:05 - root - INFO - [REQUEST-66d3e2f2-b6ad-4d89-af0b-9c3c14e2bf80] OPTIONS /api/dashboard/stats - Started
2025-03-24 16:14:05 - root - INFO - [REQUEST-66d3e2f2-b6ad-4d89-af0b-9c3c14e2bf80] Origin: http://localhost:3000
2025-03-24 16:14:05 - root - INFO - [REQUEST-66d3e2f2-b6ad-4d89-af0b-9c3c14e2bf80] Referer: http://localhost:3000/
2025-03-24 16:14:05 - root - INFO - [REQUEST-66d3e2f2-b6ad-4d89-af0b-9c3c14e2bf80] Content-Type: Not specified
2025-03-24 16:14:05 - root - INFO - [REQUEST-66d3e2f2-b6ad-4d89-af0b-9c3c14e2bf80] User-Agent: Mozilla/5.0 (Windows NT 10.0; Win64; x64) AppleWebKit/537.36 (KHTML, like Gecko) Chrome/134.0.0.0 Safari/537.36
2025-03-24 16:14:05 - root - WARNING - [REQUEST-66d3e2f2-b6ad-4d89-af0b-9c3c14e2bf80] No Authorization header found
2025-03-24 16:14:05 - root - INFO - [REQUEST-66d3e2f2-b6ad-4d89-af0b-9c3c14e2bf80] Dashboard endpoint called - has optional auth
2025-03-24 16:14:05 - root - INFO - [REQUEST-b9a45d29-ba0a-4d1a-820f-642d504ce60d] OPTIONS /api/dashboard/stats - Started
2025-03-24 16:14:05 - root - INFO - [REQUEST-b9a45d29-ba0a-4d1a-820f-642d504ce60d] Origin: http://localhost:3000
2025-03-24 16:14:05 - root - INFO - [REQUEST-b9a45d29-ba0a-4d1a-820f-642d504ce60d] Referer: http://localhost:3000/
2025-03-24 16:14:05 - root - INFO - [REQUEST-b9a45d29-ba0a-4d1a-820f-642d504ce60d] Content-Type: Not specified
2025-03-24 16:14:05 - root - INFO - [REQUEST-b9a45d29-ba0a-4d1a-820f-642d504ce60d] User-Agent: Mozilla/5.0 (Windows NT 10.0; Win64; x64) AppleWebKit/537.36 (KHTML, like Gecko) Chrome/134.0.0.0 Safari/537.36
2025-03-24 16:14:05 - root - WARNING - [REQUEST-b9a45d29-ba0a-4d1a-820f-642d504ce60d] No Authorization header found
2025-03-24 16:14:05 - root - INFO - [REQUEST-b9a45d29-ba0a-4d1a-820f-642d504ce60d] Dashboard endpoint called - has optional auth
2025-03-24 16:14:05 - root - INFO - [REQUEST-66d3e2f2-b6ad-4d89-af0b-9c3c14e2bf80] Completed: OPTIONS /api/dashboard/stats - Status: 200 - Time: 4.50ms
2025-03-24 16:14:05 - root - INFO - [REQUEST-b9a45d29-ba0a-4d1a-820f-642d504ce60d] Completed: OPTIONS /api/dashboard/stats - Status: 200 - Time: 1.00ms
2025-03-24 16:14:05 - app.core.middleware - INFO - Request ff3b23dd-bca6-454b-8b1f-e0eb3150b924 completed: OPTIONS http://localhost:8000/api/dashboard/stats - Status: 200 - Time: 0.0145s
2025-03-24 16:14:05 - app.core.middleware - INFO - Request b29854fa-26e4-413f-b2a8-3eefacf1d7e9 completed: OPTIONS http://localhost:8000/api/dashboard/stats - Status: 200 - Time: 0.0135s
2025-03-24 16:14:05 - app.core.middleware - INFO - Request 357cf942-cf29-4816-89d5-9e194d12ce4c started: OPTIONS http://localhost:8000/api/dashboard/stats
2025-03-24 16:14:05 - root - INFO - [REQUEST-40441363-dc73-4c4c-b77f-f4a4b8b5836c] OPTIONS /api/dashboard/stats - Started
2025-03-24 16:14:05 - root - INFO - [REQUEST-40441363-dc73-4c4c-b77f-f4a4b8b5836c] Origin: http://localhost:3000
2025-03-24 16:14:05 - root - INFO - [REQUEST-40441363-dc73-4c4c-b77f-f4a4b8b5836c] Referer: http://localhost:3000/
2025-03-24 16:14:05 - root - INFO - [REQUEST-40441363-dc73-4c4c-b77f-f4a4b8b5836c] Content-Type: Not specified
2025-03-24 16:14:05 - root - INFO - [REQUEST-40441363-dc73-4c4c-b77f-f4a4b8b5836c] User-Agent: Mozilla/5.0 (Windows NT 10.0; Win64; x64) AppleWebKit/537.36 (KHTML, like Gecko) Chrome/134.0.0.0 Safari/537.36
2025-03-24 16:14:05 - root - WARNING - [REQUEST-40441363-dc73-4c4c-b77f-f4a4b8b5836c] No Authorization header found
2025-03-24 16:14:05 - root - INFO - [REQUEST-40441363-dc73-4c4c-b77f-f4a4b8b5836c] Dashboard endpoint called - has optional auth
2025-03-24 16:14:05 - root - INFO - [REQUEST-40441363-dc73-4c4c-b77f-f4a4b8b5836c] Completed: OPTIONS /api/dashboard/stats - Status: 200 - Time: 0.00ms
2025-03-24 16:14:05 - app.core.middleware - INFO - Request 357cf942-cf29-4816-89d5-9e194d12ce4c completed: OPTIONS http://localhost:8000/api/dashboard/stats - Status: 200 - Time: 0.0055s
2025-03-24 16:14:10 - app.core.middleware - INFO - Request a8ad538c-a4af-4660-b72a-f0773178f0f2 started: OPTIONS http://localhost:8000/api/dashboard/stats
2025-03-24 16:14:10 - root - INFO - [REQUEST-64d8f5e0-9597-4abb-ba32-dd3156e8c15c] OPTIONS /api/dashboard/stats - Started
2025-03-24 16:14:10 - root - INFO - [REQUEST-64d8f5e0-9597-4abb-ba32-dd3156e8c15c] Origin: http://localhost:3000
2025-03-24 16:14:10 - root - INFO - [REQUEST-64d8f5e0-9597-4abb-ba32-dd3156e8c15c] Referer: http://localhost:3000/
2025-03-24 16:14:10 - root - INFO - [REQUEST-64d8f5e0-9597-4abb-ba32-dd3156e8c15c] Content-Type: Not specified
2025-03-24 16:14:10 - root - INFO - [REQUEST-64d8f5e0-9597-4abb-ba32-dd3156e8c15c] User-Agent: Mozilla/5.0 (Windows NT 10.0; Win64; x64) AppleWebKit/537.36 (KHTML, like Gecko) Chrome/134.0.0.0 Safari/537.36
2025-03-24 16:14:10 - root - WARNING - [REQUEST-64d8f5e0-9597-4abb-ba32-dd3156e8c15c] No Authorization header found
2025-03-24 16:14:10 - root - INFO - [REQUEST-64d8f5e0-9597-4abb-ba32-dd3156e8c15c] Dashboard endpoint called - has optional auth
2025-03-24 16:14:10 - root - INFO - [REQUEST-64d8f5e0-9597-4abb-ba32-dd3156e8c15c] Completed: OPTIONS /api/dashboard/stats - Status: 200 - Time: 0.00ms
2025-03-24 16:14:10 - app.core.middleware - INFO - Request a8ad538c-a4af-4660-b72a-f0773178f0f2 completed: OPTIONS http://localhost:8000/api/dashboard/stats - Status: 200 - Time: 0.0100s
2025-03-24 16:14:10 - app.core.middleware - INFO - Request d8d6625d-bb68-422a-b25d-f40949a197af started: OPTIONS http://localhost:8000/api/dashboard/stats
2025-03-24 16:14:10 - root - INFO - [REQUEST-f5b7166e-a0d2-41ad-93b9-259c8aecfb16] OPTIONS /api/dashboard/stats - Started
2025-03-24 16:14:10 - root - INFO - [REQUEST-f5b7166e-a0d2-41ad-93b9-259c8aecfb16] Origin: http://localhost:3000
2025-03-24 16:14:10 - root - INFO - [REQUEST-f5b7166e-a0d2-41ad-93b9-259c8aecfb16] Referer: http://localhost:3000/
2025-03-24 16:14:10 - root - INFO - [REQUEST-f5b7166e-a0d2-41ad-93b9-259c8aecfb16] Content-Type: Not specified
2025-03-24 16:14:10 - root - INFO - [REQUEST-f5b7166e-a0d2-41ad-93b9-259c8aecfb16] User-Agent: Mozilla/5.0 (Windows NT 10.0; Win64; x64) AppleWebKit/537.36 (KHTML, like Gecko) Chrome/134.0.0.0 Safari/537.36
2025-03-24 16:14:10 - root - WARNING - [REQUEST-f5b7166e-a0d2-41ad-93b9-259c8aecfb16] No Authorization header found
2025-03-24 16:14:10 - root - INFO - [REQUEST-f5b7166e-a0d2-41ad-93b9-259c8aecfb16] Dashboard endpoint called - has optional auth
2025-03-24 16:14:10 - root - INFO - [REQUEST-f5b7166e-a0d2-41ad-93b9-259c8aecfb16] Completed: OPTIONS /api/dashboard/stats - Status: 200 - Time: 0.50ms
2025-03-24 16:14:10 - app.core.middleware - INFO - Request d8d6625d-bb68-422a-b25d-f40949a197af completed: OPTIONS http://localhost:8000/api/dashboard/stats - Status: 200 - Time: 0.0065s
2025-03-24 16:14:10 - app.core.middleware - INFO - Request 761fa6da-a035-48be-89e3-f6aa1ae34d14 started: OPTIONS http://localhost:8000/api/dashboard/stats
2025-03-24 16:14:10 - root - INFO - [REQUEST-55b9f645-c2c8-4918-ad4a-d826cceb5419] OPTIONS /api/dashboard/stats - Started
2025-03-24 16:14:10 - root - INFO - [REQUEST-55b9f645-c2c8-4918-ad4a-d826cceb5419] Origin: http://localhost:3000
2025-03-24 16:14:10 - root - INFO - [REQUEST-55b9f645-c2c8-4918-ad4a-d826cceb5419] Referer: http://localhost:3000/
2025-03-24 16:14:10 - root - INFO - [REQUEST-55b9f645-c2c8-4918-ad4a-d826cceb5419] Content-Type: Not specified
2025-03-24 16:14:10 - root - INFO - [REQUEST-55b9f645-c2c8-4918-ad4a-d826cceb5419] User-Agent: Mozilla/5.0 (Windows NT 10.0; Win64; x64) AppleWebKit/537.36 (KHTML, like Gecko) Chrome/134.0.0.0 Safari/537.36
2025-03-24 16:14:10 - root - WARNING - [REQUEST-55b9f645-c2c8-4918-ad4a-d826cceb5419] No Authorization header found
2025-03-24 16:14:10 - root - INFO - [REQUEST-55b9f645-c2c8-4918-ad4a-d826cceb5419] Dashboard endpoint called - has optional auth
2025-03-24 16:14:10 - root - INFO - [REQUEST-55b9f645-c2c8-4918-ad4a-d826cceb5419] Completed: OPTIONS /api/dashboard/stats - Status: 200 - Time: 0.00ms
2025-03-24 16:14:10 - app.core.middleware - INFO - Request 761fa6da-a035-48be-89e3-f6aa1ae34d14 completed: OPTIONS http://localhost:8000/api/dashboard/stats - Status: 200 - Time: 0.0060s
2025-03-24 16:14:27 - app.core.middleware - INFO - Request aebb974e-2d5f-4e2b-ada0-8ad9db756d7b started: OPTIONS http://localhost:8000/api/dashboard/stats
2025-03-24 16:14:27 - root - INFO - [REQUEST-ccf01765-aa36-428a-b12f-dce5d6dbf617] OPTIONS /api/dashboard/stats - Started
2025-03-24 16:14:27 - root - INFO - [REQUEST-ccf01765-aa36-428a-b12f-dce5d6dbf617] Origin: http://localhost:3000
2025-03-24 16:14:27 - root - INFO - [REQUEST-ccf01765-aa36-428a-b12f-dce5d6dbf617] Referer: http://localhost:3000/
2025-03-24 16:14:27 - root - INFO - [REQUEST-ccf01765-aa36-428a-b12f-dce5d6dbf617] Content-Type: Not specified
2025-03-24 16:14:27 - root - INFO - [REQUEST-ccf01765-aa36-428a-b12f-dce5d6dbf617] User-Agent: Mozilla/5.0 (Windows NT 10.0; Win64; x64) AppleWebKit/537.36 (KHTML, like Gecko) Chrome/134.0.0.0 Safari/537.36
2025-03-24 16:14:27 - root - WARNING - [REQUEST-ccf01765-aa36-428a-b12f-dce5d6dbf617] No Authorization header found
2025-03-24 16:14:27 - root - INFO - [REQUEST-ccf01765-aa36-428a-b12f-dce5d6dbf617] Dashboard endpoint called - has optional auth
2025-03-24 16:14:27 - app.core.middleware - INFO - Request da7bdbfe-6355-4b45-b325-91a5027b017b started: OPTIONS http://localhost:8000/api/dashboard/stats
2025-03-24 16:14:27 - root - INFO - [REQUEST-ccf01765-aa36-428a-b12f-dce5d6dbf617] Completed: OPTIONS /api/dashboard/stats - Status: 200 - Time: 2.50ms
2025-03-24 16:14:27 - root - INFO - [REQUEST-b8f6cde9-161e-4fa9-aa1b-2ff415adf641] OPTIONS /api/dashboard/stats - Started
2025-03-24 16:14:27 - root - INFO - [REQUEST-b8f6cde9-161e-4fa9-aa1b-2ff415adf641] Origin: http://localhost:3000
2025-03-24 16:14:27 - root - INFO - [REQUEST-b8f6cde9-161e-4fa9-aa1b-2ff415adf641] Referer: http://localhost:3000/
2025-03-24 16:14:27 - root - INFO - [REQUEST-b8f6cde9-161e-4fa9-aa1b-2ff415adf641] Content-Type: Not specified
2025-03-24 16:14:27 - root - INFO - [REQUEST-b8f6cde9-161e-4fa9-aa1b-2ff415adf641] User-Agent: Mozilla/5.0 (Windows NT 10.0; Win64; x64) AppleWebKit/537.36 (KHTML, like Gecko) Chrome/134.0.0.0 Safari/537.36
2025-03-24 16:14:27 - root - WARNING - [REQUEST-b8f6cde9-161e-4fa9-aa1b-2ff415adf641] No Authorization header found
2025-03-24 16:14:27 - root - INFO - [REQUEST-b8f6cde9-161e-4fa9-aa1b-2ff415adf641] Dashboard endpoint called - has optional auth
2025-03-24 16:14:27 - root - INFO - [REQUEST-b8f6cde9-161e-4fa9-aa1b-2ff415adf641] Completed: OPTIONS /api/dashboard/stats - Status: 200 - Time: 0.50ms
2025-03-24 16:14:27 - app.core.middleware - INFO - Request aebb974e-2d5f-4e2b-ada0-8ad9db756d7b completed: OPTIONS http://localhost:8000/api/dashboard/stats - Status: 200 - Time: 0.0190s
2025-03-24 16:14:27 - app.core.middleware - INFO - Request da7bdbfe-6355-4b45-b325-91a5027b017b completed: OPTIONS http://localhost:8000/api/dashboard/stats - Status: 200 - Time: 0.0125s
2025-03-24 16:14:27 - app.core.middleware - INFO - Request a35b4acf-f72f-464b-81d7-54f4d92ab2eb started: OPTIONS http://localhost:8000/api/dashboard/stats
2025-03-24 16:14:27 - root - INFO - [REQUEST-8cb79076-052d-4b19-ab92-d7340dcc676d] OPTIONS /api/dashboard/stats - Started
2025-03-24 16:14:27 - root - INFO - [REQUEST-8cb79076-052d-4b19-ab92-d7340dcc676d] Origin: http://localhost:3000
2025-03-24 16:14:27 - root - INFO - [REQUEST-8cb79076-052d-4b19-ab92-d7340dcc676d] Referer: http://localhost:3000/
2025-03-24 16:14:27 - root - INFO - [REQUEST-8cb79076-052d-4b19-ab92-d7340dcc676d] Content-Type: Not specified
2025-03-24 16:14:27 - root - INFO - [REQUEST-8cb79076-052d-4b19-ab92-d7340dcc676d] User-Agent: Mozilla/5.0 (Windows NT 10.0; Win64; x64) AppleWebKit/537.36 (KHTML, like Gecko) Chrome/134.0.0.0 Safari/537.36
2025-03-24 16:14:27 - root - WARNING - [REQUEST-8cb79076-052d-4b19-ab92-d7340dcc676d] No Authorization header found
2025-03-24 16:14:27 - root - INFO - [REQUEST-8cb79076-052d-4b19-ab92-d7340dcc676d] Dashboard endpoint called - has optional auth
2025-03-24 16:14:27 - root - INFO - [REQUEST-8cb79076-052d-4b19-ab92-d7340dcc676d] Completed: OPTIONS /api/dashboard/stats - Status: 200 - Time: 0.50ms
2025-03-24 16:14:27 - app.core.middleware - INFO - Request a35b4acf-f72f-464b-81d7-54f4d92ab2eb completed: OPTIONS http://localhost:8000/api/dashboard/stats - Status: 200 - Time: 0.0060s
2025-03-24 16:15:07 - app.core.middleware - INFO - Request 9a71eda4-0716-4814-88e2-c5abcb6c231b started: GET http://localhost:8000/api/work-orders?page=1&limit=10
2025-03-24 16:15:07 - root - INFO - [REQUEST-68f9f56a-20d3-4985-8a1f-8c32573fa0ee] GET /api/work-orders - Started
2025-03-24 16:15:07 - root - INFO - [REQUEST-68f9f56a-20d3-4985-8a1f-8c32573fa0ee] Origin: http://localhost:3000
2025-03-24 16:15:07 - root - INFO - [REQUEST-68f9f56a-20d3-4985-8a1f-8c32573fa0ee] Referer: http://localhost:3000/
2025-03-24 16:15:07 - root - INFO - [REQUEST-68f9f56a-20d3-4985-8a1f-8c32573fa0ee] Content-Type: Not specified
2025-03-24 16:15:07 - root - INFO - [REQUEST-68f9f56a-20d3-4985-8a1f-8c32573fa0ee] User-Agent: Mozilla/5.0 (Windows NT 10.0; Win64; x64) AppleWebKit/537.36 (KHTML, like Gecko) Chrome/134.0.0.0 Safari/537.36
2025-03-24 16:15:07 - root - WARNING - [REQUEST-68f9f56a-20d3-4985-8a1f-8c32573fa0ee] No Authorization header found
2025-03-24 16:15:07 - root - INFO - [REQUEST-68f9f56a-20d3-4985-8a1f-8c32573fa0ee] Query params: {'page': '1', 'limit': '10'}
2025-03-24 16:15:07 - root - INFO - [REQUEST-68f9f56a-20d3-4985-8a1f-8c32573fa0ee] Work Orders endpoint called - checking auth setup
2025-03-24 16:15:07 - app.routers.work_orders - INFO - [DEBUG-a6a7bc9c-ac8d-4a29-8179-907273ee4114] get_work_orders_user called with actual request object
2025-03-24 16:15:07 - app.routers.work_orders - INFO - [DEBUG-a6a7bc9c-ac8d-4a29-8179-907273ee4114] Created HTTPBearer(auto_error=False)
2025-03-24 16:15:07 - app.routers.work_orders - INFO - [DEBUG-a6a7bc9c-ac8d-4a29-8179-907273ee4114] Auth header from request: NONE
2025-03-24 16:15:07 - app.routers.work_orders - INFO - [DEBUG-a6a7bc9c-ac8d-4a29-8179-907273ee4114] Calling security(request) to extract credentials
2025-03-24 16:15:07 - app.routers.work_orders - INFO - [DEBUG-a6a7bc9c-ac8d-4a29-8179-907273ee4114] Credentials extracted: None
2025-03-24 16:15:07 - app.routers.work_orders - WARNING - [DEBUG-a6a7bc9c-ac8d-4a29-8179-907273ee4114] No auth credentials found in request
2025-03-24 16:15:07 - root - INFO - [REQUEST-68f9f56a-20d3-4985-8a1f-8c32573fa0ee] Completed: GET /api/work-orders - Status: 401 - Time: 5.00ms
2025-03-24 16:15:07 - root - WARNING - [REQUEST-68f9f56a-20d3-4985-8a1f-8c32573fa0ee] Authentication failed - 401 Unauthorized response returned
2025-03-24 16:15:07 - app.core.middleware - INFO - Request 9a71eda4-0716-4814-88e2-c5abcb6c231b completed: GET http://localhost:8000/api/work-orders?page=1&limit=10 - Status: 401 - Time: 0.0115s
2025-03-24 16:15:07 - app.core.middleware - INFO - Request e22ff83b-ab0c-43ae-b2cb-cccfbc24bacf started: GET http://localhost:8000/api/work-orders?page=1&limit=10
2025-03-24 16:15:07 - root - INFO - [REQUEST-ae1769b7-073c-451b-8f45-27ba9b5dac6c] GET /api/work-orders - Started
2025-03-24 16:15:07 - root - INFO - [REQUEST-ae1769b7-073c-451b-8f45-27ba9b5dac6c] Origin: http://localhost:3000
2025-03-24 16:15:07 - root - INFO - [REQUEST-ae1769b7-073c-451b-8f45-27ba9b5dac6c] Referer: http://localhost:3000/
2025-03-24 16:15:07 - root - INFO - [REQUEST-ae1769b7-073c-451b-8f45-27ba9b5dac6c] Content-Type: Not specified
2025-03-24 16:15:07 - root - INFO - [REQUEST-ae1769b7-073c-451b-8f45-27ba9b5dac6c] User-Agent: Mozilla/5.0 (Windows NT 10.0; Win64; x64) AppleWebKit/537.36 (KHTML, like Gecko) Chrome/134.0.0.0 Safari/537.36
2025-03-24 16:15:07 - root - WARNING - [REQUEST-ae1769b7-073c-451b-8f45-27ba9b5dac6c] No Authorization header found
2025-03-24 16:15:07 - root - INFO - [REQUEST-ae1769b7-073c-451b-8f45-27ba9b5dac6c] Query params: {'page': '1', 'limit': '10'}
2025-03-24 16:15:07 - root - INFO - [REQUEST-ae1769b7-073c-451b-8f45-27ba9b5dac6c] Work Orders endpoint called - checking auth setup
2025-03-24 16:15:07 - app.routers.work_orders - INFO - [DEBUG-2a6d58bf-3971-42b4-9960-7cf6e55e894e] get_work_orders_user called with actual request object
2025-03-24 16:15:07 - app.routers.work_orders - INFO - [DEBUG-2a6d58bf-3971-42b4-9960-7cf6e55e894e] Created HTTPBearer(auto_error=False)
2025-03-24 16:15:07 - app.routers.work_orders - INFO - [DEBUG-2a6d58bf-3971-42b4-9960-7cf6e55e894e] Auth header from request: NONE
2025-03-24 16:15:07 - app.routers.work_orders - INFO - [DEBUG-2a6d58bf-3971-42b4-9960-7cf6e55e894e] Calling security(request) to extract credentials
2025-03-24 16:15:07 - app.routers.work_orders - INFO - [DEBUG-2a6d58bf-3971-42b4-9960-7cf6e55e894e] Credentials extracted: None
2025-03-24 16:15:07 - app.routers.work_orders - WARNING - [DEBUG-2a6d58bf-3971-42b4-9960-7cf6e55e894e] No auth credentials found in request
2025-03-24 16:15:07 - root - INFO - [REQUEST-ae1769b7-073c-451b-8f45-27ba9b5dac6c] Completed: GET /api/work-orders - Status: 401 - Time: 4.00ms
2025-03-24 16:15:07 - root - WARNING - [REQUEST-ae1769b7-073c-451b-8f45-27ba9b5dac6c] Authentication failed - 401 Unauthorized response returned
2025-03-24 16:15:07 - app.core.middleware - INFO - Request e22ff83b-ab0c-43ae-b2cb-cccfbc24bacf completed: GET http://localhost:8000/api/work-orders?page=1&limit=10 - Status: 401 - Time: 0.0105s
2025-03-24 16:15:08 - app.core.middleware - INFO - Request c745cc87-be1d-4d98-8002-af034aa71a62 started: GET http://localhost:8000/api/work-orders?page=1&limit=10
2025-03-24 16:15:08 - root - INFO - [REQUEST-d967c815-0c3c-429d-aaed-8dc998de7d0b] GET /api/work-orders - Started
2025-03-24 16:15:08 - root - INFO - [REQUEST-d967c815-0c3c-429d-aaed-8dc998de7d0b] Origin: http://localhost:3000
2025-03-24 16:15:08 - root - INFO - [REQUEST-d967c815-0c3c-429d-aaed-8dc998de7d0b] Referer: http://localhost:3000/
2025-03-24 16:15:08 - root - INFO - [REQUEST-d967c815-0c3c-429d-aaed-8dc998de7d0b] Content-Type: Not specified
2025-03-24 16:15:08 - root - INFO - [REQUEST-d967c815-0c3c-429d-aaed-8dc998de7d0b] User-Agent: Mozilla/5.0 (Windows NT 10.0; Win64; x64) AppleWebKit/537.36 (KHTML, like Gecko) Chrome/134.0.0.0 Safari/537.36
2025-03-24 16:15:08 - root - WARNING - [REQUEST-d967c815-0c3c-429d-aaed-8dc998de7d0b] No Authorization header found
2025-03-24 16:15:08 - root - INFO - [REQUEST-d967c815-0c3c-429d-aaed-8dc998de7d0b] Query params: {'page': '1', 'limit': '10'}
2025-03-24 16:15:08 - root - INFO - [REQUEST-d967c815-0c3c-429d-aaed-8dc998de7d0b] Work Orders endpoint called - checking auth setup
2025-03-24 16:15:08 - app.routers.work_orders - INFO - [DEBUG-41ccc28a-22cc-4d8e-97f2-b00a658fc813] get_work_orders_user called with actual request object
2025-03-24 16:15:08 - app.routers.work_orders - INFO - [DEBUG-41ccc28a-22cc-4d8e-97f2-b00a658fc813] Created HTTPBearer(auto_error=False)
2025-03-24 16:15:08 - app.routers.work_orders - INFO - [DEBUG-41ccc28a-22cc-4d8e-97f2-b00a658fc813] Auth header from request: NONE
2025-03-24 16:15:08 - app.routers.work_orders - INFO - [DEBUG-41ccc28a-22cc-4d8e-97f2-b00a658fc813] Calling security(request) to extract credentials
2025-03-24 16:15:08 - app.routers.work_orders - INFO - [DEBUG-41ccc28a-22cc-4d8e-97f2-b00a658fc813] Credentials extracted: None
2025-03-24 16:15:08 - app.routers.work_orders - WARNING - [DEBUG-41ccc28a-22cc-4d8e-97f2-b00a658fc813] No auth credentials found in request
2025-03-24 16:15:08 - root - INFO - [REQUEST-d967c815-0c3c-429d-aaed-8dc998de7d0b] Completed: GET /api/work-orders - Status: 401 - Time: 4.50ms
2025-03-24 16:15:08 - root - WARNING - [REQUEST-d967c815-0c3c-429d-aaed-8dc998de7d0b] Authentication failed - 401 Unauthorized response returned
2025-03-24 16:15:08 - app.core.middleware - INFO - Request c745cc87-be1d-4d98-8002-af034aa71a62 completed: GET http://localhost:8000/api/work-orders?page=1&limit=10 - Status: 401 - Time: 0.0125s
2025-03-24 16:15:08 - app.core.middleware - INFO - Request 41848687-0572-4988-8315-4d4545828553 started: GET http://localhost:8000/api/work-orders?page=1&limit=10
2025-03-24 16:15:08 - root - INFO - [REQUEST-c6931d28-fdc9-4302-89f0-0b8ebeb3e931] GET /api/work-orders - Started
2025-03-24 16:15:08 - root - INFO - [REQUEST-c6931d28-fdc9-4302-89f0-0b8ebeb3e931] Origin: http://localhost:3000
2025-03-24 16:15:08 - root - INFO - [REQUEST-c6931d28-fdc9-4302-89f0-0b8ebeb3e931] Referer: http://localhost:3000/
2025-03-24 16:15:08 - root - INFO - [REQUEST-c6931d28-fdc9-4302-89f0-0b8ebeb3e931] Content-Type: Not specified
2025-03-24 16:15:08 - root - INFO - [REQUEST-c6931d28-fdc9-4302-89f0-0b8ebeb3e931] User-Agent: Mozilla/5.0 (Windows NT 10.0; Win64; x64) AppleWebKit/537.36 (KHTML, like Gecko) Chrome/134.0.0.0 Safari/537.36
2025-03-24 16:15:08 - root - WARNING - [REQUEST-c6931d28-fdc9-4302-89f0-0b8ebeb3e931] No Authorization header found
2025-03-24 16:15:08 - root - INFO - [REQUEST-c6931d28-fdc9-4302-89f0-0b8ebeb3e931] Query params: {'page': '1', 'limit': '10'}
2025-03-24 16:15:08 - root - INFO - [REQUEST-c6931d28-fdc9-4302-89f0-0b8ebeb3e931] Work Orders endpoint called - checking auth setup
2025-03-24 16:15:08 - app.routers.work_orders - INFO - [DEBUG-c32435e8-5c31-4373-80d1-f08df9027ded] get_work_orders_user called with actual request object
2025-03-24 16:15:08 - app.routers.work_orders - INFO - [DEBUG-c32435e8-5c31-4373-80d1-f08df9027ded] Created HTTPBearer(auto_error=False)
2025-03-24 16:15:08 - app.routers.work_orders - INFO - [DEBUG-c32435e8-5c31-4373-80d1-f08df9027ded] Auth header from request: NONE
2025-03-24 16:15:08 - app.routers.work_orders - INFO - [DEBUG-c32435e8-5c31-4373-80d1-f08df9027ded] Calling security(request) to extract credentials
2025-03-24 16:15:08 - app.routers.work_orders - INFO - [DEBUG-c32435e8-5c31-4373-80d1-f08df9027ded] Credentials extracted: None
2025-03-24 16:15:08 - app.routers.work_orders - WARNING - [DEBUG-c32435e8-5c31-4373-80d1-f08df9027ded] No auth credentials found in request
2025-03-24 16:15:08 - root - INFO - [REQUEST-c6931d28-fdc9-4302-89f0-0b8ebeb3e931] Completed: GET /api/work-orders - Status: 401 - Time: 4.00ms
2025-03-24 16:15:08 - root - WARNING - [REQUEST-c6931d28-fdc9-4302-89f0-0b8ebeb3e931] Authentication failed - 401 Unauthorized response returned
2025-03-24 16:15:08 - app.core.middleware - INFO - Request 41848687-0572-4988-8315-4d4545828553 completed: GET http://localhost:8000/api/work-orders?page=1&limit=10 - Status: 401 - Time: 0.0115s
2025-03-24 16:15:28 - app.core.middleware - INFO - Request c918a2f9-2ebf-451b-bdef-1b4a551dce9a started: GET http://localhost:8000/api/work-orders?page=1&limit=10
2025-03-24 16:15:28 - root - INFO - [REQUEST-4a3472b8-9900-49d9-bf1a-1bcd73dde277] GET /api/work-orders - Started
2025-03-24 16:15:28 - root - INFO - [REQUEST-4a3472b8-9900-49d9-bf1a-1bcd73dde277] Origin: http://localhost:3000
2025-03-24 16:15:28 - root - INFO - [REQUEST-4a3472b8-9900-49d9-bf1a-1bcd73dde277] Referer: http://localhost:3000/
2025-03-24 16:15:28 - root - INFO - [REQUEST-4a3472b8-9900-49d9-bf1a-1bcd73dde277] Content-Type: Not specified
2025-03-24 16:15:28 - root - INFO - [REQUEST-4a3472b8-9900-49d9-bf1a-1bcd73dde277] User-Agent: Mozilla/5.0 (Windows NT 10.0; Win64; x64) AppleWebKit/537.36 (KHTML, like Gecko) Chrome/134.0.0.0 Safari/537.36
2025-03-24 16:15:28 - root - WARNING - [REQUEST-4a3472b8-9900-49d9-bf1a-1bcd73dde277] No Authorization header found
2025-03-24 16:15:28 - root - INFO - [REQUEST-4a3472b8-9900-49d9-bf1a-1bcd73dde277] Query params: {'page': '1', 'limit': '10'}
2025-03-24 16:15:28 - root - INFO - [REQUEST-4a3472b8-9900-49d9-bf1a-1bcd73dde277] Work Orders endpoint called - checking auth setup
2025-03-24 16:15:28 - app.routers.work_orders - INFO - [DEBUG-5725ed73-4bbc-46a5-b11f-3cfdbd9a184e] get_work_orders_user called with actual request object
2025-03-24 16:15:28 - app.routers.work_orders - INFO - [DEBUG-5725ed73-4bbc-46a5-b11f-3cfdbd9a184e] Created HTTPBearer(auto_error=False)
2025-03-24 16:15:28 - app.routers.work_orders - INFO - [DEBUG-5725ed73-4bbc-46a5-b11f-3cfdbd9a184e] Auth header from request: NONE
2025-03-24 16:15:28 - app.routers.work_orders - INFO - [DEBUG-5725ed73-4bbc-46a5-b11f-3cfdbd9a184e] Calling security(request) to extract credentials
2025-03-24 16:15:28 - app.routers.work_orders - INFO - [DEBUG-5725ed73-4bbc-46a5-b11f-3cfdbd9a184e] Credentials extracted: None
2025-03-24 16:15:28 - app.routers.work_orders - WARNING - [DEBUG-5725ed73-4bbc-46a5-b11f-3cfdbd9a184e] No auth credentials found in request
2025-03-24 16:15:28 - root - INFO - [REQUEST-4a3472b8-9900-49d9-bf1a-1bcd73dde277] Completed: GET /api/work-orders - Status: 401 - Time: 4.50ms
2025-03-24 16:15:28 - root - WARNING - [REQUEST-4a3472b8-9900-49d9-bf1a-1bcd73dde277] Authentication failed - 401 Unauthorized response returned
2025-03-24 16:15:28 - app.core.middleware - INFO - Request c918a2f9-2ebf-451b-bdef-1b4a551dce9a completed: GET http://localhost:8000/api/work-orders?page=1&limit=10 - Status: 401 - Time: 0.0120s
2025-03-24 16:15:28 - app.core.middleware - INFO - Request 541e9ea0-b255-4441-bc1e-1d0c6b7aa905 started: GET http://localhost:8000/api/work-orders?page=1&limit=10
2025-03-24 16:15:28 - root - INFO - [REQUEST-e4da6b22-55cf-49dd-a478-60f5359aedfe] GET /api/work-orders - Started
2025-03-24 16:15:28 - root - INFO - [REQUEST-e4da6b22-55cf-49dd-a478-60f5359aedfe] Origin: http://localhost:3000
2025-03-24 16:15:28 - root - INFO - [REQUEST-e4da6b22-55cf-49dd-a478-60f5359aedfe] Referer: http://localhost:3000/
2025-03-24 16:15:28 - root - INFO - [REQUEST-e4da6b22-55cf-49dd-a478-60f5359aedfe] Content-Type: Not specified
2025-03-24 16:15:28 - root - INFO - [REQUEST-e4da6b22-55cf-49dd-a478-60f5359aedfe] User-Agent: Mozilla/5.0 (Windows NT 10.0; Win64; x64) AppleWebKit/537.36 (KHTML, like Gecko) Chrome/134.0.0.0 Safari/537.36
2025-03-24 16:15:28 - root - WARNING - [REQUEST-e4da6b22-55cf-49dd-a478-60f5359aedfe] No Authorization header found
2025-03-24 16:15:28 - root - INFO - [REQUEST-e4da6b22-55cf-49dd-a478-60f5359aedfe] Query params: {'page': '1', 'limit': '10'}
2025-03-24 16:15:28 - root - INFO - [REQUEST-e4da6b22-55cf-49dd-a478-60f5359aedfe] Work Orders endpoint called - checking auth setup
2025-03-24 16:15:28 - app.routers.work_orders - INFO - [DEBUG-467d8d8f-9748-4c22-98fc-3312dca11069] get_work_orders_user called with actual request object
2025-03-24 16:15:28 - app.routers.work_orders - INFO - [DEBUG-467d8d8f-9748-4c22-98fc-3312dca11069] Created HTTPBearer(auto_error=False)
2025-03-24 16:15:28 - app.routers.work_orders - INFO - [DEBUG-467d8d8f-9748-4c22-98fc-3312dca11069] Auth header from request: NONE
2025-03-24 16:15:28 - app.routers.work_orders - INFO - [DEBUG-467d8d8f-9748-4c22-98fc-3312dca11069] Calling security(request) to extract credentials
2025-03-24 16:15:28 - app.routers.work_orders - INFO - [DEBUG-467d8d8f-9748-4c22-98fc-3312dca11069] Credentials extracted: None
2025-03-24 16:15:28 - app.routers.work_orders - WARNING - [DEBUG-467d8d8f-9748-4c22-98fc-3312dca11069] No auth credentials found in request
2025-03-24 16:15:28 - root - INFO - [REQUEST-e4da6b22-55cf-49dd-a478-60f5359aedfe] Completed: GET /api/work-orders - Status: 401 - Time: 4.50ms
2025-03-24 16:15:28 - root - WARNING - [REQUEST-e4da6b22-55cf-49dd-a478-60f5359aedfe] Authentication failed - 401 Unauthorized response returned
2025-03-24 16:15:28 - app.core.middleware - INFO - Request 541e9ea0-b255-4441-bc1e-1d0c6b7aa905 completed: GET http://localhost:8000/api/work-orders?page=1&limit=10 - Status: 401 - Time: 0.0110s
2025-03-24 16:15:29 - app.core.middleware - INFO - Request cd085385-ff11-4f06-92c0-a804c2b27c89 started: GET http://localhost:8000/api/work-orders?page=1&limit=10
2025-03-24 16:15:29 - root - INFO - [REQUEST-ac959cea-7012-43d6-9d92-18d24eec1599] GET /api/work-orders - Started
2025-03-24 16:15:29 - root - INFO - [REQUEST-ac959cea-7012-43d6-9d92-18d24eec1599] Origin: http://localhost:3000
2025-03-24 16:15:29 - root - INFO - [REQUEST-ac959cea-7012-43d6-9d92-18d24eec1599] Referer: http://localhost:3000/
2025-03-24 16:15:29 - root - INFO - [REQUEST-ac959cea-7012-43d6-9d92-18d24eec1599] Content-Type: Not specified
2025-03-24 16:15:29 - root - INFO - [REQUEST-ac959cea-7012-43d6-9d92-18d24eec1599] User-Agent: Mozilla/5.0 (Windows NT 10.0; Win64; x64) AppleWebKit/537.36 (KHTML, like Gecko) Chrome/134.0.0.0 Safari/537.36
2025-03-24 16:15:29 - root - WARNING - [REQUEST-ac959cea-7012-43d6-9d92-18d24eec1599] No Authorization header found
2025-03-24 16:15:29 - root - INFO - [REQUEST-ac959cea-7012-43d6-9d92-18d24eec1599] Query params: {'page': '1', 'limit': '10'}
2025-03-24 16:15:29 - root - INFO - [REQUEST-ac959cea-7012-43d6-9d92-18d24eec1599] Work Orders endpoint called - checking auth setup
2025-03-24 16:15:29 - app.routers.work_orders - INFO - [DEBUG-41cb736b-b4ad-4429-af69-04af78e6c061] get_work_orders_user called with actual request object
2025-03-24 16:15:29 - app.routers.work_orders - INFO - [DEBUG-41cb736b-b4ad-4429-af69-04af78e6c061] Created HTTPBearer(auto_error=False)
2025-03-24 16:15:29 - app.routers.work_orders - INFO - [DEBUG-41cb736b-b4ad-4429-af69-04af78e6c061] Auth header from request: NONE
2025-03-24 16:15:29 - app.routers.work_orders - INFO - [DEBUG-41cb736b-b4ad-4429-af69-04af78e6c061] Calling security(request) to extract credentials
2025-03-24 16:15:29 - app.routers.work_orders - INFO - [DEBUG-41cb736b-b4ad-4429-af69-04af78e6c061] Credentials extracted: None
2025-03-24 16:15:29 - app.routers.work_orders - WARNING - [DEBUG-41cb736b-b4ad-4429-af69-04af78e6c061] No auth credentials found in request
2025-03-24 16:15:29 - root - INFO - [REQUEST-ac959cea-7012-43d6-9d92-18d24eec1599] Completed: GET /api/work-orders - Status: 401 - Time: 3.50ms
2025-03-24 16:15:29 - root - WARNING - [REQUEST-ac959cea-7012-43d6-9d92-18d24eec1599] Authentication failed - 401 Unauthorized response returned
2025-03-24 16:15:29 - app.core.middleware - INFO - Request cd085385-ff11-4f06-92c0-a804c2b27c89 completed: GET http://localhost:8000/api/work-orders?page=1&limit=10 - Status: 401 - Time: 0.0095s
2025-03-24 16:15:29 - app.core.middleware - INFO - Request c5360990-93e0-42e0-a2a0-42e12b59ad37 started: GET http://localhost:8000/api/work-orders?page=1&limit=10
2025-03-24 16:15:29 - root - INFO - [REQUEST-246656c4-f419-44b0-aef1-067cb3144428] GET /api/work-orders - Started
2025-03-24 16:15:29 - root - INFO - [REQUEST-246656c4-f419-44b0-aef1-067cb3144428] Origin: http://localhost:3000
2025-03-24 16:15:29 - root - INFO - [REQUEST-246656c4-f419-44b0-aef1-067cb3144428] Referer: http://localhost:3000/
2025-03-24 16:15:29 - root - INFO - [REQUEST-246656c4-f419-44b0-aef1-067cb3144428] Content-Type: Not specified
2025-03-24 16:15:29 - root - INFO - [REQUEST-246656c4-f419-44b0-aef1-067cb3144428] User-Agent: Mozilla/5.0 (Windows NT 10.0; Win64; x64) AppleWebKit/537.36 (KHTML, like Gecko) Chrome/134.0.0.0 Safari/537.36
2025-03-24 16:15:29 - root - WARNING - [REQUEST-246656c4-f419-44b0-aef1-067cb3144428] No Authorization header found
2025-03-24 16:15:29 - root - INFO - [REQUEST-246656c4-f419-44b0-aef1-067cb3144428] Query params: {'page': '1', 'limit': '10'}
2025-03-24 16:15:29 - root - INFO - [REQUEST-246656c4-f419-44b0-aef1-067cb3144428] Work Orders endpoint called - checking auth setup
2025-03-24 16:15:29 - app.routers.work_orders - INFO - [DEBUG-6ece7e0c-6fc0-4077-8391-e6a28ef3105f] get_work_orders_user called with actual request object
2025-03-24 16:15:29 - app.routers.work_orders - INFO - [DEBUG-6ece7e0c-6fc0-4077-8391-e6a28ef3105f] Created HTTPBearer(auto_error=False)
2025-03-24 16:15:29 - app.routers.work_orders - INFO - [DEBUG-6ece7e0c-6fc0-4077-8391-e6a28ef3105f] Auth header from request: NONE
2025-03-24 16:15:29 - app.routers.work_orders - INFO - [DEBUG-6ece7e0c-6fc0-4077-8391-e6a28ef3105f] Calling security(request) to extract credentials
2025-03-24 16:15:29 - app.routers.work_orders - INFO - [DEBUG-6ece7e0c-6fc0-4077-8391-e6a28ef3105f] Credentials extracted: None
2025-03-24 16:15:29 - app.routers.work_orders - WARNING - [DEBUG-6ece7e0c-6fc0-4077-8391-e6a28ef3105f] No auth credentials found in request
2025-03-24 16:15:29 - root - INFO - [REQUEST-246656c4-f419-44b0-aef1-067cb3144428] Completed: GET /api/work-orders - Status: 401 - Time: 4.00ms
2025-03-24 16:15:29 - root - WARNING - [REQUEST-246656c4-f419-44b0-aef1-067cb3144428] Authentication failed - 401 Unauthorized response returned
2025-03-24 16:15:29 - app.core.middleware - INFO - Request c5360990-93e0-42e0-a2a0-42e12b59ad37 completed: GET http://localhost:8000/api/work-orders?page=1&limit=10 - Status: 401 - Time: 0.0100s
