2025-03-11 04:48:21 - app.core.middleware - ERROR - Unhandled exception: Error connecting to localhost:6379. Multiple exceptions: [Errno 10061] Connect call failed ('::1', 6379, 0, 0), [Errno 10061] Connect call failed ('127.0.0.1', 6379).
2025-03-11 04:48:21 - app.core.middleware - ERROR - Traceback (most recent call last):
  File "C:\Users\chee3\IdeaProjects\idims\venv\lib\site-packages\anyio\streams\memory.py", line 98, in receive
    return self.receive_nowait()
  File "C:\Users\chee3\IdeaProjects\idims\venv\lib\site-packages\anyio\streams\memory.py", line 93, in receive_nowait
    raise WouldBlock
anyio.WouldBlock

During handling of the above exception, another exception occurred:

Traceback (most recent call last):
  File "C:\Users\chee3\IdeaProjects\idims\venv\lib\site-packages\starlette\middleware\base.py", line 78, in call_next
    message = await recv_stream.receive()
  File "C:\Users\chee3\IdeaProjects\idims\venv\lib\site-packages\anyio\streams\memory.py", line 118, in receive
    raise EndOfStream
anyio.EndOfStream

During handling of the above exception, another exception occurred:

Traceback (most recent call last):
  File "C:\Users\chee3\IdeaProjects\idims\backend\app\core\middleware.py", line 101, in dispatch
    return await call_next(request)
  File "C:\Users\chee3\IdeaProjects\idims\venv\lib\site-packages\starlette\middleware\base.py", line 84, in call_next
    raise app_exc
  File "C:\Users\chee3\IdeaProjects\idims\venv\lib\site-packages\starlette\middleware\base.py", line 70, in coro
    await self.app(scope, receive_or_disconnect, send_no_error)
  File "C:\Users\chee3\IdeaProjects\idims\venv\lib\site-packages\starlette\middleware\base.py", line 108, in __call__
    response = await self.dispatch_func(request, call_next)
  File "C:\Users\chee3\IdeaProjects\idims\backend\app\core\middleware.py", line 142, in dispatch
    current = await self.redis_client.get(rate_key)
  File "C:\Users\chee3\IdeaProjects\idims\venv\lib\site-packages\redis\asyncio\client.py", line 545, in execute_command
    conn = self.connection or await pool.get_connection(command_name, **options)
  File "C:\Users\chee3\IdeaProjects\idims\venv\lib\site-packages\redis\asyncio\connection.py", line 1105, in get_connection
    await connection.connect()
  File "C:\Users\chee3\IdeaProjects\idims\venv\lib\site-packages\redis\asyncio\connection.py", line 251, in connect
    raise ConnectionError(self._error_message(e))
redis.exceptions.ConnectionError: Error connecting to localhost:6379. Multiple exceptions: [Errno 10061] Connect call failed ('::1', 6379, 0, 0), [Errno 10061] Connect call failed ('127.0.0.1', 6379).

2025-03-11 06:46:23 - app.core.middleware - ERROR - Unhandled exception: Error connecting to localhost:6379. Multiple exceptions: [Errno 10061] Connect call failed ('::1', 6379, 0, 0), [Errno 10061] Connect call failed ('127.0.0.1', 6379).
2025-03-11 06:46:23 - app.core.middleware - ERROR - Traceback (most recent call last):
  File "C:\Users\chee3\IdeaProjects\idims\venv\lib\site-packages\anyio\streams\memory.py", line 98, in receive
    return self.receive_nowait()
  File "C:\Users\chee3\IdeaProjects\idims\venv\lib\site-packages\anyio\streams\memory.py", line 93, in receive_nowait
    raise WouldBlock
anyio.WouldBlock

During handling of the above exception, another exception occurred:

Traceback (most recent call last):
  File "C:\Users\chee3\IdeaProjects\idims\venv\lib\site-packages\starlette\middleware\base.py", line 78, in call_next
    message = await recv_stream.receive()
  File "C:\Users\chee3\IdeaProjects\idims\venv\lib\site-packages\anyio\streams\memory.py", line 118, in receive
    raise EndOfStream
anyio.EndOfStream

During handling of the above exception, another exception occurred:

Traceback (most recent call last):
  File "C:\Users\chee3\IdeaProjects\idims\backend\app\core\middleware.py", line 101, in dispatch
    return await call_next(request)
  File "C:\Users\chee3\IdeaProjects\idims\venv\lib\site-packages\starlette\middleware\base.py", line 84, in call_next
    raise app_exc
  File "C:\Users\chee3\IdeaProjects\idims\venv\lib\site-packages\starlette\middleware\base.py", line 70, in coro
    await self.app(scope, receive_or_disconnect, send_no_error)
  File "C:\Users\chee3\IdeaProjects\idims\venv\lib\site-packages\starlette\middleware\base.py", line 108, in __call__
    response = await self.dispatch_func(request, call_next)
  File "C:\Users\chee3\IdeaProjects\idims\backend\app\core\middleware.py", line 142, in dispatch
    current = await self.redis_client.get(rate_key)
  File "C:\Users\chee3\IdeaProjects\idims\venv\lib\site-packages\redis\asyncio\client.py", line 545, in execute_command
    conn = self.connection or await pool.get_connection(command_name, **options)
  File "C:\Users\chee3\IdeaProjects\idims\venv\lib\site-packages\redis\asyncio\connection.py", line 1105, in get_connection
    await connection.connect()
  File "C:\Users\chee3\IdeaProjects\idims\venv\lib\site-packages\redis\asyncio\connection.py", line 251, in connect
    raise ConnectionError(self._error_message(e))
redis.exceptions.ConnectionError: Error connecting to localhost:6379. Multiple exceptions: [Errno 10061] Connect call failed ('::1', 6379, 0, 0), [Errno 10061] Connect call failed ('127.0.0.1', 6379).

2025-03-11 06:46:27 - app.core.middleware - ERROR - Unhandled exception: Error connecting to localhost:6379. Multiple exceptions: [Errno 10061] Connect call failed ('::1', 6379, 0, 0), [Errno 10061] Connect call failed ('127.0.0.1', 6379).
2025-03-11 06:46:27 - app.core.middleware - ERROR - Traceback (most recent call last):
  File "C:\Users\chee3\IdeaProjects\idims\venv\lib\site-packages\anyio\streams\memory.py", line 98, in receive
    return self.receive_nowait()
  File "C:\Users\chee3\IdeaProjects\idims\venv\lib\site-packages\anyio\streams\memory.py", line 93, in receive_nowait
    raise WouldBlock
anyio.WouldBlock

During handling of the above exception, another exception occurred:

Traceback (most recent call last):
  File "C:\Users\chee3\IdeaProjects\idims\venv\lib\site-packages\starlette\middleware\base.py", line 78, in call_next
    message = await recv_stream.receive()
  File "C:\Users\chee3\IdeaProjects\idims\venv\lib\site-packages\anyio\streams\memory.py", line 118, in receive
    raise EndOfStream
anyio.EndOfStream

During handling of the above exception, another exception occurred:

Traceback (most recent call last):
  File "C:\Users\chee3\IdeaProjects\idims\backend\app\core\middleware.py", line 101, in dispatch
    return await call_next(request)
  File "C:\Users\chee3\IdeaProjects\idims\venv\lib\site-packages\starlette\middleware\base.py", line 84, in call_next
    raise app_exc
  File "C:\Users\chee3\IdeaProjects\idims\venv\lib\site-packages\starlette\middleware\base.py", line 70, in coro
    await self.app(scope, receive_or_disconnect, send_no_error)
  File "C:\Users\chee3\IdeaProjects\idims\venv\lib\site-packages\starlette\middleware\base.py", line 108, in __call__
    response = await self.dispatch_func(request, call_next)
  File "C:\Users\chee3\IdeaProjects\idims\backend\app\core\middleware.py", line 142, in dispatch
    current = await self.redis_client.get(rate_key)
  File "C:\Users\chee3\IdeaProjects\idims\venv\lib\site-packages\redis\asyncio\client.py", line 545, in execute_command
    conn = self.connection or await pool.get_connection(command_name, **options)
  File "C:\Users\chee3\IdeaProjects\idims\venv\lib\site-packages\redis\asyncio\connection.py", line 1105, in get_connection
    await connection.connect()
  File "C:\Users\chee3\IdeaProjects\idims\venv\lib\site-packages\redis\asyncio\connection.py", line 251, in connect
    raise ConnectionError(self._error_message(e))
redis.exceptions.ConnectionError: Error connecting to localhost:6379. Multiple exceptions: [Errno 10061] Connect call failed ('::1', 6379, 0, 0), [Errno 10061] Connect call failed ('127.0.0.1', 6379).

2025-03-11 06:46:56 - app.core.middleware - ERROR - Unhandled exception: Error connecting to localhost:6379. Multiple exceptions: [Errno 10061] Connect call failed ('::1', 6379, 0, 0), [Errno 10061] Connect call failed ('127.0.0.1', 6379).
2025-03-11 06:46:56 - app.core.middleware - ERROR - Traceback (most recent call last):
  File "C:\Users\chee3\IdeaProjects\idims\venv\lib\site-packages\anyio\streams\memory.py", line 98, in receive
    return self.receive_nowait()
  File "C:\Users\chee3\IdeaProjects\idims\venv\lib\site-packages\anyio\streams\memory.py", line 93, in receive_nowait
    raise WouldBlock
anyio.WouldBlock

During handling of the above exception, another exception occurred:

Traceback (most recent call last):
  File "C:\Users\chee3\IdeaProjects\idims\venv\lib\site-packages\starlette\middleware\base.py", line 78, in call_next
    message = await recv_stream.receive()
  File "C:\Users\chee3\IdeaProjects\idims\venv\lib\site-packages\anyio\streams\memory.py", line 118, in receive
    raise EndOfStream
anyio.EndOfStream

During handling of the above exception, another exception occurred:

Traceback (most recent call last):
  File "C:\Users\chee3\IdeaProjects\idims\backend\app\core\middleware.py", line 101, in dispatch
    return await call_next(request)
  File "C:\Users\chee3\IdeaProjects\idims\venv\lib\site-packages\starlette\middleware\base.py", line 84, in call_next
    raise app_exc
  File "C:\Users\chee3\IdeaProjects\idims\venv\lib\site-packages\starlette\middleware\base.py", line 70, in coro
    await self.app(scope, receive_or_disconnect, send_no_error)
  File "C:\Users\chee3\IdeaProjects\idims\venv\lib\site-packages\starlette\middleware\base.py", line 108, in __call__
    response = await self.dispatch_func(request, call_next)
  File "C:\Users\chee3\IdeaProjects\idims\backend\app\core\middleware.py", line 142, in dispatch
    current = await self.redis_client.get(rate_key)
  File "C:\Users\chee3\IdeaProjects\idims\venv\lib\site-packages\redis\asyncio\client.py", line 545, in execute_command
    conn = self.connection or await pool.get_connection(command_name, **options)
  File "C:\Users\chee3\IdeaProjects\idims\venv\lib\site-packages\redis\asyncio\connection.py", line 1105, in get_connection
    await connection.connect()
  File "C:\Users\chee3\IdeaProjects\idims\venv\lib\site-packages\redis\asyncio\connection.py", line 251, in connect
    raise ConnectionError(self._error_message(e))
redis.exceptions.ConnectionError: Error connecting to localhost:6379. Multiple exceptions: [Errno 10061] Connect call failed ('::1', 6379, 0, 0), [Errno 10061] Connect call failed ('127.0.0.1', 6379).

2025-03-11 07:40:55 - app.core.middleware - ERROR - Unhandled exception: Error connecting to localhost:6379. Multiple exceptions: [Errno 10061] Connect call failed ('::1', 6379, 0, 0), [Errno 10061] Connect call failed ('127.0.0.1', 6379).
2025-03-11 07:40:55 - app.core.middleware - ERROR - Traceback (most recent call last):
  File "C:\Users\chee3\IdeaProjects\idims\venv\lib\site-packages\anyio\streams\memory.py", line 98, in receive
    return self.receive_nowait()
  File "C:\Users\chee3\IdeaProjects\idims\venv\lib\site-packages\anyio\streams\memory.py", line 93, in receive_nowait
    raise WouldBlock
anyio.WouldBlock

During handling of the above exception, another exception occurred:

Traceback (most recent call last):
  File "C:\Users\chee3\IdeaProjects\idims\venv\lib\site-packages\starlette\middleware\base.py", line 78, in call_next
    message = await recv_stream.receive()
  File "C:\Users\chee3\IdeaProjects\idims\venv\lib\site-packages\anyio\streams\memory.py", line 118, in receive
    raise EndOfStream
anyio.EndOfStream

During handling of the above exception, another exception occurred:

Traceback (most recent call last):
  File "C:\Users\chee3\IdeaProjects\idims\backend\app\core\middleware.py", line 101, in dispatch
    return await call_next(request)
  File "C:\Users\chee3\IdeaProjects\idims\venv\lib\site-packages\starlette\middleware\base.py", line 84, in call_next
    raise app_exc
  File "C:\Users\chee3\IdeaProjects\idims\venv\lib\site-packages\starlette\middleware\base.py", line 70, in coro
    await self.app(scope, receive_or_disconnect, send_no_error)
  File "C:\Users\chee3\IdeaProjects\idims\venv\lib\site-packages\starlette\middleware\base.py", line 108, in __call__
    response = await self.dispatch_func(request, call_next)
  File "C:\Users\chee3\IdeaProjects\idims\backend\app\core\middleware.py", line 142, in dispatch
    current = await self.redis_client.get(rate_key)
  File "C:\Users\chee3\IdeaProjects\idims\venv\lib\site-packages\redis\asyncio\client.py", line 545, in execute_command
    conn = self.connection or await pool.get_connection(command_name, **options)
  File "C:\Users\chee3\IdeaProjects\idims\venv\lib\site-packages\redis\asyncio\connection.py", line 1105, in get_connection
    await connection.connect()
  File "C:\Users\chee3\IdeaProjects\idims\venv\lib\site-packages\redis\asyncio\connection.py", line 251, in connect
    raise ConnectionError(self._error_message(e))
redis.exceptions.ConnectionError: Error connecting to localhost:6379. Multiple exceptions: [Errno 10061] Connect call failed ('::1', 6379, 0, 0), [Errno 10061] Connect call failed ('127.0.0.1', 6379).

2025-03-11 11:45:23 - app.core.middleware - ERROR - Unhandled exception: Error connecting to localhost:6379. Multiple exceptions: [Errno 10061] Connect call failed ('::1', 6379, 0, 0), [Errno 10061] Connect call failed ('127.0.0.1', 6379).
2025-03-11 11:45:23 - app.core.middleware - ERROR - Traceback (most recent call last):
  File "C:\Users\chee3\IdeaProjects\idims\venv\lib\site-packages\anyio\streams\memory.py", line 98, in receive
    return self.receive_nowait()
  File "C:\Users\chee3\IdeaProjects\idims\venv\lib\site-packages\anyio\streams\memory.py", line 93, in receive_nowait
    raise WouldBlock
anyio.WouldBlock

During handling of the above exception, another exception occurred:

Traceback (most recent call last):
  File "C:\Users\chee3\IdeaProjects\idims\venv\lib\site-packages\starlette\middleware\base.py", line 78, in call_next
    message = await recv_stream.receive()
  File "C:\Users\chee3\IdeaProjects\idims\venv\lib\site-packages\anyio\streams\memory.py", line 118, in receive
    raise EndOfStream
anyio.EndOfStream

During handling of the above exception, another exception occurred:

Traceback (most recent call last):
  File "C:\Users\chee3\IdeaProjects\idims\backend\app\core\middleware.py", line 101, in dispatch
    return await call_next(request)
  File "C:\Users\chee3\IdeaProjects\idims\venv\lib\site-packages\starlette\middleware\base.py", line 84, in call_next
    raise app_exc
  File "C:\Users\chee3\IdeaProjects\idims\venv\lib\site-packages\starlette\middleware\base.py", line 70, in coro
    await self.app(scope, receive_or_disconnect, send_no_error)
  File "C:\Users\chee3\IdeaProjects\idims\venv\lib\site-packages\starlette\middleware\base.py", line 108, in __call__
    response = await self.dispatch_func(request, call_next)
  File "C:\Users\chee3\IdeaProjects\idims\backend\app\core\middleware.py", line 142, in dispatch
    current = await self.redis_client.get(rate_key)
  File "C:\Users\chee3\IdeaProjects\idims\venv\lib\site-packages\redis\asyncio\client.py", line 545, in execute_command
    conn = self.connection or await pool.get_connection(command_name, **options)
  File "C:\Users\chee3\IdeaProjects\idims\venv\lib\site-packages\redis\asyncio\connection.py", line 1105, in get_connection
    await connection.connect()
  File "C:\Users\chee3\IdeaProjects\idims\venv\lib\site-packages\redis\asyncio\connection.py", line 251, in connect
    raise ConnectionError(self._error_message(e))
redis.exceptions.ConnectionError: Error connecting to localhost:6379. Multiple exceptions: [Errno 10061] Connect call failed ('::1', 6379, 0, 0), [Errno 10061] Connect call failed ('127.0.0.1', 6379).

2025-03-11 14:41:01 - app.core.middleware - ERROR - Unhandled exception: Error connecting to localhost:6379. Multiple exceptions: [Errno 10061] Connect call failed ('::1', 6379, 0, 0), [Errno 10061] Connect call failed ('127.0.0.1', 6379).
2025-03-11 14:41:01 - app.core.middleware - ERROR - Traceback (most recent call last):
  File "C:\Users\chee3\IdeaProjects\idims\venv\lib\site-packages\anyio\streams\memory.py", line 98, in receive
    return self.receive_nowait()
  File "C:\Users\chee3\IdeaProjects\idims\venv\lib\site-packages\anyio\streams\memory.py", line 93, in receive_nowait
    raise WouldBlock
anyio.WouldBlock

During handling of the above exception, another exception occurred:

Traceback (most recent call last):
  File "C:\Users\chee3\IdeaProjects\idims\venv\lib\site-packages\starlette\middleware\base.py", line 78, in call_next
    message = await recv_stream.receive()
  File "C:\Users\chee3\IdeaProjects\idims\venv\lib\site-packages\anyio\streams\memory.py", line 118, in receive
    raise EndOfStream
anyio.EndOfStream

During handling of the above exception, another exception occurred:

Traceback (most recent call last):
  File "C:\Users\chee3\IdeaProjects\idims\backend\app\core\middleware.py", line 101, in dispatch
    return await call_next(request)
  File "C:\Users\chee3\IdeaProjects\idims\venv\lib\site-packages\starlette\middleware\base.py", line 84, in call_next
    raise app_exc
  File "C:\Users\chee3\IdeaProjects\idims\venv\lib\site-packages\starlette\middleware\base.py", line 70, in coro
    await self.app(scope, receive_or_disconnect, send_no_error)
  File "C:\Users\chee3\IdeaProjects\idims\venv\lib\site-packages\starlette\middleware\base.py", line 108, in __call__
    response = await self.dispatch_func(request, call_next)
  File "C:\Users\chee3\IdeaProjects\idims\backend\app\core\middleware.py", line 142, in dispatch
    current = await self.redis_client.get(rate_key)
  File "C:\Users\chee3\IdeaProjects\idims\venv\lib\site-packages\redis\asyncio\client.py", line 545, in execute_command
    conn = self.connection or await pool.get_connection(command_name, **options)
  File "C:\Users\chee3\IdeaProjects\idims\venv\lib\site-packages\redis\asyncio\connection.py", line 1105, in get_connection
    await connection.connect()
  File "C:\Users\chee3\IdeaProjects\idims\venv\lib\site-packages\redis\asyncio\connection.py", line 251, in connect
    raise ConnectionError(self._error_message(e))
redis.exceptions.ConnectionError: Error connecting to localhost:6379. Multiple exceptions: [Errno 10061] Connect call failed ('::1', 6379, 0, 0), [Errno 10061] Connect call failed ('127.0.0.1', 6379).

2025-03-11 14:41:06 - app.core.middleware - ERROR - Unhandled exception: Error connecting to localhost:6379. Multiple exceptions: [Errno 10061] Connect call failed ('::1', 6379, 0, 0), [Errno 10061] Connect call failed ('127.0.0.1', 6379).
2025-03-11 14:41:06 - app.core.middleware - ERROR - Traceback (most recent call last):
  File "C:\Users\chee3\IdeaProjects\idims\venv\lib\site-packages\anyio\streams\memory.py", line 98, in receive
    return self.receive_nowait()
  File "C:\Users\chee3\IdeaProjects\idims\venv\lib\site-packages\anyio\streams\memory.py", line 93, in receive_nowait
    raise WouldBlock
anyio.WouldBlock

During handling of the above exception, another exception occurred:

Traceback (most recent call last):
  File "C:\Users\chee3\IdeaProjects\idims\venv\lib\site-packages\starlette\middleware\base.py", line 78, in call_next
    message = await recv_stream.receive()
  File "C:\Users\chee3\IdeaProjects\idims\venv\lib\site-packages\anyio\streams\memory.py", line 118, in receive
    raise EndOfStream
anyio.EndOfStream

During handling of the above exception, another exception occurred:

Traceback (most recent call last):
  File "C:\Users\chee3\IdeaProjects\idims\backend\app\core\middleware.py", line 101, in dispatch
    return await call_next(request)
  File "C:\Users\chee3\IdeaProjects\idims\venv\lib\site-packages\starlette\middleware\base.py", line 84, in call_next
    raise app_exc
  File "C:\Users\chee3\IdeaProjects\idims\venv\lib\site-packages\starlette\middleware\base.py", line 70, in coro
    await self.app(scope, receive_or_disconnect, send_no_error)
  File "C:\Users\chee3\IdeaProjects\idims\venv\lib\site-packages\starlette\middleware\base.py", line 108, in __call__
    response = await self.dispatch_func(request, call_next)
  File "C:\Users\chee3\IdeaProjects\idims\backend\app\core\middleware.py", line 142, in dispatch
    current = await self.redis_client.get(rate_key)
  File "C:\Users\chee3\IdeaProjects\idims\venv\lib\site-packages\redis\asyncio\client.py", line 545, in execute_command
    conn = self.connection or await pool.get_connection(command_name, **options)
  File "C:\Users\chee3\IdeaProjects\idims\venv\lib\site-packages\redis\asyncio\connection.py", line 1105, in get_connection
    await connection.connect()
  File "C:\Users\chee3\IdeaProjects\idims\venv\lib\site-packages\redis\asyncio\connection.py", line 251, in connect
    raise ConnectionError(self._error_message(e))
redis.exceptions.ConnectionError: Error connecting to localhost:6379. Multiple exceptions: [Errno 10061] Connect call failed ('::1', 6379, 0, 0), [Errno 10061] Connect call failed ('127.0.0.1', 6379).

2025-03-11 14:59:33 - app.core.middleware - ERROR - Unhandled exception: Error connecting to localhost:6379. Multiple exceptions: [Errno 10061] Connect call failed ('::1', 6379, 0, 0), [Errno 10061] Connect call failed ('127.0.0.1', 6379).
2025-03-11 14:59:33 - app.core.middleware - ERROR - Traceback (most recent call last):
  File "C:\Users\chee3\IdeaProjects\idims\venv\lib\site-packages\anyio\streams\memory.py", line 98, in receive
    return self.receive_nowait()
  File "C:\Users\chee3\IdeaProjects\idims\venv\lib\site-packages\anyio\streams\memory.py", line 93, in receive_nowait
    raise WouldBlock
anyio.WouldBlock

During handling of the above exception, another exception occurred:

Traceback (most recent call last):
  File "C:\Users\chee3\IdeaProjects\idims\venv\lib\site-packages\starlette\middleware\base.py", line 78, in call_next
    message = await recv_stream.receive()
  File "C:\Users\chee3\IdeaProjects\idims\venv\lib\site-packages\anyio\streams\memory.py", line 118, in receive
    raise EndOfStream
anyio.EndOfStream

During handling of the above exception, another exception occurred:

Traceback (most recent call last):
  File "C:\Users\chee3\IdeaProjects\idims\backend\app\core\middleware.py", line 101, in dispatch
    return await call_next(request)
  File "C:\Users\chee3\IdeaProjects\idims\venv\lib\site-packages\starlette\middleware\base.py", line 84, in call_next
    raise app_exc
  File "C:\Users\chee3\IdeaProjects\idims\venv\lib\site-packages\starlette\middleware\base.py", line 70, in coro
    await self.app(scope, receive_or_disconnect, send_no_error)
  File "C:\Users\chee3\IdeaProjects\idims\venv\lib\site-packages\starlette\middleware\base.py", line 108, in __call__
    response = await self.dispatch_func(request, call_next)
  File "C:\Users\chee3\IdeaProjects\idims\backend\app\core\middleware.py", line 142, in dispatch
    current = await self.redis_client.get(rate_key)
  File "C:\Users\chee3\IdeaProjects\idims\venv\lib\site-packages\redis\asyncio\client.py", line 545, in execute_command
    conn = self.connection or await pool.get_connection(command_name, **options)
  File "C:\Users\chee3\IdeaProjects\idims\venv\lib\site-packages\redis\asyncio\connection.py", line 1105, in get_connection
    await connection.connect()
  File "C:\Users\chee3\IdeaProjects\idims\venv\lib\site-packages\redis\asyncio\connection.py", line 251, in connect
    raise ConnectionError(self._error_message(e))
redis.exceptions.ConnectionError: Error connecting to localhost:6379. Multiple exceptions: [Errno 10061] Connect call failed ('::1', 6379, 0, 0), [Errno 10061] Connect call failed ('127.0.0.1', 6379).

2025-03-11 21:24:37 - app.core.middleware - ERROR - Unhandled exception: Error connecting to localhost:6379. Multiple exceptions: [Errno 10061] Connect call failed ('::1', 6379, 0, 0), [Errno 10061] Connect call failed ('127.0.0.1', 6379).
2025-03-11 21:24:37 - app.core.middleware - ERROR - Traceback (most recent call last):
  File "C:\Users\chee3\IdeaProjects\idims\venv\lib\site-packages\anyio\streams\memory.py", line 98, in receive
    return self.receive_nowait()
  File "C:\Users\chee3\IdeaProjects\idims\venv\lib\site-packages\anyio\streams\memory.py", line 93, in receive_nowait
    raise WouldBlock
anyio.WouldBlock

During handling of the above exception, another exception occurred:

Traceback (most recent call last):
  File "C:\Users\chee3\IdeaProjects\idims\venv\lib\site-packages\starlette\middleware\base.py", line 78, in call_next
    message = await recv_stream.receive()
  File "C:\Users\chee3\IdeaProjects\idims\venv\lib\site-packages\anyio\streams\memory.py", line 118, in receive
    raise EndOfStream
anyio.EndOfStream

During handling of the above exception, another exception occurred:

Traceback (most recent call last):
  File "C:\Users\chee3\IdeaProjects\idims\backend\app\core\middleware.py", line 101, in dispatch
    return await call_next(request)
  File "C:\Users\chee3\IdeaProjects\idims\venv\lib\site-packages\starlette\middleware\base.py", line 84, in call_next
    raise app_exc
  File "C:\Users\chee3\IdeaProjects\idims\venv\lib\site-packages\starlette\middleware\base.py", line 70, in coro
    await self.app(scope, receive_or_disconnect, send_no_error)
  File "C:\Users\chee3\IdeaProjects\idims\venv\lib\site-packages\starlette\middleware\base.py", line 108, in __call__
    response = await self.dispatch_func(request, call_next)
  File "C:\Users\chee3\IdeaProjects\idims\backend\app\core\middleware.py", line 142, in dispatch
    current = await self.redis_client.get(rate_key)
  File "C:\Users\chee3\IdeaProjects\idims\venv\lib\site-packages\redis\asyncio\client.py", line 545, in execute_command
    conn = self.connection or await pool.get_connection(command_name, **options)
  File "C:\Users\chee3\IdeaProjects\idims\venv\lib\site-packages\redis\asyncio\connection.py", line 1105, in get_connection
    await connection.connect()
  File "C:\Users\chee3\IdeaProjects\idims\venv\lib\site-packages\redis\asyncio\connection.py", line 251, in connect
    raise ConnectionError(self._error_message(e))
redis.exceptions.ConnectionError: Error connecting to localhost:6379. Multiple exceptions: [Errno 10061] Connect call failed ('::1', 6379, 0, 0), [Errno 10061] Connect call failed ('127.0.0.1', 6379).

2025-03-12 22:34:47 - app.core.middleware - ERROR - Unhandled exception: Error connecting to localhost:6379. Multiple exceptions: [Errno 10061] Connect call failed ('::1', 6379, 0, 0), [Errno 10061] Connect call failed ('127.0.0.1', 6379).
2025-03-12 22:34:47 - app.core.middleware - ERROR - Traceback (most recent call last):
  File "C:\Users\chee3\IdeaProjects\idims\venv\lib\site-packages\anyio\streams\memory.py", line 98, in receive
    return self.receive_nowait()
  File "C:\Users\chee3\IdeaProjects\idims\venv\lib\site-packages\anyio\streams\memory.py", line 93, in receive_nowait
    raise WouldBlock
anyio.WouldBlock

During handling of the above exception, another exception occurred:

Traceback (most recent call last):
  File "C:\Users\chee3\IdeaProjects\idims\venv\lib\site-packages\starlette\middleware\base.py", line 78, in call_next
    message = await recv_stream.receive()
  File "C:\Users\chee3\IdeaProjects\idims\venv\lib\site-packages\anyio\streams\memory.py", line 118, in receive
    raise EndOfStream
anyio.EndOfStream

During handling of the above exception, another exception occurred:

Traceback (most recent call last):
  File "C:\Users\chee3\IdeaProjects\idims\backend\app\core\middleware.py", line 101, in dispatch
    return await call_next(request)
  File "C:\Users\chee3\IdeaProjects\idims\venv\lib\site-packages\starlette\middleware\base.py", line 84, in call_next
    raise app_exc
  File "C:\Users\chee3\IdeaProjects\idims\venv\lib\site-packages\starlette\middleware\base.py", line 70, in coro
    await self.app(scope, receive_or_disconnect, send_no_error)
  File "C:\Users\chee3\IdeaProjects\idims\venv\lib\site-packages\starlette\middleware\base.py", line 108, in __call__
    response = await self.dispatch_func(request, call_next)
  File "C:\Users\chee3\IdeaProjects\idims\backend\app\core\middleware.py", line 142, in dispatch
    current = await self.redis_client.get(rate_key)
  File "C:\Users\chee3\IdeaProjects\idims\venv\lib\site-packages\redis\asyncio\client.py", line 545, in execute_command
    conn = self.connection or await pool.get_connection(command_name, **options)
  File "C:\Users\chee3\IdeaProjects\idims\venv\lib\site-packages\redis\asyncio\connection.py", line 1105, in get_connection
    await connection.connect()
  File "C:\Users\chee3\IdeaProjects\idims\venv\lib\site-packages\redis\asyncio\connection.py", line 251, in connect
    raise ConnectionError(self._error_message(e))
redis.exceptions.ConnectionError: Error connecting to localhost:6379. Multiple exceptions: [Errno 10061] Connect call failed ('::1', 6379, 0, 0), [Errno 10061] Connect call failed ('127.0.0.1', 6379).

2025-03-13 22:00:51 - app.core.middleware - ERROR - Unhandled exception: Error connecting to localhost:6379. Multiple exceptions: [Errno 10061] Connect call failed ('::1', 6379, 0, 0), [Errno 10061] Connect call failed ('127.0.0.1', 6379).
2025-03-13 22:00:51 - app.core.middleware - ERROR - Traceback (most recent call last):
  File "C:\Users\chee3\IdeaProjects\idims\venv\lib\site-packages\anyio\streams\memory.py", line 98, in receive
    return self.receive_nowait()
  File "C:\Users\chee3\IdeaProjects\idims\venv\lib\site-packages\anyio\streams\memory.py", line 93, in receive_nowait
    raise WouldBlock
anyio.WouldBlock

During handling of the above exception, another exception occurred:

Traceback (most recent call last):
  File "C:\Users\chee3\IdeaProjects\idims\venv\lib\site-packages\starlette\middleware\base.py", line 78, in call_next
    message = await recv_stream.receive()
  File "C:\Users\chee3\IdeaProjects\idims\venv\lib\site-packages\anyio\streams\memory.py", line 118, in receive
    raise EndOfStream
anyio.EndOfStream

During handling of the above exception, another exception occurred:

Traceback (most recent call last):
  File "C:\Users\chee3\IdeaProjects\idims\backend\app\core\middleware.py", line 101, in dispatch
    return await call_next(request)
  File "C:\Users\chee3\IdeaProjects\idims\venv\lib\site-packages\starlette\middleware\base.py", line 84, in call_next
    raise app_exc
  File "C:\Users\chee3\IdeaProjects\idims\venv\lib\site-packages\starlette\middleware\base.py", line 70, in coro
    await self.app(scope, receive_or_disconnect, send_no_error)
  File "C:\Users\chee3\IdeaProjects\idims\venv\lib\site-packages\starlette\middleware\base.py", line 108, in __call__
    response = await self.dispatch_func(request, call_next)
  File "C:\Users\chee3\IdeaProjects\idims\backend\app\core\middleware.py", line 142, in dispatch
    current = await self.redis_client.get(rate_key)
  File "C:\Users\chee3\IdeaProjects\idims\venv\lib\site-packages\redis\asyncio\client.py", line 545, in execute_command
    conn = self.connection or await pool.get_connection(command_name, **options)
  File "C:\Users\chee3\IdeaProjects\idims\venv\lib\site-packages\redis\asyncio\connection.py", line 1105, in get_connection
    await connection.connect()
  File "C:\Users\chee3\IdeaProjects\idims\venv\lib\site-packages\redis\asyncio\connection.py", line 251, in connect
    raise ConnectionError(self._error_message(e))
redis.exceptions.ConnectionError: Error connecting to localhost:6379. Multiple exceptions: [Errno 10061] Connect call failed ('::1', 6379, 0, 0), [Errno 10061] Connect call failed ('127.0.0.1', 6379).

2025-03-13 22:00:51 - app.core.middleware - ERROR - Unhandled exception: Error connecting to localhost:6379. Multiple exceptions: [Errno 10061] Connect call failed ('::1', 6379, 0, 0), [Errno 10061] Connect call failed ('127.0.0.1', 6379).
2025-03-13 22:00:51 - app.core.middleware - ERROR - Traceback (most recent call last):
  File "C:\Users\chee3\IdeaProjects\idims\venv\lib\site-packages\anyio\streams\memory.py", line 98, in receive
    return self.receive_nowait()
  File "C:\Users\chee3\IdeaProjects\idims\venv\lib\site-packages\anyio\streams\memory.py", line 93, in receive_nowait
    raise WouldBlock
anyio.WouldBlock

During handling of the above exception, another exception occurred:

Traceback (most recent call last):
  File "C:\Users\chee3\IdeaProjects\idims\venv\lib\site-packages\starlette\middleware\base.py", line 78, in call_next
    message = await recv_stream.receive()
  File "C:\Users\chee3\IdeaProjects\idims\venv\lib\site-packages\anyio\streams\memory.py", line 118, in receive
    raise EndOfStream
anyio.EndOfStream

During handling of the above exception, another exception occurred:

Traceback (most recent call last):
  File "C:\Users\chee3\IdeaProjects\idims\backend\app\core\middleware.py", line 101, in dispatch
    return await call_next(request)
  File "C:\Users\chee3\IdeaProjects\idims\venv\lib\site-packages\starlette\middleware\base.py", line 84, in call_next
    raise app_exc
  File "C:\Users\chee3\IdeaProjects\idims\venv\lib\site-packages\starlette\middleware\base.py", line 70, in coro
    await self.app(scope, receive_or_disconnect, send_no_error)
  File "C:\Users\chee3\IdeaProjects\idims\venv\lib\site-packages\starlette\middleware\base.py", line 108, in __call__
    response = await self.dispatch_func(request, call_next)
  File "C:\Users\chee3\IdeaProjects\idims\backend\app\core\middleware.py", line 142, in dispatch
    current = await self.redis_client.get(rate_key)
  File "C:\Users\chee3\IdeaProjects\idims\venv\lib\site-packages\redis\asyncio\client.py", line 545, in execute_command
    conn = self.connection or await pool.get_connection(command_name, **options)
  File "C:\Users\chee3\IdeaProjects\idims\venv\lib\site-packages\redis\asyncio\connection.py", line 1105, in get_connection
    await connection.connect()
  File "C:\Users\chee3\IdeaProjects\idims\venv\lib\site-packages\redis\asyncio\connection.py", line 251, in connect
    raise ConnectionError(self._error_message(e))
redis.exceptions.ConnectionError: Error connecting to localhost:6379. Multiple exceptions: [Errno 10061] Connect call failed ('::1', 6379, 0, 0), [Errno 10061] Connect call failed ('127.0.0.1', 6379).

2025-03-13 22:00:51 - app.core.middleware - ERROR - Unhandled exception: Error connecting to localhost:6379. Multiple exceptions: [Errno 10061] Connect call failed ('::1', 6379, 0, 0), [Errno 10061] Connect call failed ('127.0.0.1', 6379).
2025-03-13 22:00:51 - app.core.middleware - ERROR - Traceback (most recent call last):
  File "C:\Users\chee3\IdeaProjects\idims\venv\lib\site-packages\anyio\streams\memory.py", line 98, in receive
    return self.receive_nowait()
  File "C:\Users\chee3\IdeaProjects\idims\venv\lib\site-packages\anyio\streams\memory.py", line 93, in receive_nowait
    raise WouldBlock
anyio.WouldBlock

During handling of the above exception, another exception occurred:

Traceback (most recent call last):
  File "C:\Users\chee3\IdeaProjects\idims\venv\lib\site-packages\starlette\middleware\base.py", line 78, in call_next
    message = await recv_stream.receive()
  File "C:\Users\chee3\IdeaProjects\idims\venv\lib\site-packages\anyio\streams\memory.py", line 118, in receive
    raise EndOfStream
anyio.EndOfStream

During handling of the above exception, another exception occurred:

Traceback (most recent call last):
  File "C:\Users\chee3\IdeaProjects\idims\backend\app\core\middleware.py", line 101, in dispatch
    return await call_next(request)
  File "C:\Users\chee3\IdeaProjects\idims\venv\lib\site-packages\starlette\middleware\base.py", line 84, in call_next
    raise app_exc
  File "C:\Users\chee3\IdeaProjects\idims\venv\lib\site-packages\starlette\middleware\base.py", line 70, in coro
    await self.app(scope, receive_or_disconnect, send_no_error)
  File "C:\Users\chee3\IdeaProjects\idims\venv\lib\site-packages\starlette\middleware\base.py", line 108, in __call__
    response = await self.dispatch_func(request, call_next)
  File "C:\Users\chee3\IdeaProjects\idims\backend\app\core\middleware.py", line 142, in dispatch
    current = await self.redis_client.get(rate_key)
  File "C:\Users\chee3\IdeaProjects\idims\venv\lib\site-packages\redis\asyncio\client.py", line 545, in execute_command
    conn = self.connection or await pool.get_connection(command_name, **options)
  File "C:\Users\chee3\IdeaProjects\idims\venv\lib\site-packages\redis\asyncio\connection.py", line 1105, in get_connection
    await connection.connect()
  File "C:\Users\chee3\IdeaProjects\idims\venv\lib\site-packages\redis\asyncio\connection.py", line 251, in connect
    raise ConnectionError(self._error_message(e))
redis.exceptions.ConnectionError: Error connecting to localhost:6379. Multiple exceptions: [Errno 10061] Connect call failed ('::1', 6379, 0, 0), [Errno 10061] Connect call failed ('127.0.0.1', 6379).

2025-03-13 22:00:51 - app.core.middleware - ERROR - Unhandled exception: Error connecting to localhost:6379. Multiple exceptions: [Errno 10061] Connect call failed ('::1', 6379, 0, 0), [Errno 10061] Connect call failed ('127.0.0.1', 6379).
2025-03-13 22:00:51 - app.core.middleware - ERROR - Traceback (most recent call last):
  File "C:\Users\chee3\IdeaProjects\idims\venv\lib\site-packages\anyio\streams\memory.py", line 98, in receive
    return self.receive_nowait()
  File "C:\Users\chee3\IdeaProjects\idims\venv\lib\site-packages\anyio\streams\memory.py", line 93, in receive_nowait
    raise WouldBlock
anyio.WouldBlock

During handling of the above exception, another exception occurred:

Traceback (most recent call last):
  File "C:\Users\chee3\IdeaProjects\idims\venv\lib\site-packages\starlette\middleware\base.py", line 78, in call_next
    message = await recv_stream.receive()
  File "C:\Users\chee3\IdeaProjects\idims\venv\lib\site-packages\anyio\streams\memory.py", line 118, in receive
    raise EndOfStream
anyio.EndOfStream

During handling of the above exception, another exception occurred:

Traceback (most recent call last):
  File "C:\Users\chee3\IdeaProjects\idims\backend\app\core\middleware.py", line 101, in dispatch
    return await call_next(request)
  File "C:\Users\chee3\IdeaProjects\idims\venv\lib\site-packages\starlette\middleware\base.py", line 84, in call_next
    raise app_exc
  File "C:\Users\chee3\IdeaProjects\idims\venv\lib\site-packages\starlette\middleware\base.py", line 70, in coro
    await self.app(scope, receive_or_disconnect, send_no_error)
  File "C:\Users\chee3\IdeaProjects\idims\venv\lib\site-packages\starlette\middleware\base.py", line 108, in __call__
    response = await self.dispatch_func(request, call_next)
  File "C:\Users\chee3\IdeaProjects\idims\backend\app\core\middleware.py", line 142, in dispatch
    current = await self.redis_client.get(rate_key)
  File "C:\Users\chee3\IdeaProjects\idims\venv\lib\site-packages\redis\asyncio\client.py", line 545, in execute_command
    conn = self.connection or await pool.get_connection(command_name, **options)
  File "C:\Users\chee3\IdeaProjects\idims\venv\lib\site-packages\redis\asyncio\connection.py", line 1105, in get_connection
    await connection.connect()
  File "C:\Users\chee3\IdeaProjects\idims\venv\lib\site-packages\redis\asyncio\connection.py", line 251, in connect
    raise ConnectionError(self._error_message(e))
redis.exceptions.ConnectionError: Error connecting to localhost:6379. Multiple exceptions: [Errno 10061] Connect call failed ('::1', 6379, 0, 0), [Errno 10061] Connect call failed ('127.0.0.1', 6379).

2025-03-13 22:00:51 - app.core.middleware - ERROR - Unhandled exception: Error connecting to localhost:6379. Multiple exceptions: [Errno 10061] Connect call failed ('::1', 6379, 0, 0), [Errno 10061] Connect call failed ('127.0.0.1', 6379).
2025-03-13 22:00:51 - app.core.middleware - ERROR - Traceback (most recent call last):
  File "C:\Users\chee3\IdeaProjects\idims\venv\lib\site-packages\anyio\streams\memory.py", line 98, in receive
    return self.receive_nowait()
  File "C:\Users\chee3\IdeaProjects\idims\venv\lib\site-packages\anyio\streams\memory.py", line 93, in receive_nowait
    raise WouldBlock
anyio.WouldBlock

During handling of the above exception, another exception occurred:

Traceback (most recent call last):
  File "C:\Users\chee3\IdeaProjects\idims\venv\lib\site-packages\starlette\middleware\base.py", line 78, in call_next
    message = await recv_stream.receive()
  File "C:\Users\chee3\IdeaProjects\idims\venv\lib\site-packages\anyio\streams\memory.py", line 118, in receive
    raise EndOfStream
anyio.EndOfStream

During handling of the above exception, another exception occurred:

Traceback (most recent call last):
  File "C:\Users\chee3\IdeaProjects\idims\backend\app\core\middleware.py", line 101, in dispatch
    return await call_next(request)
  File "C:\Users\chee3\IdeaProjects\idims\venv\lib\site-packages\starlette\middleware\base.py", line 84, in call_next
    raise app_exc
  File "C:\Users\chee3\IdeaProjects\idims\venv\lib\site-packages\starlette\middleware\base.py", line 70, in coro
    await self.app(scope, receive_or_disconnect, send_no_error)
  File "C:\Users\chee3\IdeaProjects\idims\venv\lib\site-packages\starlette\middleware\base.py", line 108, in __call__
    response = await self.dispatch_func(request, call_next)
  File "C:\Users\chee3\IdeaProjects\idims\backend\app\core\middleware.py", line 142, in dispatch
    current = await self.redis_client.get(rate_key)
  File "C:\Users\chee3\IdeaProjects\idims\venv\lib\site-packages\redis\asyncio\client.py", line 545, in execute_command
    conn = self.connection or await pool.get_connection(command_name, **options)
  File "C:\Users\chee3\IdeaProjects\idims\venv\lib\site-packages\redis\asyncio\connection.py", line 1105, in get_connection
    await connection.connect()
  File "C:\Users\chee3\IdeaProjects\idims\venv\lib\site-packages\redis\asyncio\connection.py", line 251, in connect
    raise ConnectionError(self._error_message(e))
redis.exceptions.ConnectionError: Error connecting to localhost:6379. Multiple exceptions: [Errno 10061] Connect call failed ('::1', 6379, 0, 0), [Errno 10061] Connect call failed ('127.0.0.1', 6379).

2025-03-13 22:00:51 - app.core.middleware - ERROR - Unhandled exception: Error connecting to localhost:6379. Multiple exceptions: [Errno 10061] Connect call failed ('::1', 6379, 0, 0), [Errno 10061] Connect call failed ('127.0.0.1', 6379).
2025-03-13 22:00:51 - app.core.middleware - ERROR - Traceback (most recent call last):
  File "C:\Users\chee3\IdeaProjects\idims\venv\lib\site-packages\anyio\streams\memory.py", line 98, in receive
    return self.receive_nowait()
  File "C:\Users\chee3\IdeaProjects\idims\venv\lib\site-packages\anyio\streams\memory.py", line 93, in receive_nowait
    raise WouldBlock
anyio.WouldBlock

During handling of the above exception, another exception occurred:

Traceback (most recent call last):
  File "C:\Users\chee3\IdeaProjects\idims\venv\lib\site-packages\starlette\middleware\base.py", line 78, in call_next
    message = await recv_stream.receive()
  File "C:\Users\chee3\IdeaProjects\idims\venv\lib\site-packages\anyio\streams\memory.py", line 118, in receive
    raise EndOfStream
anyio.EndOfStream

During handling of the above exception, another exception occurred:

Traceback (most recent call last):
  File "C:\Users\chee3\IdeaProjects\idims\backend\app\core\middleware.py", line 101, in dispatch
    return await call_next(request)
  File "C:\Users\chee3\IdeaProjects\idims\venv\lib\site-packages\starlette\middleware\base.py", line 84, in call_next
    raise app_exc
  File "C:\Users\chee3\IdeaProjects\idims\venv\lib\site-packages\starlette\middleware\base.py", line 70, in coro
    await self.app(scope, receive_or_disconnect, send_no_error)
  File "C:\Users\chee3\IdeaProjects\idims\venv\lib\site-packages\starlette\middleware\base.py", line 108, in __call__
    response = await self.dispatch_func(request, call_next)
  File "C:\Users\chee3\IdeaProjects\idims\backend\app\core\middleware.py", line 142, in dispatch
    current = await self.redis_client.get(rate_key)
  File "C:\Users\chee3\IdeaProjects\idims\venv\lib\site-packages\redis\asyncio\client.py", line 545, in execute_command
    conn = self.connection or await pool.get_connection(command_name, **options)
  File "C:\Users\chee3\IdeaProjects\idims\venv\lib\site-packages\redis\asyncio\connection.py", line 1105, in get_connection
    await connection.connect()
  File "C:\Users\chee3\IdeaProjects\idims\venv\lib\site-packages\redis\asyncio\connection.py", line 251, in connect
    raise ConnectionError(self._error_message(e))
redis.exceptions.ConnectionError: Error connecting to localhost:6379. Multiple exceptions: [Errno 10061] Connect call failed ('::1', 6379, 0, 0), [Errno 10061] Connect call failed ('127.0.0.1', 6379).

2025-03-13 22:00:51 - app.core.middleware - ERROR - Unhandled exception: Error connecting to localhost:6379. Multiple exceptions: [Errno 10061] Connect call failed ('::1', 6379, 0, 0), [Errno 10061] Connect call failed ('127.0.0.1', 6379).
2025-03-13 22:00:51 - app.core.middleware - ERROR - Traceback (most recent call last):
  File "C:\Users\chee3\IdeaProjects\idims\venv\lib\site-packages\anyio\streams\memory.py", line 98, in receive
    return self.receive_nowait()
  File "C:\Users\chee3\IdeaProjects\idims\venv\lib\site-packages\anyio\streams\memory.py", line 93, in receive_nowait
    raise WouldBlock
anyio.WouldBlock

During handling of the above exception, another exception occurred:

Traceback (most recent call last):
  File "C:\Users\chee3\IdeaProjects\idims\venv\lib\site-packages\starlette\middleware\base.py", line 78, in call_next
    message = await recv_stream.receive()
  File "C:\Users\chee3\IdeaProjects\idims\venv\lib\site-packages\anyio\streams\memory.py", line 118, in receive
    raise EndOfStream
anyio.EndOfStream

During handling of the above exception, another exception occurred:

Traceback (most recent call last):
  File "C:\Users\chee3\IdeaProjects\idims\backend\app\core\middleware.py", line 101, in dispatch
    return await call_next(request)
  File "C:\Users\chee3\IdeaProjects\idims\venv\lib\site-packages\starlette\middleware\base.py", line 84, in call_next
    raise app_exc
  File "C:\Users\chee3\IdeaProjects\idims\venv\lib\site-packages\starlette\middleware\base.py", line 70, in coro
    await self.app(scope, receive_or_disconnect, send_no_error)
  File "C:\Users\chee3\IdeaProjects\idims\venv\lib\site-packages\starlette\middleware\base.py", line 108, in __call__
    response = await self.dispatch_func(request, call_next)
  File "C:\Users\chee3\IdeaProjects\idims\backend\app\core\middleware.py", line 142, in dispatch
    current = await self.redis_client.get(rate_key)
  File "C:\Users\chee3\IdeaProjects\idims\venv\lib\site-packages\redis\asyncio\client.py", line 545, in execute_command
    conn = self.connection or await pool.get_connection(command_name, **options)
  File "C:\Users\chee3\IdeaProjects\idims\venv\lib\site-packages\redis\asyncio\connection.py", line 1105, in get_connection
    await connection.connect()
  File "C:\Users\chee3\IdeaProjects\idims\venv\lib\site-packages\redis\asyncio\connection.py", line 251, in connect
    raise ConnectionError(self._error_message(e))
redis.exceptions.ConnectionError: Error connecting to localhost:6379. Multiple exceptions: [Errno 10061] Connect call failed ('::1', 6379, 0, 0), [Errno 10061] Connect call failed ('127.0.0.1', 6379).

2025-03-13 22:00:51 - app.core.middleware - ERROR - Unhandled exception: Error connecting to localhost:6379. Multiple exceptions: [Errno 10061] Connect call failed ('::1', 6379, 0, 0), [Errno 10061] Connect call failed ('127.0.0.1', 6379).
2025-03-13 22:00:51 - app.core.middleware - ERROR - Traceback (most recent call last):
  File "C:\Users\chee3\IdeaProjects\idims\venv\lib\site-packages\anyio\streams\memory.py", line 98, in receive
    return self.receive_nowait()
  File "C:\Users\chee3\IdeaProjects\idims\venv\lib\site-packages\anyio\streams\memory.py", line 93, in receive_nowait
    raise WouldBlock
anyio.WouldBlock

During handling of the above exception, another exception occurred:

Traceback (most recent call last):
  File "C:\Users\chee3\IdeaProjects\idims\venv\lib\site-packages\starlette\middleware\base.py", line 78, in call_next
    message = await recv_stream.receive()
  File "C:\Users\chee3\IdeaProjects\idims\venv\lib\site-packages\anyio\streams\memory.py", line 118, in receive
    raise EndOfStream
anyio.EndOfStream

During handling of the above exception, another exception occurred:

Traceback (most recent call last):
  File "C:\Users\chee3\IdeaProjects\idims\backend\app\core\middleware.py", line 101, in dispatch
    return await call_next(request)
  File "C:\Users\chee3\IdeaProjects\idims\venv\lib\site-packages\starlette\middleware\base.py", line 84, in call_next
    raise app_exc
  File "C:\Users\chee3\IdeaProjects\idims\venv\lib\site-packages\starlette\middleware\base.py", line 70, in coro
    await self.app(scope, receive_or_disconnect, send_no_error)
  File "C:\Users\chee3\IdeaProjects\idims\venv\lib\site-packages\starlette\middleware\base.py", line 108, in __call__
    response = await self.dispatch_func(request, call_next)
  File "C:\Users\chee3\IdeaProjects\idims\backend\app\core\middleware.py", line 142, in dispatch
    current = await self.redis_client.get(rate_key)
  File "C:\Users\chee3\IdeaProjects\idims\venv\lib\site-packages\redis\asyncio\client.py", line 545, in execute_command
    conn = self.connection or await pool.get_connection(command_name, **options)
  File "C:\Users\chee3\IdeaProjects\idims\venv\lib\site-packages\redis\asyncio\connection.py", line 1105, in get_connection
    await connection.connect()
  File "C:\Users\chee3\IdeaProjects\idims\venv\lib\site-packages\redis\asyncio\connection.py", line 251, in connect
    raise ConnectionError(self._error_message(e))
redis.exceptions.ConnectionError: Error connecting to localhost:6379. Multiple exceptions: [Errno 10061] Connect call failed ('::1', 6379, 0, 0), [Errno 10061] Connect call failed ('127.0.0.1', 6379).

2025-03-13 22:00:51 - app.core.middleware - ERROR - Unhandled exception: Error connecting to localhost:6379. Multiple exceptions: [Errno 10061] Connect call failed ('::1', 6379, 0, 0), [Errno 10061] Connect call failed ('127.0.0.1', 6379).
2025-03-13 22:00:51 - app.core.middleware - ERROR - Traceback (most recent call last):
  File "C:\Users\chee3\IdeaProjects\idims\venv\lib\site-packages\anyio\streams\memory.py", line 98, in receive
    return self.receive_nowait()
  File "C:\Users\chee3\IdeaProjects\idims\venv\lib\site-packages\anyio\streams\memory.py", line 93, in receive_nowait
    raise WouldBlock
anyio.WouldBlock

During handling of the above exception, another exception occurred:

Traceback (most recent call last):
  File "C:\Users\chee3\IdeaProjects\idims\venv\lib\site-packages\starlette\middleware\base.py", line 78, in call_next
    message = await recv_stream.receive()
  File "C:\Users\chee3\IdeaProjects\idims\venv\lib\site-packages\anyio\streams\memory.py", line 118, in receive
    raise EndOfStream
anyio.EndOfStream

During handling of the above exception, another exception occurred:

Traceback (most recent call last):
  File "C:\Users\chee3\IdeaProjects\idims\backend\app\core\middleware.py", line 101, in dispatch
    return await call_next(request)
  File "C:\Users\chee3\IdeaProjects\idims\venv\lib\site-packages\starlette\middleware\base.py", line 84, in call_next
    raise app_exc
  File "C:\Users\chee3\IdeaProjects\idims\venv\lib\site-packages\starlette\middleware\base.py", line 70, in coro
    await self.app(scope, receive_or_disconnect, send_no_error)
  File "C:\Users\chee3\IdeaProjects\idims\venv\lib\site-packages\starlette\middleware\base.py", line 108, in __call__
    response = await self.dispatch_func(request, call_next)
  File "C:\Users\chee3\IdeaProjects\idims\backend\app\core\middleware.py", line 142, in dispatch
    current = await self.redis_client.get(rate_key)
  File "C:\Users\chee3\IdeaProjects\idims\venv\lib\site-packages\redis\asyncio\client.py", line 545, in execute_command
    conn = self.connection or await pool.get_connection(command_name, **options)
  File "C:\Users\chee3\IdeaProjects\idims\venv\lib\site-packages\redis\asyncio\connection.py", line 1105, in get_connection
    await connection.connect()
  File "C:\Users\chee3\IdeaProjects\idims\venv\lib\site-packages\redis\asyncio\connection.py", line 251, in connect
    raise ConnectionError(self._error_message(e))
redis.exceptions.ConnectionError: Error connecting to localhost:6379. Multiple exceptions: [Errno 10061] Connect call failed ('::1', 6379, 0, 0), [Errno 10061] Connect call failed ('127.0.0.1', 6379).

2025-03-13 22:00:51 - app.core.middleware - ERROR - Unhandled exception: Error connecting to localhost:6379. Multiple exceptions: [Errno 10061] Connect call failed ('::1', 6379, 0, 0), [Errno 10061] Connect call failed ('127.0.0.1', 6379).
2025-03-13 22:00:51 - app.core.middleware - ERROR - Traceback (most recent call last):
  File "C:\Users\chee3\IdeaProjects\idims\venv\lib\site-packages\anyio\streams\memory.py", line 98, in receive
    return self.receive_nowait()
  File "C:\Users\chee3\IdeaProjects\idims\venv\lib\site-packages\anyio\streams\memory.py", line 93, in receive_nowait
    raise WouldBlock
anyio.WouldBlock

During handling of the above exception, another exception occurred:

Traceback (most recent call last):
  File "C:\Users\chee3\IdeaProjects\idims\venv\lib\site-packages\starlette\middleware\base.py", line 78, in call_next
    message = await recv_stream.receive()
  File "C:\Users\chee3\IdeaProjects\idims\venv\lib\site-packages\anyio\streams\memory.py", line 118, in receive
    raise EndOfStream
anyio.EndOfStream

During handling of the above exception, another exception occurred:

Traceback (most recent call last):
  File "C:\Users\chee3\IdeaProjects\idims\backend\app\core\middleware.py", line 101, in dispatch
    return await call_next(request)
  File "C:\Users\chee3\IdeaProjects\idims\venv\lib\site-packages\starlette\middleware\base.py", line 84, in call_next
    raise app_exc
  File "C:\Users\chee3\IdeaProjects\idims\venv\lib\site-packages\starlette\middleware\base.py", line 70, in coro
    await self.app(scope, receive_or_disconnect, send_no_error)
  File "C:\Users\chee3\IdeaProjects\idims\venv\lib\site-packages\starlette\middleware\base.py", line 108, in __call__
    response = await self.dispatch_func(request, call_next)
  File "C:\Users\chee3\IdeaProjects\idims\backend\app\core\middleware.py", line 142, in dispatch
    current = await self.redis_client.get(rate_key)
  File "C:\Users\chee3\IdeaProjects\idims\venv\lib\site-packages\redis\asyncio\client.py", line 545, in execute_command
    conn = self.connection or await pool.get_connection(command_name, **options)
  File "C:\Users\chee3\IdeaProjects\idims\venv\lib\site-packages\redis\asyncio\connection.py", line 1105, in get_connection
    await connection.connect()
  File "C:\Users\chee3\IdeaProjects\idims\venv\lib\site-packages\redis\asyncio\connection.py", line 251, in connect
    raise ConnectionError(self._error_message(e))
redis.exceptions.ConnectionError: Error connecting to localhost:6379. Multiple exceptions: [Errno 10061] Connect call failed ('::1', 6379, 0, 0), [Errno 10061] Connect call failed ('127.0.0.1', 6379).

2025-03-13 22:00:51 - app.core.middleware - ERROR - Unhandled exception: Error connecting to localhost:6379. Multiple exceptions: [Errno 10061] Connect call failed ('::1', 6379, 0, 0), [Errno 10061] Connect call failed ('127.0.0.1', 6379).
2025-03-13 22:00:51 - app.core.middleware - ERROR - Traceback (most recent call last):
  File "C:\Users\chee3\IdeaProjects\idims\venv\lib\site-packages\anyio\streams\memory.py", line 98, in receive
    return self.receive_nowait()
  File "C:\Users\chee3\IdeaProjects\idims\venv\lib\site-packages\anyio\streams\memory.py", line 93, in receive_nowait
    raise WouldBlock
anyio.WouldBlock

During handling of the above exception, another exception occurred:

Traceback (most recent call last):
  File "C:\Users\chee3\IdeaProjects\idims\venv\lib\site-packages\starlette\middleware\base.py", line 78, in call_next
    message = await recv_stream.receive()
  File "C:\Users\chee3\IdeaProjects\idims\venv\lib\site-packages\anyio\streams\memory.py", line 118, in receive
    raise EndOfStream
anyio.EndOfStream

During handling of the above exception, another exception occurred:

Traceback (most recent call last):
  File "C:\Users\chee3\IdeaProjects\idims\backend\app\core\middleware.py", line 101, in dispatch
    return await call_next(request)
  File "C:\Users\chee3\IdeaProjects\idims\venv\lib\site-packages\starlette\middleware\base.py", line 84, in call_next
    raise app_exc
  File "C:\Users\chee3\IdeaProjects\idims\venv\lib\site-packages\starlette\middleware\base.py", line 70, in coro
    await self.app(scope, receive_or_disconnect, send_no_error)
  File "C:\Users\chee3\IdeaProjects\idims\venv\lib\site-packages\starlette\middleware\base.py", line 108, in __call__
    response = await self.dispatch_func(request, call_next)
  File "C:\Users\chee3\IdeaProjects\idims\backend\app\core\middleware.py", line 142, in dispatch
    current = await self.redis_client.get(rate_key)
  File "C:\Users\chee3\IdeaProjects\idims\venv\lib\site-packages\redis\asyncio\client.py", line 545, in execute_command
    conn = self.connection or await pool.get_connection(command_name, **options)
  File "C:\Users\chee3\IdeaProjects\idims\venv\lib\site-packages\redis\asyncio\connection.py", line 1105, in get_connection
    await connection.connect()
  File "C:\Users\chee3\IdeaProjects\idims\venv\lib\site-packages\redis\asyncio\connection.py", line 251, in connect
    raise ConnectionError(self._error_message(e))
redis.exceptions.ConnectionError: Error connecting to localhost:6379. Multiple exceptions: [Errno 10061] Connect call failed ('::1', 6379, 0, 0), [Errno 10061] Connect call failed ('127.0.0.1', 6379).

2025-03-13 22:00:51 - app.core.middleware - ERROR - Unhandled exception: Error connecting to localhost:6379. Multiple exceptions: [Errno 10061] Connect call failed ('::1', 6379, 0, 0), [Errno 10061] Connect call failed ('127.0.0.1', 6379).
2025-03-13 22:00:51 - app.core.middleware - ERROR - Traceback (most recent call last):
  File "C:\Users\chee3\IdeaProjects\idims\venv\lib\site-packages\anyio\streams\memory.py", line 98, in receive
    return self.receive_nowait()
  File "C:\Users\chee3\IdeaProjects\idims\venv\lib\site-packages\anyio\streams\memory.py", line 93, in receive_nowait
    raise WouldBlock
anyio.WouldBlock

During handling of the above exception, another exception occurred:

Traceback (most recent call last):
  File "C:\Users\chee3\IdeaProjects\idims\venv\lib\site-packages\starlette\middleware\base.py", line 78, in call_next
    message = await recv_stream.receive()
  File "C:\Users\chee3\IdeaProjects\idims\venv\lib\site-packages\anyio\streams\memory.py", line 118, in receive
    raise EndOfStream
anyio.EndOfStream

During handling of the above exception, another exception occurred:

Traceback (most recent call last):
  File "C:\Users\chee3\IdeaProjects\idims\backend\app\core\middleware.py", line 101, in dispatch
    return await call_next(request)
  File "C:\Users\chee3\IdeaProjects\idims\venv\lib\site-packages\starlette\middleware\base.py", line 84, in call_next
    raise app_exc
  File "C:\Users\chee3\IdeaProjects\idims\venv\lib\site-packages\starlette\middleware\base.py", line 70, in coro
    await self.app(scope, receive_or_disconnect, send_no_error)
  File "C:\Users\chee3\IdeaProjects\idims\venv\lib\site-packages\starlette\middleware\base.py", line 108, in __call__
    response = await self.dispatch_func(request, call_next)
  File "C:\Users\chee3\IdeaProjects\idims\backend\app\core\middleware.py", line 142, in dispatch
    current = await self.redis_client.get(rate_key)
  File "C:\Users\chee3\IdeaProjects\idims\venv\lib\site-packages\redis\asyncio\client.py", line 545, in execute_command
    conn = self.connection or await pool.get_connection(command_name, **options)
  File "C:\Users\chee3\IdeaProjects\idims\venv\lib\site-packages\redis\asyncio\connection.py", line 1105, in get_connection
    await connection.connect()
  File "C:\Users\chee3\IdeaProjects\idims\venv\lib\site-packages\redis\asyncio\connection.py", line 251, in connect
    raise ConnectionError(self._error_message(e))
redis.exceptions.ConnectionError: Error connecting to localhost:6379. Multiple exceptions: [Errno 10061] Connect call failed ('::1', 6379, 0, 0), [Errno 10061] Connect call failed ('127.0.0.1', 6379).

2025-03-13 22:00:51 - app.core.middleware - ERROR - Unhandled exception: Error connecting to localhost:6379. Multiple exceptions: [Errno 10061] Connect call failed ('::1', 6379, 0, 0), [Errno 10061] Connect call failed ('127.0.0.1', 6379).
2025-03-13 22:00:51 - app.core.middleware - ERROR - Traceback (most recent call last):
  File "C:\Users\chee3\IdeaProjects\idims\venv\lib\site-packages\anyio\streams\memory.py", line 98, in receive
    return self.receive_nowait()
  File "C:\Users\chee3\IdeaProjects\idims\venv\lib\site-packages\anyio\streams\memory.py", line 93, in receive_nowait
    raise WouldBlock
anyio.WouldBlock

During handling of the above exception, another exception occurred:

Traceback (most recent call last):
  File "C:\Users\chee3\IdeaProjects\idims\venv\lib\site-packages\starlette\middleware\base.py", line 78, in call_next
    message = await recv_stream.receive()
  File "C:\Users\chee3\IdeaProjects\idims\venv\lib\site-packages\anyio\streams\memory.py", line 118, in receive
    raise EndOfStream
anyio.EndOfStream

During handling of the above exception, another exception occurred:

Traceback (most recent call last):
  File "C:\Users\chee3\IdeaProjects\idims\backend\app\core\middleware.py", line 101, in dispatch
    return await call_next(request)
  File "C:\Users\chee3\IdeaProjects\idims\venv\lib\site-packages\starlette\middleware\base.py", line 84, in call_next
    raise app_exc
  File "C:\Users\chee3\IdeaProjects\idims\venv\lib\site-packages\starlette\middleware\base.py", line 70, in coro
    await self.app(scope, receive_or_disconnect, send_no_error)
  File "C:\Users\chee3\IdeaProjects\idims\venv\lib\site-packages\starlette\middleware\base.py", line 108, in __call__
    response = await self.dispatch_func(request, call_next)
  File "C:\Users\chee3\IdeaProjects\idims\backend\app\core\middleware.py", line 142, in dispatch
    current = await self.redis_client.get(rate_key)
  File "C:\Users\chee3\IdeaProjects\idims\venv\lib\site-packages\redis\asyncio\client.py", line 545, in execute_command
    conn = self.connection or await pool.get_connection(command_name, **options)
  File "C:\Users\chee3\IdeaProjects\idims\venv\lib\site-packages\redis\asyncio\connection.py", line 1105, in get_connection
    await connection.connect()
  File "C:\Users\chee3\IdeaProjects\idims\venv\lib\site-packages\redis\asyncio\connection.py", line 251, in connect
    raise ConnectionError(self._error_message(e))
redis.exceptions.ConnectionError: Error connecting to localhost:6379. Multiple exceptions: [Errno 10061] Connect call failed ('::1', 6379, 0, 0), [Errno 10061] Connect call failed ('127.0.0.1', 6379).

2025-03-13 22:00:51 - app.core.middleware - ERROR - Unhandled exception: Error connecting to localhost:6379. Multiple exceptions: [Errno 10061] Connect call failed ('::1', 6379, 0, 0), [Errno 10061] Connect call failed ('127.0.0.1', 6379).
2025-03-13 22:00:51 - app.core.middleware - ERROR - Traceback (most recent call last):
  File "C:\Users\chee3\IdeaProjects\idims\venv\lib\site-packages\anyio\streams\memory.py", line 98, in receive
    return self.receive_nowait()
  File "C:\Users\chee3\IdeaProjects\idims\venv\lib\site-packages\anyio\streams\memory.py", line 93, in receive_nowait
    raise WouldBlock
anyio.WouldBlock

During handling of the above exception, another exception occurred:

Traceback (most recent call last):
  File "C:\Users\chee3\IdeaProjects\idims\venv\lib\site-packages\starlette\middleware\base.py", line 78, in call_next
    message = await recv_stream.receive()
  File "C:\Users\chee3\IdeaProjects\idims\venv\lib\site-packages\anyio\streams\memory.py", line 118, in receive
    raise EndOfStream
anyio.EndOfStream

During handling of the above exception, another exception occurred:

Traceback (most recent call last):
  File "C:\Users\chee3\IdeaProjects\idims\backend\app\core\middleware.py", line 101, in dispatch
    return await call_next(request)
  File "C:\Users\chee3\IdeaProjects\idims\venv\lib\site-packages\starlette\middleware\base.py", line 84, in call_next
    raise app_exc
  File "C:\Users\chee3\IdeaProjects\idims\venv\lib\site-packages\starlette\middleware\base.py", line 70, in coro
    await self.app(scope, receive_or_disconnect, send_no_error)
  File "C:\Users\chee3\IdeaProjects\idims\venv\lib\site-packages\starlette\middleware\base.py", line 108, in __call__
    response = await self.dispatch_func(request, call_next)
  File "C:\Users\chee3\IdeaProjects\idims\backend\app\core\middleware.py", line 142, in dispatch
    current = await self.redis_client.get(rate_key)
  File "C:\Users\chee3\IdeaProjects\idims\venv\lib\site-packages\redis\asyncio\client.py", line 545, in execute_command
    conn = self.connection or await pool.get_connection(command_name, **options)
  File "C:\Users\chee3\IdeaProjects\idims\venv\lib\site-packages\redis\asyncio\connection.py", line 1105, in get_connection
    await connection.connect()
  File "C:\Users\chee3\IdeaProjects\idims\venv\lib\site-packages\redis\asyncio\connection.py", line 251, in connect
    raise ConnectionError(self._error_message(e))
redis.exceptions.ConnectionError: Error connecting to localhost:6379. Multiple exceptions: [Errno 10061] Connect call failed ('::1', 6379, 0, 0), [Errno 10061] Connect call failed ('127.0.0.1', 6379).

2025-03-13 22:00:51 - app.core.middleware - ERROR - Unhandled exception: Error connecting to localhost:6379. Multiple exceptions: [Errno 10061] Connect call failed ('::1', 6379, 0, 0), [Errno 10061] Connect call failed ('127.0.0.1', 6379).
2025-03-13 22:00:51 - app.core.middleware - ERROR - Traceback (most recent call last):
  File "C:\Users\chee3\IdeaProjects\idims\venv\lib\site-packages\anyio\streams\memory.py", line 98, in receive
    return self.receive_nowait()
  File "C:\Users\chee3\IdeaProjects\idims\venv\lib\site-packages\anyio\streams\memory.py", line 93, in receive_nowait
    raise WouldBlock
anyio.WouldBlock

During handling of the above exception, another exception occurred:

Traceback (most recent call last):
  File "C:\Users\chee3\IdeaProjects\idims\venv\lib\site-packages\starlette\middleware\base.py", line 78, in call_next
    message = await recv_stream.receive()
  File "C:\Users\chee3\IdeaProjects\idims\venv\lib\site-packages\anyio\streams\memory.py", line 118, in receive
    raise EndOfStream
anyio.EndOfStream

During handling of the above exception, another exception occurred:

Traceback (most recent call last):
  File "C:\Users\chee3\IdeaProjects\idims\backend\app\core\middleware.py", line 101, in dispatch
    return await call_next(request)
  File "C:\Users\chee3\IdeaProjects\idims\venv\lib\site-packages\starlette\middleware\base.py", line 84, in call_next
    raise app_exc
  File "C:\Users\chee3\IdeaProjects\idims\venv\lib\site-packages\starlette\middleware\base.py", line 70, in coro
    await self.app(scope, receive_or_disconnect, send_no_error)
  File "C:\Users\chee3\IdeaProjects\idims\venv\lib\site-packages\starlette\middleware\base.py", line 108, in __call__
    response = await self.dispatch_func(request, call_next)
  File "C:\Users\chee3\IdeaProjects\idims\backend\app\core\middleware.py", line 142, in dispatch
    current = await self.redis_client.get(rate_key)
  File "C:\Users\chee3\IdeaProjects\idims\venv\lib\site-packages\redis\asyncio\client.py", line 545, in execute_command
    conn = self.connection or await pool.get_connection(command_name, **options)
  File "C:\Users\chee3\IdeaProjects\idims\venv\lib\site-packages\redis\asyncio\connection.py", line 1105, in get_connection
    await connection.connect()
  File "C:\Users\chee3\IdeaProjects\idims\venv\lib\site-packages\redis\asyncio\connection.py", line 251, in connect
    raise ConnectionError(self._error_message(e))
redis.exceptions.ConnectionError: Error connecting to localhost:6379. Multiple exceptions: [Errno 10061] Connect call failed ('::1', 6379, 0, 0), [Errno 10061] Connect call failed ('127.0.0.1', 6379).

2025-03-13 22:00:51 - app.core.middleware - ERROR - Unhandled exception: Error connecting to localhost:6379. Multiple exceptions: [Errno 10061] Connect call failed ('::1', 6379, 0, 0), [Errno 10061] Connect call failed ('127.0.0.1', 6379).
2025-03-13 22:00:51 - app.core.middleware - ERROR - Traceback (most recent call last):
  File "C:\Users\chee3\IdeaProjects\idims\venv\lib\site-packages\anyio\streams\memory.py", line 98, in receive
    return self.receive_nowait()
  File "C:\Users\chee3\IdeaProjects\idims\venv\lib\site-packages\anyio\streams\memory.py", line 93, in receive_nowait
    raise WouldBlock
anyio.WouldBlock

During handling of the above exception, another exception occurred:

Traceback (most recent call last):
  File "C:\Users\chee3\IdeaProjects\idims\venv\lib\site-packages\starlette\middleware\base.py", line 78, in call_next
    message = await recv_stream.receive()
  File "C:\Users\chee3\IdeaProjects\idims\venv\lib\site-packages\anyio\streams\memory.py", line 118, in receive
    raise EndOfStream
anyio.EndOfStream

During handling of the above exception, another exception occurred:

Traceback (most recent call last):
  File "C:\Users\chee3\IdeaProjects\idims\backend\app\core\middleware.py", line 101, in dispatch
    return await call_next(request)
  File "C:\Users\chee3\IdeaProjects\idims\venv\lib\site-packages\starlette\middleware\base.py", line 84, in call_next
    raise app_exc
  File "C:\Users\chee3\IdeaProjects\idims\venv\lib\site-packages\starlette\middleware\base.py", line 70, in coro
    await self.app(scope, receive_or_disconnect, send_no_error)
  File "C:\Users\chee3\IdeaProjects\idims\venv\lib\site-packages\starlette\middleware\base.py", line 108, in __call__
    response = await self.dispatch_func(request, call_next)
  File "C:\Users\chee3\IdeaProjects\idims\backend\app\core\middleware.py", line 142, in dispatch
    current = await self.redis_client.get(rate_key)
  File "C:\Users\chee3\IdeaProjects\idims\venv\lib\site-packages\redis\asyncio\client.py", line 545, in execute_command
    conn = self.connection or await pool.get_connection(command_name, **options)
  File "C:\Users\chee3\IdeaProjects\idims\venv\lib\site-packages\redis\asyncio\connection.py", line 1105, in get_connection
    await connection.connect()
  File "C:\Users\chee3\IdeaProjects\idims\venv\lib\site-packages\redis\asyncio\connection.py", line 251, in connect
    raise ConnectionError(self._error_message(e))
redis.exceptions.ConnectionError: Error connecting to localhost:6379. Multiple exceptions: [Errno 10061] Connect call failed ('::1', 6379, 0, 0), [Errno 10061] Connect call failed ('127.0.0.1', 6379).

2025-03-13 22:00:51 - app.core.middleware - ERROR - Unhandled exception: Error connecting to localhost:6379. Multiple exceptions: [Errno 10061] Connect call failed ('::1', 6379, 0, 0), [Errno 10061] Connect call failed ('127.0.0.1', 6379).
2025-03-13 22:00:51 - app.core.middleware - ERROR - Traceback (most recent call last):
  File "C:\Users\chee3\IdeaProjects\idims\venv\lib\site-packages\anyio\streams\memory.py", line 98, in receive
    return self.receive_nowait()
  File "C:\Users\chee3\IdeaProjects\idims\venv\lib\site-packages\anyio\streams\memory.py", line 93, in receive_nowait
    raise WouldBlock
anyio.WouldBlock

During handling of the above exception, another exception occurred:

Traceback (most recent call last):
  File "C:\Users\chee3\IdeaProjects\idims\venv\lib\site-packages\starlette\middleware\base.py", line 78, in call_next
    message = await recv_stream.receive()
  File "C:\Users\chee3\IdeaProjects\idims\venv\lib\site-packages\anyio\streams\memory.py", line 118, in receive
    raise EndOfStream
anyio.EndOfStream

During handling of the above exception, another exception occurred:

Traceback (most recent call last):
  File "C:\Users\chee3\IdeaProjects\idims\backend\app\core\middleware.py", line 101, in dispatch
    return await call_next(request)
  File "C:\Users\chee3\IdeaProjects\idims\venv\lib\site-packages\starlette\middleware\base.py", line 84, in call_next
    raise app_exc
  File "C:\Users\chee3\IdeaProjects\idims\venv\lib\site-packages\starlette\middleware\base.py", line 70, in coro
    await self.app(scope, receive_or_disconnect, send_no_error)
  File "C:\Users\chee3\IdeaProjects\idims\venv\lib\site-packages\starlette\middleware\base.py", line 108, in __call__
    response = await self.dispatch_func(request, call_next)
  File "C:\Users\chee3\IdeaProjects\idims\backend\app\core\middleware.py", line 142, in dispatch
    current = await self.redis_client.get(rate_key)
  File "C:\Users\chee3\IdeaProjects\idims\venv\lib\site-packages\redis\asyncio\client.py", line 545, in execute_command
    conn = self.connection or await pool.get_connection(command_name, **options)
  File "C:\Users\chee3\IdeaProjects\idims\venv\lib\site-packages\redis\asyncio\connection.py", line 1105, in get_connection
    await connection.connect()
  File "C:\Users\chee3\IdeaProjects\idims\venv\lib\site-packages\redis\asyncio\connection.py", line 251, in connect
    raise ConnectionError(self._error_message(e))
redis.exceptions.ConnectionError: Error connecting to localhost:6379. Multiple exceptions: [Errno 10061] Connect call failed ('::1', 6379, 0, 0), [Errno 10061] Connect call failed ('127.0.0.1', 6379).

2025-03-13 22:00:51 - app.core.middleware - ERROR - Unhandled exception: Error connecting to localhost:6379. Multiple exceptions: [Errno 10061] Connect call failed ('::1', 6379, 0, 0), [Errno 10061] Connect call failed ('127.0.0.1', 6379).
2025-03-13 22:00:51 - app.core.middleware - ERROR - Traceback (most recent call last):
  File "C:\Users\chee3\IdeaProjects\idims\venv\lib\site-packages\anyio\streams\memory.py", line 98, in receive
    return self.receive_nowait()
  File "C:\Users\chee3\IdeaProjects\idims\venv\lib\site-packages\anyio\streams\memory.py", line 93, in receive_nowait
    raise WouldBlock
anyio.WouldBlock

During handling of the above exception, another exception occurred:

Traceback (most recent call last):
  File "C:\Users\chee3\IdeaProjects\idims\venv\lib\site-packages\starlette\middleware\base.py", line 78, in call_next
    message = await recv_stream.receive()
  File "C:\Users\chee3\IdeaProjects\idims\venv\lib\site-packages\anyio\streams\memory.py", line 118, in receive
    raise EndOfStream
anyio.EndOfStream

During handling of the above exception, another exception occurred:

Traceback (most recent call last):
  File "C:\Users\chee3\IdeaProjects\idims\backend\app\core\middleware.py", line 101, in dispatch
    return await call_next(request)
  File "C:\Users\chee3\IdeaProjects\idims\venv\lib\site-packages\starlette\middleware\base.py", line 84, in call_next
    raise app_exc
  File "C:\Users\chee3\IdeaProjects\idims\venv\lib\site-packages\starlette\middleware\base.py", line 70, in coro
    await self.app(scope, receive_or_disconnect, send_no_error)
  File "C:\Users\chee3\IdeaProjects\idims\venv\lib\site-packages\starlette\middleware\base.py", line 108, in __call__
    response = await self.dispatch_func(request, call_next)
  File "C:\Users\chee3\IdeaProjects\idims\backend\app\core\middleware.py", line 142, in dispatch
    current = await self.redis_client.get(rate_key)
  File "C:\Users\chee3\IdeaProjects\idims\venv\lib\site-packages\redis\asyncio\client.py", line 545, in execute_command
    conn = self.connection or await pool.get_connection(command_name, **options)
  File "C:\Users\chee3\IdeaProjects\idims\venv\lib\site-packages\redis\asyncio\connection.py", line 1105, in get_connection
    await connection.connect()
  File "C:\Users\chee3\IdeaProjects\idims\venv\lib\site-packages\redis\asyncio\connection.py", line 251, in connect
    raise ConnectionError(self._error_message(e))
redis.exceptions.ConnectionError: Error connecting to localhost:6379. Multiple exceptions: [Errno 10061] Connect call failed ('::1', 6379, 0, 0), [Errno 10061] Connect call failed ('127.0.0.1', 6379).

2025-03-13 22:00:51 - app.core.middleware - ERROR - Unhandled exception: Error connecting to localhost:6379. Multiple exceptions: [Errno 10061] Connect call failed ('::1', 6379, 0, 0), [Errno 10061] Connect call failed ('127.0.0.1', 6379).
2025-03-13 22:00:51 - app.core.middleware - ERROR - Traceback (most recent call last):
  File "C:\Users\chee3\IdeaProjects\idims\venv\lib\site-packages\anyio\streams\memory.py", line 98, in receive
    return self.receive_nowait()
  File "C:\Users\chee3\IdeaProjects\idims\venv\lib\site-packages\anyio\streams\memory.py", line 93, in receive_nowait
    raise WouldBlock
anyio.WouldBlock

During handling of the above exception, another exception occurred:

Traceback (most recent call last):
  File "C:\Users\chee3\IdeaProjects\idims\venv\lib\site-packages\starlette\middleware\base.py", line 78, in call_next
    message = await recv_stream.receive()
  File "C:\Users\chee3\IdeaProjects\idims\venv\lib\site-packages\anyio\streams\memory.py", line 118, in receive
    raise EndOfStream
anyio.EndOfStream

During handling of the above exception, another exception occurred:

Traceback (most recent call last):
  File "C:\Users\chee3\IdeaProjects\idims\backend\app\core\middleware.py", line 101, in dispatch
    return await call_next(request)
  File "C:\Users\chee3\IdeaProjects\idims\venv\lib\site-packages\starlette\middleware\base.py", line 84, in call_next
    raise app_exc
  File "C:\Users\chee3\IdeaProjects\idims\venv\lib\site-packages\starlette\middleware\base.py", line 70, in coro
    await self.app(scope, receive_or_disconnect, send_no_error)
  File "C:\Users\chee3\IdeaProjects\idims\venv\lib\site-packages\starlette\middleware\base.py", line 108, in __call__
    response = await self.dispatch_func(request, call_next)
  File "C:\Users\chee3\IdeaProjects\idims\backend\app\core\middleware.py", line 142, in dispatch
    current = await self.redis_client.get(rate_key)
  File "C:\Users\chee3\IdeaProjects\idims\venv\lib\site-packages\redis\asyncio\client.py", line 545, in execute_command
    conn = self.connection or await pool.get_connection(command_name, **options)
  File "C:\Users\chee3\IdeaProjects\idims\venv\lib\site-packages\redis\asyncio\connection.py", line 1105, in get_connection
    await connection.connect()
  File "C:\Users\chee3\IdeaProjects\idims\venv\lib\site-packages\redis\asyncio\connection.py", line 251, in connect
    raise ConnectionError(self._error_message(e))
redis.exceptions.ConnectionError: Error connecting to localhost:6379. Multiple exceptions: [Errno 10061] Connect call failed ('::1', 6379, 0, 0), [Errno 10061] Connect call failed ('127.0.0.1', 6379).

2025-03-13 22:23:33 - app.core.middleware - ERROR - Unhandled exception: Error connecting to localhost:6379. Multiple exceptions: [Errno 10061] Connect call failed ('::1', 6379, 0, 0), [Errno 10061] Connect call failed ('127.0.0.1', 6379).
2025-03-13 22:23:33 - app.core.middleware - ERROR - Traceback (most recent call last):
  File "C:\Users\chee3\IdeaProjects\idims\venv\lib\site-packages\anyio\streams\memory.py", line 98, in receive
    return self.receive_nowait()
  File "C:\Users\chee3\IdeaProjects\idims\venv\lib\site-packages\anyio\streams\memory.py", line 93, in receive_nowait
    raise WouldBlock
anyio.WouldBlock

During handling of the above exception, another exception occurred:

Traceback (most recent call last):
  File "C:\Users\chee3\IdeaProjects\idims\venv\lib\site-packages\starlette\middleware\base.py", line 78, in call_next
    message = await recv_stream.receive()
  File "C:\Users\chee3\IdeaProjects\idims\venv\lib\site-packages\anyio\streams\memory.py", line 118, in receive
    raise EndOfStream
anyio.EndOfStream

During handling of the above exception, another exception occurred:

Traceback (most recent call last):
  File "C:\Users\chee3\IdeaProjects\idims\backend\app\core\middleware.py", line 101, in dispatch
    return await call_next(request)
  File "C:\Users\chee3\IdeaProjects\idims\venv\lib\site-packages\starlette\middleware\base.py", line 84, in call_next
    raise app_exc
  File "C:\Users\chee3\IdeaProjects\idims\venv\lib\site-packages\starlette\middleware\base.py", line 70, in coro
    await self.app(scope, receive_or_disconnect, send_no_error)
  File "C:\Users\chee3\IdeaProjects\idims\venv\lib\site-packages\starlette\middleware\base.py", line 108, in __call__
    response = await self.dispatch_func(request, call_next)
  File "C:\Users\chee3\IdeaProjects\idims\backend\app\core\middleware.py", line 142, in dispatch
    current = await self.redis_client.get(rate_key)
  File "C:\Users\chee3\IdeaProjects\idims\venv\lib\site-packages\redis\asyncio\client.py", line 545, in execute_command
    conn = self.connection or await pool.get_connection(command_name, **options)
  File "C:\Users\chee3\IdeaProjects\idims\venv\lib\site-packages\redis\asyncio\connection.py", line 1105, in get_connection
    await connection.connect()
  File "C:\Users\chee3\IdeaProjects\idims\venv\lib\site-packages\redis\asyncio\connection.py", line 251, in connect
    raise ConnectionError(self._error_message(e))
redis.exceptions.ConnectionError: Error connecting to localhost:6379. Multiple exceptions: [Errno 10061] Connect call failed ('::1', 6379, 0, 0), [Errno 10061] Connect call failed ('127.0.0.1', 6379).

2025-03-13 22:23:37 - app.core.middleware - ERROR - Unhandled exception: Error connecting to localhost:6379. Multiple exceptions: [Errno 10061] Connect call failed ('::1', 6379, 0, 0), [Errno 10061] Connect call failed ('127.0.0.1', 6379).
2025-03-13 22:23:37 - app.core.middleware - ERROR - Traceback (most recent call last):
  File "C:\Users\chee3\IdeaProjects\idims\venv\lib\site-packages\anyio\streams\memory.py", line 98, in receive
    return self.receive_nowait()
  File "C:\Users\chee3\IdeaProjects\idims\venv\lib\site-packages\anyio\streams\memory.py", line 93, in receive_nowait
    raise WouldBlock
anyio.WouldBlock

During handling of the above exception, another exception occurred:

Traceback (most recent call last):
  File "C:\Users\chee3\IdeaProjects\idims\venv\lib\site-packages\starlette\middleware\base.py", line 78, in call_next
    message = await recv_stream.receive()
  File "C:\Users\chee3\IdeaProjects\idims\venv\lib\site-packages\anyio\streams\memory.py", line 118, in receive
    raise EndOfStream
anyio.EndOfStream

During handling of the above exception, another exception occurred:

Traceback (most recent call last):
  File "C:\Users\chee3\IdeaProjects\idims\backend\app\core\middleware.py", line 101, in dispatch
    return await call_next(request)
  File "C:\Users\chee3\IdeaProjects\idims\venv\lib\site-packages\starlette\middleware\base.py", line 84, in call_next
    raise app_exc
  File "C:\Users\chee3\IdeaProjects\idims\venv\lib\site-packages\starlette\middleware\base.py", line 70, in coro
    await self.app(scope, receive_or_disconnect, send_no_error)
  File "C:\Users\chee3\IdeaProjects\idims\venv\lib\site-packages\starlette\middleware\base.py", line 108, in __call__
    response = await self.dispatch_func(request, call_next)
  File "C:\Users\chee3\IdeaProjects\idims\backend\app\core\middleware.py", line 142, in dispatch
    current = await self.redis_client.get(rate_key)
  File "C:\Users\chee3\IdeaProjects\idims\venv\lib\site-packages\redis\asyncio\client.py", line 545, in execute_command
    conn = self.connection or await pool.get_connection(command_name, **options)
  File "C:\Users\chee3\IdeaProjects\idims\venv\lib\site-packages\redis\asyncio\connection.py", line 1105, in get_connection
    await connection.connect()
  File "C:\Users\chee3\IdeaProjects\idims\venv\lib\site-packages\redis\asyncio\connection.py", line 251, in connect
    raise ConnectionError(self._error_message(e))
redis.exceptions.ConnectionError: Error connecting to localhost:6379. Multiple exceptions: [Errno 10061] Connect call failed ('::1', 6379, 0, 0), [Errno 10061] Connect call failed ('127.0.0.1', 6379).

2025-03-13 22:28:13 - app.core.middleware - ERROR - Unhandled exception: Error connecting to localhost:6379. Multiple exceptions: [Errno 10061] Connect call failed ('::1', 6379, 0, 0), [Errno 10061] Connect call failed ('127.0.0.1', 6379).
2025-03-13 22:28:13 - app.core.middleware - ERROR - Traceback (most recent call last):
  File "C:\Users\chee3\IdeaProjects\idims\venv\lib\site-packages\anyio\streams\memory.py", line 98, in receive
    return self.receive_nowait()
  File "C:\Users\chee3\IdeaProjects\idims\venv\lib\site-packages\anyio\streams\memory.py", line 93, in receive_nowait
    raise WouldBlock
anyio.WouldBlock

During handling of the above exception, another exception occurred:

Traceback (most recent call last):
  File "C:\Users\chee3\IdeaProjects\idims\venv\lib\site-packages\starlette\middleware\base.py", line 78, in call_next
    message = await recv_stream.receive()
  File "C:\Users\chee3\IdeaProjects\idims\venv\lib\site-packages\anyio\streams\memory.py", line 118, in receive
    raise EndOfStream
anyio.EndOfStream

During handling of the above exception, another exception occurred:

Traceback (most recent call last):
  File "C:\Users\chee3\IdeaProjects\idims\backend\app\core\middleware.py", line 101, in dispatch
    return await call_next(request)
  File "C:\Users\chee3\IdeaProjects\idims\venv\lib\site-packages\starlette\middleware\base.py", line 84, in call_next
    raise app_exc
  File "C:\Users\chee3\IdeaProjects\idims\venv\lib\site-packages\starlette\middleware\base.py", line 70, in coro
    await self.app(scope, receive_or_disconnect, send_no_error)
  File "C:\Users\chee3\IdeaProjects\idims\venv\lib\site-packages\starlette\middleware\base.py", line 108, in __call__
    response = await self.dispatch_func(request, call_next)
  File "C:\Users\chee3\IdeaProjects\idims\backend\app\core\middleware.py", line 142, in dispatch
    current = await self.redis_client.get(rate_key)
  File "C:\Users\chee3\IdeaProjects\idims\venv\lib\site-packages\redis\asyncio\client.py", line 545, in execute_command
    conn = self.connection or await pool.get_connection(command_name, **options)
  File "C:\Users\chee3\IdeaProjects\idims\venv\lib\site-packages\redis\asyncio\connection.py", line 1105, in get_connection
    await connection.connect()
  File "C:\Users\chee3\IdeaProjects\idims\venv\lib\site-packages\redis\asyncio\connection.py", line 251, in connect
    raise ConnectionError(self._error_message(e))
redis.exceptions.ConnectionError: Error connecting to localhost:6379. Multiple exceptions: [Errno 10061] Connect call failed ('::1', 6379, 0, 0), [Errno 10061] Connect call failed ('127.0.0.1', 6379).

2025-03-13 22:28:18 - app.core.middleware - ERROR - Unhandled exception: Error connecting to localhost:6379. Multiple exceptions: [Errno 10061] Connect call failed ('::1', 6379, 0, 0), [Errno 10061] Connect call failed ('127.0.0.1', 6379).
2025-03-13 22:28:18 - app.core.middleware - ERROR - Traceback (most recent call last):
  File "C:\Users\chee3\IdeaProjects\idims\venv\lib\site-packages\anyio\streams\memory.py", line 98, in receive
    return self.receive_nowait()
  File "C:\Users\chee3\IdeaProjects\idims\venv\lib\site-packages\anyio\streams\memory.py", line 93, in receive_nowait
    raise WouldBlock
anyio.WouldBlock

During handling of the above exception, another exception occurred:

Traceback (most recent call last):
  File "C:\Users\chee3\IdeaProjects\idims\venv\lib\site-packages\starlette\middleware\base.py", line 78, in call_next
    message = await recv_stream.receive()
  File "C:\Users\chee3\IdeaProjects\idims\venv\lib\site-packages\anyio\streams\memory.py", line 118, in receive
    raise EndOfStream
anyio.EndOfStream

During handling of the above exception, another exception occurred:

Traceback (most recent call last):
  File "C:\Users\chee3\IdeaProjects\idims\backend\app\core\middleware.py", line 101, in dispatch
    return await call_next(request)
  File "C:\Users\chee3\IdeaProjects\idims\venv\lib\site-packages\starlette\middleware\base.py", line 84, in call_next
    raise app_exc
  File "C:\Users\chee3\IdeaProjects\idims\venv\lib\site-packages\starlette\middleware\base.py", line 70, in coro
    await self.app(scope, receive_or_disconnect, send_no_error)
  File "C:\Users\chee3\IdeaProjects\idims\venv\lib\site-packages\starlette\middleware\base.py", line 108, in __call__
    response = await self.dispatch_func(request, call_next)
  File "C:\Users\chee3\IdeaProjects\idims\backend\app\core\middleware.py", line 142, in dispatch
    current = await self.redis_client.get(rate_key)
  File "C:\Users\chee3\IdeaProjects\idims\venv\lib\site-packages\redis\asyncio\client.py", line 545, in execute_command
    conn = self.connection or await pool.get_connection(command_name, **options)
  File "C:\Users\chee3\IdeaProjects\idims\venv\lib\site-packages\redis\asyncio\connection.py", line 1105, in get_connection
    await connection.connect()
  File "C:\Users\chee3\IdeaProjects\idims\venv\lib\site-packages\redis\asyncio\connection.py", line 251, in connect
    raise ConnectionError(self._error_message(e))
redis.exceptions.ConnectionError: Error connecting to localhost:6379. Multiple exceptions: [Errno 10061] Connect call failed ('::1', 6379, 0, 0), [Errno 10061] Connect call failed ('127.0.0.1', 6379).

2025-03-13 22:44:45 - root - ERROR - Unhandled exception
Traceback (most recent call last):
  File "C:\Users\chee3\IdeaProjects\idims\venv\lib\site-packages\starlette\middleware\errors.py", line 162, in __call__
    await self.app(scope, receive, _send)
  File "C:\Users\chee3\IdeaProjects\idims\venv\lib\site-packages\starlette\middleware\base.py", line 108, in __call__
    response = await self.dispatch_func(request, call_next)
  File "C:\Users\chee3\IdeaProjects\idims\backend\app\core\middleware.py", line 35, in dispatch
    if settings.LOG_REQUEST_BODY and request.method in ["POST", "PUT", "PATCH"]:
  File "C:\Users\chee3\IdeaProjects\idims\venv\lib\site-packages\pydantic\main.py", line 891, in __getattr__
    raise AttributeError(f'{type(self).__name__!r} object has no attribute {item!r}')
AttributeError: 'Settings' object has no attribute 'LOG_REQUEST_BODY'
2025-03-13 22:44:45 - root - ERROR - Unhandled exception
Traceback (most recent call last):
  File "C:\Users\chee3\IdeaProjects\idims\venv\lib\site-packages\starlette\middleware\errors.py", line 162, in __call__
    await self.app(scope, receive, _send)
  File "C:\Users\chee3\IdeaProjects\idims\venv\lib\site-packages\starlette\middleware\base.py", line 108, in __call__
    response = await self.dispatch_func(request, call_next)
  File "C:\Users\chee3\IdeaProjects\idims\backend\app\core\middleware.py", line 35, in dispatch
    if settings.LOG_REQUEST_BODY and request.method in ["POST", "PUT", "PATCH"]:
  File "C:\Users\chee3\IdeaProjects\idims\venv\lib\site-packages\pydantic\main.py", line 891, in __getattr__
    raise AttributeError(f'{type(self).__name__!r} object has no attribute {item!r}')
AttributeError: 'Settings' object has no attribute 'LOG_REQUEST_BODY'
2025-03-17 00:24:38 - app.core.auth - ERROR - Failed to fetch JWKS: HTTPSConnectionPool(host='none', port=443): Max retries exceeded with url: /.well-known/jwks.json (Caused by ConnectTimeoutError(<urllib3.connection.HTTPSConnection object at 0x000001C2C3AE57C0>, 'Connection to none timed out. (connect timeout=10)'))
2025-03-17 00:24:38 - app.core.auth - ERROR - Failed to get RSA key: Failed to fetch JWKS
2025-03-17 00:24:38 - app.core.auth - ERROR - No matching RSA key found for token
2025-03-17 00:24:38 - app.core.auth - ERROR - Token verification error: No matching key found
2025-03-17 00:24:38 - app.routers.auth - ERROR - Authentication error: Failed to process token: No matching key found
2025-03-17 00:30:58 - app.core.auth - ERROR - Failed to fetch JWKS: Cannot connect to host none:443 ssl:default [Connect call failed ('fde8:832f:d2c8:5d89:4600:49ff:fe65:d4a6', 443, 0, 0)]
2025-03-17 00:30:58 - app.core.auth - ERROR - Token verification error: Failed to fetch JWKS: Cannot connect to host none:443 ssl:default [Connect call failed ('fde8:832f:d2c8:5d89:4600:49ff:fe65:d4a6', 443, 0, 0)]
2025-03-17 00:30:58 - app.routers.auth - ERROR - Authentication error: Failed to process token: Failed to fetch JWKS: Cannot connect to host none:443 ssl:default [Connect call failed ('fde8:832f:d2c8:5d89:4600:49ff:fe65:d4a6', 443, 0, 0)]
2025-03-17 11:12:36 - app.core.auth - ERROR - Failed to fetch JWKS: Cannot connect to host none:443 ssl:default [Connect call failed ('fde8:832f:d2c8:5d89:4600:49ff:fe65:d4a6', 443, 0, 0)]
2025-03-17 11:12:36 - app.core.auth - ERROR - Failed to get RSA key: Failed to fetch JWKS: Cannot connect to host none:443 ssl:default [Connect call failed ('fde8:832f:d2c8:5d89:4600:49ff:fe65:d4a6', 443, 0, 0)]
2025-03-17 11:12:36 - app.core.auth - ERROR - Token verification failed: No valid key found for token
2025-03-17 11:12:36 - app.routers.auth - ERROR - Authentication error: No valid key found for token
2025-03-17 11:13:40 - app.core.auth - ERROR - Failed to fetch JWKS: Cannot connect to host none:443 ssl:default [Connect call failed ('fde8:832f:d2c8:5d89:4600:49ff:fe65:d4a6', 443, 0, 0)]
2025-03-17 11:13:40 - app.core.auth - ERROR - Failed to get RSA key: Failed to fetch JWKS: Cannot connect to host none:443 ssl:default [Connect call failed ('fde8:832f:d2c8:5d89:4600:49ff:fe65:d4a6', 443, 0, 0)]
2025-03-17 11:13:40 - app.core.auth - ERROR - Token verification failed: No valid key found for token
2025-03-17 11:13:40 - app.routers.auth - ERROR - Authentication error: No valid key found for token
2025-03-17 11:14:46 - app.core.auth - ERROR - Failed to fetch JWKS: Cannot connect to host none:443 ssl:default [Connect call failed ('fde8:832f:d2c8:5d89:4600:49ff:fe65:d4a6', 443, 0, 0)]
2025-03-17 11:14:46 - app.core.auth - ERROR - Failed to get RSA key: Failed to fetch JWKS: Cannot connect to host none:443 ssl:default [Connect call failed ('fde8:832f:d2c8:5d89:4600:49ff:fe65:d4a6', 443, 0, 0)]
2025-03-17 11:14:46 - app.core.auth - ERROR - Token verification failed: No valid key found for token
2025-03-17 11:14:46 - app.routers.auth - ERROR - Authentication error: No valid key found for token
2025-03-17 11:15:52 - app.core.auth - ERROR - Failed to fetch JWKS: Cannot connect to host none:443 ssl:default [Connect call failed ('fde8:832f:d2c8:5d89:4600:49ff:fe65:d4a6', 443, 0, 0)]
2025-03-17 11:15:52 - app.core.auth - ERROR - Failed to get RSA key: Failed to fetch JWKS: Cannot connect to host none:443 ssl:default [Connect call failed ('fde8:832f:d2c8:5d89:4600:49ff:fe65:d4a6', 443, 0, 0)]
2025-03-17 11:15:52 - app.core.auth - ERROR - Token verification failed: No valid key found for token
2025-03-17 11:15:52 - app.routers.auth - ERROR - Authentication error: No valid key found for token
2025-03-17 15:10:58 - app.core.middleware - ERROR - Rate limiting error: Error connecting to localhost:6379. Multiple exceptions: [Errno 10061] Connect call failed ('::1', 6379, 0, 0), [Errno 10061] Connect call failed ('127.0.0.1', 6379).
2025-03-17 15:10:58 - app.core.middleware - ERROR - Rate limiting error: Error connecting to localhost:6379. Multiple exceptions: [Errno 10061] Connect call failed ('::1', 6379, 0, 0), [Errno 10061] Connect call failed ('127.0.0.1', 6379).
2025-03-17 15:10:58 - app.core.middleware - ERROR - Rate limiting error: Error connecting to localhost:6379. Multiple exceptions: [Errno 10061] Connect call failed ('::1', 6379, 0, 0), [Errno 10061] Connect call failed ('127.0.0.1', 6379).
2025-03-17 15:10:58 - app.core.middleware - ERROR - Rate limiting error: Error connecting to localhost:6379. Multiple exceptions: [Errno 10061] Connect call failed ('::1', 6379, 0, 0), [Errno 10061] Connect call failed ('127.0.0.1', 6379).
2025-03-17 15:10:58 - app.core.middleware - ERROR - Rate limiting error: Error connecting to localhost:6379. Multiple exceptions: [Errno 10061] Connect call failed ('::1', 6379, 0, 0), [Errno 10061] Connect call failed ('127.0.0.1', 6379).
2025-03-17 15:11:03 - app.core.middleware - ERROR - Rate limiting error: Error connecting to localhost:6379. Multiple exceptions: [Errno 10061] Connect call failed ('::1', 6379, 0, 0), [Errno 10061] Connect call failed ('127.0.0.1', 6379).
2025-03-17 15:11:03 - app.core.middleware - ERROR - Rate limiting error: Error connecting to localhost:6379. Multiple exceptions: [Errno 10061] Connect call failed ('::1', 6379, 0, 0), [Errno 10061] Connect call failed ('127.0.0.1', 6379).
2025-03-17 15:11:04 - app.core.middleware - ERROR - Rate limiting error: Error connecting to localhost:6379. Multiple exceptions: [Errno 10061] Connect call failed ('::1', 6379, 0, 0), [Errno 10061] Connect call failed ('127.0.0.1', 6379).
2025-03-17 15:11:14 - app.core.middleware - ERROR - Rate limiting error: Error connecting to localhost:6379. Multiple exceptions: [Errno 10061] Connect call failed ('::1', 6379, 0, 0), [Errno 10061] Connect call failed ('127.0.0.1', 6379).
2025-03-17 15:11:14 - app.routers.auth - ERROR - Auth0 callback error: Could not determine join condition between parent/child tables on relationship User.client - there are multiple foreign key paths linking the tables.  Specify the 'foreign_keys' argument, providing a list of those columns which should be counted as containing a foreign key reference to the parent table.
2025-03-17 15:11:19 - app.core.middleware - ERROR - Rate limiting error: Error connecting to localhost:6379. Multiple exceptions: [Errno 10061] Connect call failed ('::1', 6379, 0, 0), [Errno 10061] Connect call failed ('127.0.0.1', 6379).
2025-03-17 15:11:19 - app.core.middleware - ERROR - Rate limiting error: Error connecting to localhost:6379. Multiple exceptions: [Errno 10061] Connect call failed ('::1', 6379, 0, 0), [Errno 10061] Connect call failed ('127.0.0.1', 6379).
2025-03-17 15:11:23 - app.core.middleware - ERROR - Rate limiting error: Error connecting to localhost:6379. Multiple exceptions: [Errno 10061] Connect call failed ('::1', 6379, 0, 0), [Errno 10061] Connect call failed ('127.0.0.1', 6379).
2025-03-17 15:12:19 - app.core.middleware - ERROR - Rate limiting error: Error connecting to localhost:6379. Multiple exceptions: [Errno 10061] Connect call failed ('::1', 6379, 0, 0), [Errno 10061] Connect call failed ('127.0.0.1', 6379).
2025-03-17 15:13:19 - app.core.middleware - ERROR - Rate limiting error: Error connecting to localhost:6379. Multiple exceptions: [Errno 10061] Connect call failed ('::1', 6379, 0, 0), [Errno 10061] Connect call failed ('127.0.0.1', 6379).
2025-03-17 15:14:19 - app.core.middleware - ERROR - Rate limiting error: Error connecting to localhost:6379. Multiple exceptions: [Errno 10061] Connect call failed ('::1', 6379, 0, 0), [Errno 10061] Connect call failed ('127.0.0.1', 6379).
2025-03-17 15:23:17 - app.core.middleware - ERROR - Rate limiting error: Error connecting to localhost:6379. Multiple exceptions: [Errno 10061] Connect call failed ('::1', 6379, 0, 0), [Errno 10061] Connect call failed ('127.0.0.1', 6379).
2025-03-17 15:23:17 - app.core.middleware - ERROR - Rate limiting error: Error connecting to localhost:6379. Multiple exceptions: [Errno 10061] Connect call failed ('::1', 6379, 0, 0), [Errno 10061] Connect call failed ('127.0.0.1', 6379).
2025-03-17 15:23:21 - app.core.middleware - ERROR - Rate limiting error: Error connecting to localhost:6379. Multiple exceptions: [Errno 10061] Connect call failed ('::1', 6379, 0, 0), [Errno 10061] Connect call failed ('127.0.0.1', 6379).
2025-03-17 15:23:21 - app.core.middleware - ERROR - Rate limiting error: Error connecting to localhost:6379. Multiple exceptions: [Errno 10061] Connect call failed ('::1', 6379, 0, 0), [Errno 10061] Connect call failed ('127.0.0.1', 6379).
2025-03-17 15:23:25 - app.core.middleware - ERROR - Rate limiting error: Error connecting to localhost:6379. Multiple exceptions: [Errno 10061] Connect call failed ('::1', 6379, 0, 0), [Errno 10061] Connect call failed ('127.0.0.1', 6379).
2025-03-17 15:24:17 - app.core.middleware - ERROR - Rate limiting error: Error connecting to localhost:6379. Multiple exceptions: [Errno 10061] Connect call failed ('::1', 6379, 0, 0), [Errno 10061] Connect call failed ('127.0.0.1', 6379).
2025-03-17 15:25:17 - app.core.middleware - ERROR - Rate limiting error: Error connecting to localhost:6379. Multiple exceptions: [Errno 10061] Connect call failed ('::1', 6379, 0, 0), [Errno 10061] Connect call failed ('127.0.0.1', 6379).
2025-03-17 15:26:17 - app.core.middleware - ERROR - Rate limiting error: Error connecting to localhost:6379. Multiple exceptions: [Errno 10061] Connect call failed ('::1', 6379, 0, 0), [Errno 10061] Connect call failed ('127.0.0.1', 6379).
2025-03-17 15:27:17 - app.core.middleware - ERROR - Rate limiting error: Error connecting to localhost:6379. Multiple exceptions: [Errno 10061] Connect call failed ('::1', 6379, 0, 0), [Errno 10061] Connect call failed ('127.0.0.1', 6379).
2025-03-17 15:28:40 - app.core.middleware - ERROR - Rate limiting error: Error connecting to localhost:6379. Multiple exceptions: [Errno 10061] Connect call failed ('::1', 6379, 0, 0), [Errno 10061] Connect call failed ('127.0.0.1', 6379).
2025-03-17 15:29:12 - app.core.middleware - ERROR - Rate limiting error: Error connecting to localhost:6379. Multiple exceptions: [Errno 10061] Connect call failed ('::1', 6379, 0, 0), [Errno 10061] Connect call failed ('127.0.0.1', 6379).
2025-03-17 15:29:22 - app.core.middleware - ERROR - Rate limiting error: Error connecting to localhost:6379. Multiple exceptions: [Errno 10061] Connect call failed ('::1', 6379, 0, 0), [Errno 10061] Connect call failed ('127.0.0.1', 6379).
2025-03-17 15:29:22 - app.routers.auth - ERROR - Auth0 callback error: When initializing mapper Mapper[User(users)], expression 'Document' failed to locate a name ('Document'). If this is a class name, consider adding this relationship() to the <class 'app.models.user.User'> class after both dependent classes have been defined.
2025-03-17 15:29:27 - app.core.middleware - ERROR - Rate limiting error: Error connecting to localhost:6379. Multiple exceptions: [Errno 10061] Connect call failed ('::1', 6379, 0, 0), [Errno 10061] Connect call failed ('127.0.0.1', 6379).
2025-03-17 15:29:27 - app.core.middleware - ERROR - Rate limiting error: Error connecting to localhost:6379. Multiple exceptions: [Errno 10061] Connect call failed ('::1', 6379, 0, 0), [Errno 10061] Connect call failed ('127.0.0.1', 6379).
2025-03-17 15:29:31 - app.core.middleware - ERROR - Rate limiting error: Error connecting to localhost:6379. Multiple exceptions: [Errno 10061] Connect call failed ('::1', 6379, 0, 0), [Errno 10061] Connect call failed ('127.0.0.1', 6379).
2025-03-17 22:54:38 - app.core.middleware - ERROR - Rate limiting error: Error connecting to localhost:6379. Multiple exceptions: [Errno 10061] Connect call failed ('::1', 6379, 0, 0), [Errno 10061] Connect call failed ('127.0.0.1', 6379).
2025-03-17 22:54:38 - app.core.middleware - ERROR - Rate limiting error: Error connecting to localhost:6379. Multiple exceptions: [Errno 10061] Connect call failed ('::1', 6379, 0, 0), [Errno 10061] Connect call failed ('127.0.0.1', 6379).
2025-03-17 22:54:53 - app.core.middleware - ERROR - Rate limiting error: Error connecting to localhost:6379. Multiple exceptions: [Errno 10061] Connect call failed ('::1', 6379, 0, 0), [Errno 10061] Connect call failed ('127.0.0.1', 6379).
2025-03-17 22:54:53 - app.routers.auth - ERROR - Auth0 callback error: When initializing mapper Mapper[User(users)], expression 'Document' failed to locate a name ('Document'). If this is a class name, consider adding this relationship() to the <class 'app.models.user.User'> class after both dependent classes have been defined.
2025-03-17 22:54:58 - app.core.middleware - ERROR - Rate limiting error: Error connecting to localhost:6379. Multiple exceptions: [Errno 10061] Connect call failed ('::1', 6379, 0, 0), [Errno 10061] Connect call failed ('127.0.0.1', 6379).
2025-03-17 22:54:59 - app.core.middleware - ERROR - Rate limiting error: Error connecting to localhost:6379. Multiple exceptions: [Errno 10061] Connect call failed ('::1', 6379, 0, 0), [Errno 10061] Connect call failed ('127.0.0.1', 6379).
2025-03-17 22:54:59 - app.core.middleware - ERROR - Rate limiting error: Error connecting to localhost:6379. Multiple exceptions: [Errno 10061] Connect call failed ('::1', 6379, 0, 0), [Errno 10061] Connect call failed ('127.0.0.1', 6379).
2025-03-17 22:54:59 - app.core.middleware - ERROR - Rate limiting error: Error connecting to localhost:6379. Multiple exceptions: [Errno 10061] Connect call failed ('::1', 6379, 0, 0), [Errno 10061] Connect call failed ('127.0.0.1', 6379).
2025-03-17 22:55:02 - app.core.middleware - ERROR - Rate limiting error: Error connecting to localhost:6379. Multiple exceptions: [Errno 10061] Connect call failed ('::1', 6379, 0, 0), [Errno 10061] Connect call failed ('127.0.0.1', 6379).
2025-03-17 22:55:03 - app.core.middleware - ERROR - Rate limiting error: Error connecting to localhost:6379. Multiple exceptions: [Errno 10061] Connect call failed ('::1', 6379, 0, 0), [Errno 10061] Connect call failed ('127.0.0.1', 6379).
2025-03-17 22:55:07 - app.core.middleware - ERROR - Rate limiting error: Error connecting to localhost:6379. Multiple exceptions: [Errno 10061] Connect call failed ('::1', 6379, 0, 0), [Errno 10061] Connect call failed ('127.0.0.1', 6379).
2025-03-17 22:55:11 - app.core.middleware - ERROR - Rate limiting error: Error connecting to localhost:6379. Multiple exceptions: [Errno 10061] Connect call failed ('::1', 6379, 0, 0), [Errno 10061] Connect call failed ('127.0.0.1', 6379).
2025-03-17 22:55:59 - app.core.middleware - ERROR - Rate limiting error: Error connecting to localhost:6379. Multiple exceptions: [Errno 10061] Connect call failed ('::1', 6379, 0, 0), [Errno 10061] Connect call failed ('127.0.0.1', 6379).
2025-03-17 22:56:59 - app.core.middleware - ERROR - Rate limiting error: Error connecting to localhost:6379. Multiple exceptions: [Errno 10061] Connect call failed ('::1', 6379, 0, 0), [Errno 10061] Connect call failed ('127.0.0.1', 6379).
2025-03-17 22:58:08 - app.routers.auth - ERROR - Auth0 callback error: When initializing mapper Mapper[User(users)], expression 'Document' failed to locate a name ('Document'). If this is a class name, consider adding this relationship() to the <class 'app.models.user.User'> class after both dependent classes have been defined.
2025-03-17 23:03:59 - app.routers.auth - ERROR - Auth0 callback error: When initializing mapper Mapper[User(users)], expression 'Document' failed to locate a name ('Document'). If this is a class name, consider adding this relationship() to the <class 'app.models.user.User'> class after both dependent classes have been defined.
2025-03-17 23:06:41 - app.routers.auth - ERROR - Auth0 callback error: When initializing mapper Mapper[User(users)], expression 'Document' failed to locate a name ('Document'). If this is a class name, consider adding this relationship() to the <class 'app.models.user.User'> class after both dependent classes have been defined.
2025-03-17 23:09:29 - app.routers.auth - ERROR - Auth0 callback error: When initializing mapper Mapper[User(users)], expression 'Document' failed to locate a name ('Document'). If this is a class name, consider adding this relationship() to the <class 'app.models.user.User'> class after both dependent classes have been defined.
2025-03-17 23:16:09 - app.routers.auth - ERROR - Auth0 callback error: When initializing mapper Mapper[User(users)], expression 'AuditLog' failed to locate a name ('AuditLog'). If this is a class name, consider adding this relationship() to the <class 'app.models.user.User'> class after both dependent classes have been defined.
2025-03-17 23:19:21 - app.routers.auth - ERROR - Auth0 callback error: When initializing mapper Mapper[User(users)], expression 'AuditLog' failed to locate a name ('AuditLog'). If this is a class name, consider adding this relationship() to the <class 'app.models.user.User'> class after both dependent classes have been defined.
2025-03-17 23:22:51 - app.routers.auth - ERROR - Auth0 callback error: When initializing mapper Mapper[User(users)], expression 'Document' failed to locate a name ('Document'). If this is a class name, consider adding this relationship() to the <class 'app.models.user.User'> class after both dependent classes have been defined.
2025-03-18 00:04:44 - app.routers.auth - ERROR - Auth0 callback error: When initializing mapper Mapper[WorkOrderItem(work_order_items)], expression 'InventoryItem' failed to locate a name ('InventoryItem'). If this is a class name, consider adding this relationship() to the <class 'app.models.work_order.WorkOrderItem'> class after both dependent classes have been defined.
2025-03-18 00:26:13 - app.routers.auth - ERROR - Auth0 callback error: Mapper 'Mapper[WorkOrder(work_orders)]' has no property 'quote'.  If this property was indicated from other mappers or configure events, ensure registry.configure() has been called.
2025-03-18 00:45:29 - app.core.auth - ERROR - User info fetch failed: {"error":"access_denied","error_description":"Too Many Requests","error_uri":"https://auth0.com/docs/policies/rate-limits"}
2025-03-18 00:45:29 - app.core.auth - ERROR - Failed to get user info: Failed to get user info: {"error":"access_denied","error_description":"Too Many Requests","error_uri":"https://auth0.com/docs/policies/rate-limits"}
2025-03-18 00:45:29 - app.routers.auth - ERROR - Authentication error: Failed to get user info: Failed to get user info: {"error":"access_denied","error_description":"Too Many Requests","error_uri":"https://auth0.com/docs/policies/rate-limits"}
2025-03-18 00:45:30 - app.core.auth - ERROR - User info fetch failed: {"error":"access_denied","error_description":"Too Many Requests","error_uri":"https://auth0.com/docs/policies/rate-limits"}
2025-03-18 00:45:30 - app.core.auth - ERROR - Failed to get user info: Failed to get user info: {"error":"access_denied","error_description":"Too Many Requests","error_uri":"https://auth0.com/docs/policies/rate-limits"}
2025-03-18 00:45:30 - app.routers.auth - ERROR - Authentication error: Failed to get user info: Failed to get user info: {"error":"access_denied","error_description":"Too Many Requests","error_uri":"https://auth0.com/docs/policies/rate-limits"}
2025-03-18 00:45:32 - app.core.auth - ERROR - User info fetch failed: {"error":"access_denied","error_description":"Too Many Requests","error_uri":"https://auth0.com/docs/policies/rate-limits"}
2025-03-18 00:45:32 - app.core.auth - ERROR - Failed to get user info: Failed to get user info: {"error":"access_denied","error_description":"Too Many Requests","error_uri":"https://auth0.com/docs/policies/rate-limits"}
2025-03-18 00:45:32 - app.routers.auth - ERROR - Authentication error: Failed to get user info: Failed to get user info: {"error":"access_denied","error_description":"Too Many Requests","error_uri":"https://auth0.com/docs/policies/rate-limits"}
2025-03-18 00:45:36 - app.core.auth - ERROR - User info fetch failed: {"error":"access_denied","error_description":"Too Many Requests","error_uri":"https://auth0.com/docs/policies/rate-limits"}
2025-03-18 00:45:36 - app.core.auth - ERROR - Failed to get user info: Failed to get user info: {"error":"access_denied","error_description":"Too Many Requests","error_uri":"https://auth0.com/docs/policies/rate-limits"}
2025-03-18 00:45:36 - app.routers.auth - ERROR - Authentication error: Failed to get user info: Failed to get user info: {"error":"access_denied","error_description":"Too Many Requests","error_uri":"https://auth0.com/docs/policies/rate-limits"}
2025-03-18 00:45:37 - app.core.auth - ERROR - User info fetch failed: {"error":"access_denied","error_description":"Too Many Requests","error_uri":"https://auth0.com/docs/policies/rate-limits"}
2025-03-18 00:45:37 - app.core.auth - ERROR - Failed to get user info: Failed to get user info: {"error":"access_denied","error_description":"Too Many Requests","error_uri":"https://auth0.com/docs/policies/rate-limits"}
2025-03-18 00:45:37 - app.routers.auth - ERROR - Authentication error: Failed to get user info: Failed to get user info: {"error":"access_denied","error_description":"Too Many Requests","error_uri":"https://auth0.com/docs/policies/rate-limits"}
2025-03-18 00:45:38 - app.core.auth - ERROR - User info fetch failed: {"error":"access_denied","error_description":"Too Many Requests","error_uri":"https://auth0.com/docs/policies/rate-limits"}
2025-03-18 00:45:38 - app.core.auth - ERROR - Failed to get user info: Failed to get user info: {"error":"access_denied","error_description":"Too Many Requests","error_uri":"https://auth0.com/docs/policies/rate-limits"}
2025-03-18 00:45:38 - app.routers.auth - ERROR - Authentication error: Failed to get user info: Failed to get user info: {"error":"access_denied","error_description":"Too Many Requests","error_uri":"https://auth0.com/docs/policies/rate-limits"}
2025-03-18 00:45:41 - app.core.auth - ERROR - User info fetch failed: {"error":"access_denied","error_description":"Too Many Requests","error_uri":"https://auth0.com/docs/policies/rate-limits"}
2025-03-18 00:45:41 - app.core.auth - ERROR - Failed to get user info: Failed to get user info: {"error":"access_denied","error_description":"Too Many Requests","error_uri":"https://auth0.com/docs/policies/rate-limits"}
2025-03-18 00:45:41 - app.routers.auth - ERROR - Authentication error: Failed to get user info: Failed to get user info: {"error":"access_denied","error_description":"Too Many Requests","error_uri":"https://auth0.com/docs/policies/rate-limits"}
2025-03-18 00:45:42 - app.core.auth - ERROR - User info fetch failed: {"error":"access_denied","error_description":"Too Many Requests","error_uri":"https://auth0.com/docs/policies/rate-limits"}
2025-03-18 00:45:42 - app.core.auth - ERROR - Failed to get user info: Failed to get user info: {"error":"access_denied","error_description":"Too Many Requests","error_uri":"https://auth0.com/docs/policies/rate-limits"}
2025-03-18 00:45:42 - app.routers.auth - ERROR - Authentication error: Failed to get user info: Failed to get user info: {"error":"access_denied","error_description":"Too Many Requests","error_uri":"https://auth0.com/docs/policies/rate-limits"}
2025-03-18 00:45:45 - app.core.auth - ERROR - User info fetch failed: {"error":"access_denied","error_description":"Too Many Requests","error_uri":"https://auth0.com/docs/policies/rate-limits"}
2025-03-18 00:45:45 - app.core.auth - ERROR - Failed to get user info: Failed to get user info: {"error":"access_denied","error_description":"Too Many Requests","error_uri":"https://auth0.com/docs/policies/rate-limits"}
2025-03-18 00:45:45 - app.routers.auth - ERROR - Authentication error: Failed to get user info: Failed to get user info: {"error":"access_denied","error_description":"Too Many Requests","error_uri":"https://auth0.com/docs/policies/rate-limits"}
2025-03-18 00:45:48 - app.core.auth - ERROR - User info fetch failed: {"error":"access_denied","error_description":"Too Many Requests","error_uri":"https://auth0.com/docs/policies/rate-limits"}
2025-03-18 00:45:48 - app.core.auth - ERROR - Failed to get user info: Failed to get user info: {"error":"access_denied","error_description":"Too Many Requests","error_uri":"https://auth0.com/docs/policies/rate-limits"}
2025-03-18 00:45:48 - app.routers.auth - ERROR - Authentication error: Failed to get user info: Failed to get user info: {"error":"access_denied","error_description":"Too Many Requests","error_uri":"https://auth0.com/docs/policies/rate-limits"}
2025-03-18 00:45:49 - app.core.auth - ERROR - User info fetch failed: {"error":"access_denied","error_description":"Too Many Requests","error_uri":"https://auth0.com/docs/policies/rate-limits"}
2025-03-18 00:45:49 - app.core.auth - ERROR - Failed to get user info: Failed to get user info: {"error":"access_denied","error_description":"Too Many Requests","error_uri":"https://auth0.com/docs/policies/rate-limits"}
2025-03-18 00:45:49 - app.routers.auth - ERROR - Authentication error: Failed to get user info: Failed to get user info: {"error":"access_denied","error_description":"Too Many Requests","error_uri":"https://auth0.com/docs/policies/rate-limits"}
2025-03-18 00:45:50 - app.core.auth - ERROR - User info fetch failed: {"error":"access_denied","error_description":"Too Many Requests","error_uri":"https://auth0.com/docs/policies/rate-limits"}
2025-03-18 00:45:50 - app.core.auth - ERROR - Failed to get user info: Failed to get user info: {"error":"access_denied","error_description":"Too Many Requests","error_uri":"https://auth0.com/docs/policies/rate-limits"}
2025-03-18 00:45:50 - app.routers.auth - ERROR - Authentication error: Failed to get user info: Failed to get user info: {"error":"access_denied","error_description":"Too Many Requests","error_uri":"https://auth0.com/docs/policies/rate-limits"}
2025-03-18 00:45:54 - app.core.auth - ERROR - User info fetch failed: {"error":"access_denied","error_description":"Too Many Requests","error_uri":"https://auth0.com/docs/policies/rate-limits"}
2025-03-18 00:45:54 - app.core.auth - ERROR - Failed to get user info: Failed to get user info: {"error":"access_denied","error_description":"Too Many Requests","error_uri":"https://auth0.com/docs/policies/rate-limits"}
2025-03-18 00:45:54 - app.routers.auth - ERROR - Authentication error: Failed to get user info: Failed to get user info: {"error":"access_denied","error_description":"Too Many Requests","error_uri":"https://auth0.com/docs/policies/rate-limits"}
2025-03-18 00:45:55 - app.core.auth - ERROR - User info fetch failed: {"error":"access_denied","error_description":"Too Many Requests","error_uri":"https://auth0.com/docs/policies/rate-limits"}
2025-03-18 00:45:55 - app.core.auth - ERROR - Failed to get user info: Failed to get user info: {"error":"access_denied","error_description":"Too Many Requests","error_uri":"https://auth0.com/docs/policies/rate-limits"}
2025-03-18 00:45:55 - app.routers.auth - ERROR - Authentication error: Failed to get user info: Failed to get user info: {"error":"access_denied","error_description":"Too Many Requests","error_uri":"https://auth0.com/docs/policies/rate-limits"}
2025-03-18 00:45:57 - app.core.auth - ERROR - User info fetch failed: {"error":"access_denied","error_description":"Too Many Requests","error_uri":"https://auth0.com/docs/policies/rate-limits"}
2025-03-18 00:45:57 - app.core.auth - ERROR - Failed to get user info: Failed to get user info: {"error":"access_denied","error_description":"Too Many Requests","error_uri":"https://auth0.com/docs/policies/rate-limits"}
2025-03-18 00:45:57 - app.routers.auth - ERROR - Authentication error: Failed to get user info: Failed to get user info: {"error":"access_denied","error_description":"Too Many Requests","error_uri":"https://auth0.com/docs/policies/rate-limits"}
2025-03-18 14:44:25 - app.routers.auth - ERROR - Validation error: 1 validation error for UserResponse
last_name
  String should have at least 1 character [type=string_too_short, input_value='', input_type=str]
    For further information visit https://errors.pydantic.dev/2.10/v/string_too_short
2025-03-18 14:44:26 - app.routers.auth - ERROR - Validation error: 1 validation error for UserResponse
last_name
  String should have at least 1 character [type=string_too_short, input_value='', input_type=str]
    For further information visit https://errors.pydantic.dev/2.10/v/string_too_short
2025-03-18 14:44:29 - app.routers.auth - ERROR - Validation error: 1 validation error for UserResponse
last_name
  String should have at least 1 character [type=string_too_short, input_value='', input_type=str]
    For further information visit https://errors.pydantic.dev/2.10/v/string_too_short
2025-03-18 14:44:32 - app.routers.auth - ERROR - Validation error: 1 validation error for UserResponse
last_name
  String should have at least 1 character [type=string_too_short, input_value='', input_type=str]
    For further information visit https://errors.pydantic.dev/2.10/v/string_too_short
2025-03-18 23:47:40 - app.routers.auth - ERROR - Validation error: 1 validation error for UserResponse
last_name
  String should have at least 1 character [type=string_too_short, input_value='', input_type=str]
    For further information visit https://errors.pydantic.dev/2.10/v/string_too_short
2025-03-18 23:47:41 - app.routers.auth - ERROR - Validation error: 1 validation error for UserResponse
last_name
  String should have at least 1 character [type=string_too_short, input_value='', input_type=str]
    For further information visit https://errors.pydantic.dev/2.10/v/string_too_short
2025-03-18 23:47:43 - app.routers.auth - ERROR - Validation error: 1 validation error for UserResponse
last_name
  String should have at least 1 character [type=string_too_short, input_value='', input_type=str]
    For further information visit https://errors.pydantic.dev/2.10/v/string_too_short
2025-03-18 23:47:47 - app.routers.auth - ERROR - Validation error: 1 validation error for UserResponse
last_name
  String should have at least 1 character [type=string_too_short, input_value='', input_type=str]
    For further information visit https://errors.pydantic.dev/2.10/v/string_too_short
2025-03-23 00:05:37 - app.core.middleware - ERROR - Unhandled error in request fb81ec55-587e-4b03-b562-17a76642f85b
Traceback (most recent call last):
  File "C:\Users\chee3\IdeaProjects\idims\venv\lib\site-packages\fastapi\encoders.py", line 230, in jsonable_encoder
    data = dict(obj)
TypeError: 'coroutine' object is not iterable

During handling of the above exception, another exception occurred:

Traceback (most recent call last):
  File "C:\Users\chee3\IdeaProjects\idims\venv\lib\site-packages\fastapi\encoders.py", line 235, in jsonable_encoder
    data = vars(obj)
TypeError: vars() argument must have __dict__ attribute

The above exception was the direct cause of the following exception:

Traceback (most recent call last):
  File "C:\Users\chee3\IdeaProjects\idims\backend\app\core\middleware.py", line 61, in dispatch
    response = await call_next(request)
  File "C:\Users\chee3\IdeaProjects\idims\venv\lib\site-packages\starlette\middleware\base.py", line 84, in call_next
    raise app_exc
  File "C:\Users\chee3\IdeaProjects\idims\venv\lib\site-packages\starlette\middleware\base.py", line 70, in coro
    await self.app(scope, receive_or_disconnect, send_no_error)
  File "C:\Users\chee3\IdeaProjects\idims\venv\lib\site-packages\starlette\middleware\base.py", line 108, in __call__
    response = await self.dispatch_func(request, call_next)
  File "C:\Users\chee3\IdeaProjects\idims\backend\app\core\middleware.py", line 135, in dispatch
    response = await call_next(request)
  File "C:\Users\chee3\IdeaProjects\idims\venv\lib\site-packages\starlette\middleware\base.py", line 84, in call_next
    raise app_exc
  File "C:\Users\chee3\IdeaProjects\idims\venv\lib\site-packages\starlette\middleware\base.py", line 70, in coro
    await self.app(scope, receive_or_disconnect, send_no_error)
  File "C:\Users\chee3\IdeaProjects\idims\venv\lib\site-packages\starlette\middleware\cors.py", line 91, in __call__
    await self.simple_response(scope, receive, send, request_headers=headers)
  File "C:\Users\chee3\IdeaProjects\idims\venv\lib\site-packages\starlette\middleware\cors.py", line 146, in simple_response
    await self.app(scope, receive, send)
  File "C:\Users\chee3\IdeaProjects\idims\venv\lib\site-packages\starlette\middleware\exceptions.py", line 79, in __call__
    raise exc
  File "C:\Users\chee3\IdeaProjects\idims\venv\lib\site-packages\starlette\middleware\exceptions.py", line 68, in __call__
    await self.app(scope, receive, sender)
  File "C:\Users\chee3\IdeaProjects\idims\venv\lib\site-packages\fastapi\middleware\asyncexitstack.py", line 20, in __call__
    raise e
  File "C:\Users\chee3\IdeaProjects\idims\venv\lib\site-packages\fastapi\middleware\asyncexitstack.py", line 17, in __call__
    await self.app(scope, receive, send)
  File "C:\Users\chee3\IdeaProjects\idims\venv\lib\site-packages\starlette\routing.py", line 718, in __call__
    await route.handle(scope, receive, send)
  File "C:\Users\chee3\IdeaProjects\idims\venv\lib\site-packages\starlette\routing.py", line 276, in handle
    await self.app(scope, receive, send)
  File "C:\Users\chee3\IdeaProjects\idims\venv\lib\site-packages\starlette\routing.py", line 66, in app
    response = await func(request)
  File "C:\Users\chee3\IdeaProjects\idims\venv\lib\site-packages\fastapi\routing.py", line 291, in app
    content = await serialize_response(
  File "C:\Users\chee3\IdeaProjects\idims\venv\lib\site-packages\fastapi\routing.py", line 179, in serialize_response
    return jsonable_encoder(response_content)
  File "C:\Users\chee3\IdeaProjects\idims\venv\lib\site-packages\fastapi\encoders.py", line 238, in jsonable_encoder
    raise ValueError(errors) from e
ValueError: [TypeError("'coroutine' object is not iterable"), TypeError('vars() argument must have __dict__ attribute')]
2025-03-23 00:05:37 - app.core.middleware - ERROR - Unhandled error in request d1f6dae9-6cba-4d1e-a7d7-f2173deb0b5b
Traceback (most recent call last):
  File "C:\Users\chee3\IdeaProjects\idims\venv\lib\site-packages\fastapi\encoders.py", line 230, in jsonable_encoder
    data = dict(obj)
TypeError: 'coroutine' object is not iterable

During handling of the above exception, another exception occurred:

Traceback (most recent call last):
  File "C:\Users\chee3\IdeaProjects\idims\venv\lib\site-packages\fastapi\encoders.py", line 235, in jsonable_encoder
    data = vars(obj)
TypeError: vars() argument must have __dict__ attribute

The above exception was the direct cause of the following exception:

Traceback (most recent call last):
  File "C:\Users\chee3\IdeaProjects\idims\backend\app\core\middleware.py", line 61, in dispatch
    response = await call_next(request)
  File "C:\Users\chee3\IdeaProjects\idims\venv\lib\site-packages\starlette\middleware\base.py", line 84, in call_next
    raise app_exc
  File "C:\Users\chee3\IdeaProjects\idims\venv\lib\site-packages\starlette\middleware\base.py", line 70, in coro
    await self.app(scope, receive_or_disconnect, send_no_error)
  File "C:\Users\chee3\IdeaProjects\idims\venv\lib\site-packages\starlette\middleware\base.py", line 108, in __call__
    response = await self.dispatch_func(request, call_next)
  File "C:\Users\chee3\IdeaProjects\idims\backend\app\core\middleware.py", line 135, in dispatch
    response = await call_next(request)
  File "C:\Users\chee3\IdeaProjects\idims\venv\lib\site-packages\starlette\middleware\base.py", line 84, in call_next
    raise app_exc
  File "C:\Users\chee3\IdeaProjects\idims\venv\lib\site-packages\starlette\middleware\base.py", line 70, in coro
    await self.app(scope, receive_or_disconnect, send_no_error)
  File "C:\Users\chee3\IdeaProjects\idims\venv\lib\site-packages\starlette\middleware\cors.py", line 91, in __call__
    await self.simple_response(scope, receive, send, request_headers=headers)
  File "C:\Users\chee3\IdeaProjects\idims\venv\lib\site-packages\starlette\middleware\cors.py", line 146, in simple_response
    await self.app(scope, receive, send)
  File "C:\Users\chee3\IdeaProjects\idims\venv\lib\site-packages\starlette\middleware\exceptions.py", line 79, in __call__
    raise exc
  File "C:\Users\chee3\IdeaProjects\idims\venv\lib\site-packages\starlette\middleware\exceptions.py", line 68, in __call__
    await self.app(scope, receive, sender)
  File "C:\Users\chee3\IdeaProjects\idims\venv\lib\site-packages\fastapi\middleware\asyncexitstack.py", line 20, in __call__
    raise e
  File "C:\Users\chee3\IdeaProjects\idims\venv\lib\site-packages\fastapi\middleware\asyncexitstack.py", line 17, in __call__
    await self.app(scope, receive, send)
  File "C:\Users\chee3\IdeaProjects\idims\venv\lib\site-packages\starlette\routing.py", line 718, in __call__
    await route.handle(scope, receive, send)
  File "C:\Users\chee3\IdeaProjects\idims\venv\lib\site-packages\starlette\routing.py", line 276, in handle
    await self.app(scope, receive, send)
  File "C:\Users\chee3\IdeaProjects\idims\venv\lib\site-packages\starlette\routing.py", line 66, in app
    response = await func(request)
  File "C:\Users\chee3\IdeaProjects\idims\venv\lib\site-packages\fastapi\routing.py", line 291, in app
    content = await serialize_response(
  File "C:\Users\chee3\IdeaProjects\idims\venv\lib\site-packages\fastapi\routing.py", line 179, in serialize_response
    return jsonable_encoder(response_content)
  File "C:\Users\chee3\IdeaProjects\idims\venv\lib\site-packages\fastapi\encoders.py", line 238, in jsonable_encoder
    raise ValueError(errors) from e
ValueError: [TypeError("'coroutine' object is not iterable"), TypeError('vars() argument must have __dict__ attribute')]
2025-03-23 00:05:37 - app.core.middleware - ERROR - Unhandled error in request 7713939e-ec6b-49b9-b3dd-4dc3d786c5a5
Traceback (most recent call last):
  File "C:\Users\chee3\IdeaProjects\idims\venv\lib\site-packages\fastapi\encoders.py", line 230, in jsonable_encoder
    data = dict(obj)
TypeError: 'coroutine' object is not iterable

During handling of the above exception, another exception occurred:

Traceback (most recent call last):
  File "C:\Users\chee3\IdeaProjects\idims\venv\lib\site-packages\fastapi\encoders.py", line 235, in jsonable_encoder
    data = vars(obj)
TypeError: vars() argument must have __dict__ attribute

The above exception was the direct cause of the following exception:

Traceback (most recent call last):
  File "C:\Users\chee3\IdeaProjects\idims\backend\app\core\middleware.py", line 61, in dispatch
    response = await call_next(request)
  File "C:\Users\chee3\IdeaProjects\idims\venv\lib\site-packages\starlette\middleware\base.py", line 84, in call_next
    raise app_exc
  File "C:\Users\chee3\IdeaProjects\idims\venv\lib\site-packages\starlette\middleware\base.py", line 70, in coro
    await self.app(scope, receive_or_disconnect, send_no_error)
  File "C:\Users\chee3\IdeaProjects\idims\venv\lib\site-packages\starlette\middleware\base.py", line 108, in __call__
    response = await self.dispatch_func(request, call_next)
  File "C:\Users\chee3\IdeaProjects\idims\backend\app\core\middleware.py", line 135, in dispatch
    response = await call_next(request)
  File "C:\Users\chee3\IdeaProjects\idims\venv\lib\site-packages\starlette\middleware\base.py", line 84, in call_next
    raise app_exc
  File "C:\Users\chee3\IdeaProjects\idims\venv\lib\site-packages\starlette\middleware\base.py", line 70, in coro
    await self.app(scope, receive_or_disconnect, send_no_error)
  File "C:\Users\chee3\IdeaProjects\idims\venv\lib\site-packages\starlette\middleware\cors.py", line 91, in __call__
    await self.simple_response(scope, receive, send, request_headers=headers)
  File "C:\Users\chee3\IdeaProjects\idims\venv\lib\site-packages\starlette\middleware\cors.py", line 146, in simple_response
    await self.app(scope, receive, send)
  File "C:\Users\chee3\IdeaProjects\idims\venv\lib\site-packages\starlette\middleware\exceptions.py", line 79, in __call__
    raise exc
  File "C:\Users\chee3\IdeaProjects\idims\venv\lib\site-packages\starlette\middleware\exceptions.py", line 68, in __call__
    await self.app(scope, receive, sender)
  File "C:\Users\chee3\IdeaProjects\idims\venv\lib\site-packages\fastapi\middleware\asyncexitstack.py", line 20, in __call__
    raise e
  File "C:\Users\chee3\IdeaProjects\idims\venv\lib\site-packages\fastapi\middleware\asyncexitstack.py", line 17, in __call__
    await self.app(scope, receive, send)
  File "C:\Users\chee3\IdeaProjects\idims\venv\lib\site-packages\starlette\routing.py", line 718, in __call__
    await route.handle(scope, receive, send)
  File "C:\Users\chee3\IdeaProjects\idims\venv\lib\site-packages\starlette\routing.py", line 276, in handle
    await self.app(scope, receive, send)
  File "C:\Users\chee3\IdeaProjects\idims\venv\lib\site-packages\starlette\routing.py", line 66, in app
    response = await func(request)
  File "C:\Users\chee3\IdeaProjects\idims\venv\lib\site-packages\fastapi\routing.py", line 291, in app
    content = await serialize_response(
  File "C:\Users\chee3\IdeaProjects\idims\venv\lib\site-packages\fastapi\routing.py", line 179, in serialize_response
    return jsonable_encoder(response_content)
  File "C:\Users\chee3\IdeaProjects\idims\venv\lib\site-packages\fastapi\encoders.py", line 238, in jsonable_encoder
    raise ValueError(errors) from e
ValueError: [TypeError("'coroutine' object is not iterable"), TypeError('vars() argument must have __dict__ attribute')]
2025-03-23 00:18:19 - app.core.middleware - ERROR - Unhandled error in request 61b52dc3-5fd4-4bd5-b114-8a6446b8b460
Traceback (most recent call last):
  File "C:\Users\chee3\IdeaProjects\idims\venv\lib\site-packages\fastapi\encoders.py", line 230, in jsonable_encoder
    data = dict(obj)
TypeError: 'coroutine' object is not iterable

During handling of the above exception, another exception occurred:

Traceback (most recent call last):
  File "C:\Users\chee3\IdeaProjects\idims\venv\lib\site-packages\fastapi\encoders.py", line 235, in jsonable_encoder
    data = vars(obj)
TypeError: vars() argument must have __dict__ attribute

The above exception was the direct cause of the following exception:

Traceback (most recent call last):
  File "C:\Users\chee3\IdeaProjects\idims\backend\app\core\middleware.py", line 61, in dispatch
    response = await call_next(request)
  File "C:\Users\chee3\IdeaProjects\idims\venv\lib\site-packages\starlette\middleware\base.py", line 84, in call_next
    raise app_exc
  File "C:\Users\chee3\IdeaProjects\idims\venv\lib\site-packages\starlette\middleware\base.py", line 70, in coro
    await self.app(scope, receive_or_disconnect, send_no_error)
  File "C:\Users\chee3\IdeaProjects\idims\venv\lib\site-packages\starlette\middleware\base.py", line 108, in __call__
    response = await self.dispatch_func(request, call_next)
  File "C:\Users\chee3\IdeaProjects\idims\backend\app\core\middleware.py", line 135, in dispatch
    response = await call_next(request)
  File "C:\Users\chee3\IdeaProjects\idims\venv\lib\site-packages\starlette\middleware\base.py", line 84, in call_next
    raise app_exc
  File "C:\Users\chee3\IdeaProjects\idims\venv\lib\site-packages\starlette\middleware\base.py", line 70, in coro
    await self.app(scope, receive_or_disconnect, send_no_error)
  File "C:\Users\chee3\IdeaProjects\idims\venv\lib\site-packages\starlette\middleware\cors.py", line 91, in __call__
    await self.simple_response(scope, receive, send, request_headers=headers)
  File "C:\Users\chee3\IdeaProjects\idims\venv\lib\site-packages\starlette\middleware\cors.py", line 146, in simple_response
    await self.app(scope, receive, send)
  File "C:\Users\chee3\IdeaProjects\idims\venv\lib\site-packages\starlette\middleware\exceptions.py", line 79, in __call__
    raise exc
  File "C:\Users\chee3\IdeaProjects\idims\venv\lib\site-packages\starlette\middleware\exceptions.py", line 68, in __call__
    await self.app(scope, receive, sender)
  File "C:\Users\chee3\IdeaProjects\idims\venv\lib\site-packages\fastapi\middleware\asyncexitstack.py", line 20, in __call__
    raise e
  File "C:\Users\chee3\IdeaProjects\idims\venv\lib\site-packages\fastapi\middleware\asyncexitstack.py", line 17, in __call__
    await self.app(scope, receive, send)
  File "C:\Users\chee3\IdeaProjects\idims\venv\lib\site-packages\starlette\routing.py", line 718, in __call__
    await route.handle(scope, receive, send)
  File "C:\Users\chee3\IdeaProjects\idims\venv\lib\site-packages\starlette\routing.py", line 276, in handle
    await self.app(scope, receive, send)
  File "C:\Users\chee3\IdeaProjects\idims\venv\lib\site-packages\starlette\routing.py", line 66, in app
    response = await func(request)
  File "C:\Users\chee3\IdeaProjects\idims\venv\lib\site-packages\fastapi\routing.py", line 291, in app
    content = await serialize_response(
  File "C:\Users\chee3\IdeaProjects\idims\venv\lib\site-packages\fastapi\routing.py", line 179, in serialize_response
    return jsonable_encoder(response_content)
  File "C:\Users\chee3\IdeaProjects\idims\venv\lib\site-packages\fastapi\encoders.py", line 238, in jsonable_encoder
    raise ValueError(errors) from e
ValueError: [TypeError("'coroutine' object is not iterable"), TypeError('vars() argument must have __dict__ attribute')]
2025-03-23 00:20:57 - app.core.middleware - ERROR - Unhandled error in request 3a7b1f98-c71b-4869-a37f-93eb0fae0ffe
Traceback (most recent call last):
  File "C:\Users\chee3\IdeaProjects\idims\venv\lib\site-packages\fastapi\encoders.py", line 230, in jsonable_encoder
    data = dict(obj)
TypeError: 'coroutine' object is not iterable

During handling of the above exception, another exception occurred:

Traceback (most recent call last):
  File "C:\Users\chee3\IdeaProjects\idims\venv\lib\site-packages\fastapi\encoders.py", line 235, in jsonable_encoder
    data = vars(obj)
TypeError: vars() argument must have __dict__ attribute

The above exception was the direct cause of the following exception:

Traceback (most recent call last):
  File "C:\Users\chee3\IdeaProjects\idims\backend\app\core\middleware.py", line 61, in dispatch
    response = await call_next(request)
  File "C:\Users\chee3\IdeaProjects\idims\venv\lib\site-packages\starlette\middleware\base.py", line 84, in call_next
    raise app_exc
  File "C:\Users\chee3\IdeaProjects\idims\venv\lib\site-packages\starlette\middleware\base.py", line 70, in coro
    await self.app(scope, receive_or_disconnect, send_no_error)
  File "C:\Users\chee3\IdeaProjects\idims\venv\lib\site-packages\starlette\middleware\base.py", line 108, in __call__
    response = await self.dispatch_func(request, call_next)
  File "C:\Users\chee3\IdeaProjects\idims\backend\app\core\middleware.py", line 135, in dispatch
    response = await call_next(request)
  File "C:\Users\chee3\IdeaProjects\idims\venv\lib\site-packages\starlette\middleware\base.py", line 84, in call_next
    raise app_exc
  File "C:\Users\chee3\IdeaProjects\idims\venv\lib\site-packages\starlette\middleware\base.py", line 70, in coro
    await self.app(scope, receive_or_disconnect, send_no_error)
  File "C:\Users\chee3\IdeaProjects\idims\venv\lib\site-packages\starlette\middleware\cors.py", line 91, in __call__
    await self.simple_response(scope, receive, send, request_headers=headers)
  File "C:\Users\chee3\IdeaProjects\idims\venv\lib\site-packages\starlette\middleware\cors.py", line 146, in simple_response
    await self.app(scope, receive, send)
  File "C:\Users\chee3\IdeaProjects\idims\venv\lib\site-packages\starlette\middleware\exceptions.py", line 79, in __call__
    raise exc
  File "C:\Users\chee3\IdeaProjects\idims\venv\lib\site-packages\starlette\middleware\exceptions.py", line 68, in __call__
    await self.app(scope, receive, sender)
  File "C:\Users\chee3\IdeaProjects\idims\venv\lib\site-packages\fastapi\middleware\asyncexitstack.py", line 20, in __call__
    raise e
  File "C:\Users\chee3\IdeaProjects\idims\venv\lib\site-packages\fastapi\middleware\asyncexitstack.py", line 17, in __call__
    await self.app(scope, receive, send)
  File "C:\Users\chee3\IdeaProjects\idims\venv\lib\site-packages\starlette\routing.py", line 718, in __call__
    await route.handle(scope, receive, send)
  File "C:\Users\chee3\IdeaProjects\idims\venv\lib\site-packages\starlette\routing.py", line 276, in handle
    await self.app(scope, receive, send)
  File "C:\Users\chee3\IdeaProjects\idims\venv\lib\site-packages\starlette\routing.py", line 66, in app
    response = await func(request)
  File "C:\Users\chee3\IdeaProjects\idims\venv\lib\site-packages\fastapi\routing.py", line 291, in app
    content = await serialize_response(
  File "C:\Users\chee3\IdeaProjects\idims\venv\lib\site-packages\fastapi\routing.py", line 179, in serialize_response
    return jsonable_encoder(response_content)
  File "C:\Users\chee3\IdeaProjects\idims\venv\lib\site-packages\fastapi\encoders.py", line 238, in jsonable_encoder
    raise ValueError(errors) from e
ValueError: [TypeError("'coroutine' object is not iterable"), TypeError('vars() argument must have __dict__ attribute')]
2025-03-23 00:20:57 - app.core.middleware - ERROR - Unhandled error in request 70d2372b-29a0-4af8-b4d4-05fc4a2498aa
Traceback (most recent call last):
  File "C:\Users\chee3\IdeaProjects\idims\venv\lib\site-packages\fastapi\encoders.py", line 230, in jsonable_encoder
    data = dict(obj)
TypeError: 'coroutine' object is not iterable

During handling of the above exception, another exception occurred:

Traceback (most recent call last):
  File "C:\Users\chee3\IdeaProjects\idims\venv\lib\site-packages\fastapi\encoders.py", line 235, in jsonable_encoder
    data = vars(obj)
TypeError: vars() argument must have __dict__ attribute

The above exception was the direct cause of the following exception:

Traceback (most recent call last):
  File "C:\Users\chee3\IdeaProjects\idims\backend\app\core\middleware.py", line 61, in dispatch
    response = await call_next(request)
  File "C:\Users\chee3\IdeaProjects\idims\venv\lib\site-packages\starlette\middleware\base.py", line 84, in call_next
    raise app_exc
  File "C:\Users\chee3\IdeaProjects\idims\venv\lib\site-packages\starlette\middleware\base.py", line 70, in coro
    await self.app(scope, receive_or_disconnect, send_no_error)
  File "C:\Users\chee3\IdeaProjects\idims\venv\lib\site-packages\starlette\middleware\base.py", line 108, in __call__
    response = await self.dispatch_func(request, call_next)
  File "C:\Users\chee3\IdeaProjects\idims\backend\app\core\middleware.py", line 135, in dispatch
    response = await call_next(request)
  File "C:\Users\chee3\IdeaProjects\idims\venv\lib\site-packages\starlette\middleware\base.py", line 84, in call_next
    raise app_exc
  File "C:\Users\chee3\IdeaProjects\idims\venv\lib\site-packages\starlette\middleware\base.py", line 70, in coro
    await self.app(scope, receive_or_disconnect, send_no_error)
  File "C:\Users\chee3\IdeaProjects\idims\venv\lib\site-packages\starlette\middleware\cors.py", line 91, in __call__
    await self.simple_response(scope, receive, send, request_headers=headers)
  File "C:\Users\chee3\IdeaProjects\idims\venv\lib\site-packages\starlette\middleware\cors.py", line 146, in simple_response
    await self.app(scope, receive, send)
  File "C:\Users\chee3\IdeaProjects\idims\venv\lib\site-packages\starlette\middleware\exceptions.py", line 79, in __call__
    raise exc
  File "C:\Users\chee3\IdeaProjects\idims\venv\lib\site-packages\starlette\middleware\exceptions.py", line 68, in __call__
    await self.app(scope, receive, sender)
  File "C:\Users\chee3\IdeaProjects\idims\venv\lib\site-packages\fastapi\middleware\asyncexitstack.py", line 20, in __call__
    raise e
  File "C:\Users\chee3\IdeaProjects\idims\venv\lib\site-packages\fastapi\middleware\asyncexitstack.py", line 17, in __call__
    await self.app(scope, receive, send)
  File "C:\Users\chee3\IdeaProjects\idims\venv\lib\site-packages\starlette\routing.py", line 718, in __call__
    await route.handle(scope, receive, send)
  File "C:\Users\chee3\IdeaProjects\idims\venv\lib\site-packages\starlette\routing.py", line 276, in handle
    await self.app(scope, receive, send)
  File "C:\Users\chee3\IdeaProjects\idims\venv\lib\site-packages\starlette\routing.py", line 66, in app
    response = await func(request)
  File "C:\Users\chee3\IdeaProjects\idims\venv\lib\site-packages\fastapi\routing.py", line 291, in app
    content = await serialize_response(
  File "C:\Users\chee3\IdeaProjects\idims\venv\lib\site-packages\fastapi\routing.py", line 179, in serialize_response
    return jsonable_encoder(response_content)
  File "C:\Users\chee3\IdeaProjects\idims\venv\lib\site-packages\fastapi\encoders.py", line 238, in jsonable_encoder
    raise ValueError(errors) from e
ValueError: [TypeError("'coroutine' object is not iterable"), TypeError('vars() argument must have __dict__ attribute')]
2025-03-23 00:20:57 - app.core.middleware - ERROR - Unhandled error in request 0176a19a-38fd-456f-8343-9b1d65819a72
Traceback (most recent call last):
  File "C:\Users\chee3\IdeaProjects\idims\venv\lib\site-packages\fastapi\encoders.py", line 230, in jsonable_encoder
    data = dict(obj)
TypeError: 'coroutine' object is not iterable

During handling of the above exception, another exception occurred:

Traceback (most recent call last):
  File "C:\Users\chee3\IdeaProjects\idims\venv\lib\site-packages\fastapi\encoders.py", line 235, in jsonable_encoder
    data = vars(obj)
TypeError: vars() argument must have __dict__ attribute

The above exception was the direct cause of the following exception:

Traceback (most recent call last):
  File "C:\Users\chee3\IdeaProjects\idims\backend\app\core\middleware.py", line 61, in dispatch
    response = await call_next(request)
  File "C:\Users\chee3\IdeaProjects\idims\venv\lib\site-packages\starlette\middleware\base.py", line 84, in call_next
    raise app_exc
  File "C:\Users\chee3\IdeaProjects\idims\venv\lib\site-packages\starlette\middleware\base.py", line 70, in coro
    await self.app(scope, receive_or_disconnect, send_no_error)
  File "C:\Users\chee3\IdeaProjects\idims\venv\lib\site-packages\starlette\middleware\base.py", line 108, in __call__
    response = await self.dispatch_func(request, call_next)
  File "C:\Users\chee3\IdeaProjects\idims\backend\app\core\middleware.py", line 135, in dispatch
    response = await call_next(request)
  File "C:\Users\chee3\IdeaProjects\idims\venv\lib\site-packages\starlette\middleware\base.py", line 84, in call_next
    raise app_exc
  File "C:\Users\chee3\IdeaProjects\idims\venv\lib\site-packages\starlette\middleware\base.py", line 70, in coro
    await self.app(scope, receive_or_disconnect, send_no_error)
  File "C:\Users\chee3\IdeaProjects\idims\venv\lib\site-packages\starlette\middleware\cors.py", line 91, in __call__
    await self.simple_response(scope, receive, send, request_headers=headers)
  File "C:\Users\chee3\IdeaProjects\idims\venv\lib\site-packages\starlette\middleware\cors.py", line 146, in simple_response
    await self.app(scope, receive, send)
  File "C:\Users\chee3\IdeaProjects\idims\venv\lib\site-packages\starlette\middleware\exceptions.py", line 79, in __call__
    raise exc
  File "C:\Users\chee3\IdeaProjects\idims\venv\lib\site-packages\starlette\middleware\exceptions.py", line 68, in __call__
    await self.app(scope, receive, sender)
  File "C:\Users\chee3\IdeaProjects\idims\venv\lib\site-packages\fastapi\middleware\asyncexitstack.py", line 20, in __call__
    raise e
  File "C:\Users\chee3\IdeaProjects\idims\venv\lib\site-packages\fastapi\middleware\asyncexitstack.py", line 17, in __call__
    await self.app(scope, receive, send)
  File "C:\Users\chee3\IdeaProjects\idims\venv\lib\site-packages\starlette\routing.py", line 718, in __call__
    await route.handle(scope, receive, send)
  File "C:\Users\chee3\IdeaProjects\idims\venv\lib\site-packages\starlette\routing.py", line 276, in handle
    await self.app(scope, receive, send)
  File "C:\Users\chee3\IdeaProjects\idims\venv\lib\site-packages\starlette\routing.py", line 66, in app
    response = await func(request)
  File "C:\Users\chee3\IdeaProjects\idims\venv\lib\site-packages\fastapi\routing.py", line 291, in app
    content = await serialize_response(
  File "C:\Users\chee3\IdeaProjects\idims\venv\lib\site-packages\fastapi\routing.py", line 179, in serialize_response
    return jsonable_encoder(response_content)
  File "C:\Users\chee3\IdeaProjects\idims\venv\lib\site-packages\fastapi\encoders.py", line 238, in jsonable_encoder
    raise ValueError(errors) from e
ValueError: [TypeError("'coroutine' object is not iterable"), TypeError('vars() argument must have __dict__ attribute')]
2025-03-23 00:20:57 - app.core.middleware - ERROR - Unhandled error in request c8a8b8b1-5783-4ace-9853-6aff1f14ea62
Traceback (most recent call last):
  File "C:\Users\chee3\IdeaProjects\idims\venv\lib\site-packages\fastapi\encoders.py", line 230, in jsonable_encoder
    data = dict(obj)
TypeError: 'coroutine' object is not iterable

During handling of the above exception, another exception occurred:

Traceback (most recent call last):
  File "C:\Users\chee3\IdeaProjects\idims\venv\lib\site-packages\fastapi\encoders.py", line 235, in jsonable_encoder
    data = vars(obj)
TypeError: vars() argument must have __dict__ attribute

The above exception was the direct cause of the following exception:

Traceback (most recent call last):
  File "C:\Users\chee3\IdeaProjects\idims\backend\app\core\middleware.py", line 61, in dispatch
    response = await call_next(request)
  File "C:\Users\chee3\IdeaProjects\idims\venv\lib\site-packages\starlette\middleware\base.py", line 84, in call_next
    raise app_exc
  File "C:\Users\chee3\IdeaProjects\idims\venv\lib\site-packages\starlette\middleware\base.py", line 70, in coro
    await self.app(scope, receive_or_disconnect, send_no_error)
  File "C:\Users\chee3\IdeaProjects\idims\venv\lib\site-packages\starlette\middleware\base.py", line 108, in __call__
    response = await self.dispatch_func(request, call_next)
  File "C:\Users\chee3\IdeaProjects\idims\backend\app\core\middleware.py", line 135, in dispatch
    response = await call_next(request)
  File "C:\Users\chee3\IdeaProjects\idims\venv\lib\site-packages\starlette\middleware\base.py", line 84, in call_next
    raise app_exc
  File "C:\Users\chee3\IdeaProjects\idims\venv\lib\site-packages\starlette\middleware\base.py", line 70, in coro
    await self.app(scope, receive_or_disconnect, send_no_error)
  File "C:\Users\chee3\IdeaProjects\idims\venv\lib\site-packages\starlette\middleware\cors.py", line 91, in __call__
    await self.simple_response(scope, receive, send, request_headers=headers)
  File "C:\Users\chee3\IdeaProjects\idims\venv\lib\site-packages\starlette\middleware\cors.py", line 146, in simple_response
    await self.app(scope, receive, send)
  File "C:\Users\chee3\IdeaProjects\idims\venv\lib\site-packages\starlette\middleware\exceptions.py", line 79, in __call__
    raise exc
  File "C:\Users\chee3\IdeaProjects\idims\venv\lib\site-packages\starlette\middleware\exceptions.py", line 68, in __call__
    await self.app(scope, receive, sender)
  File "C:\Users\chee3\IdeaProjects\idims\venv\lib\site-packages\fastapi\middleware\asyncexitstack.py", line 20, in __call__
    raise e
  File "C:\Users\chee3\IdeaProjects\idims\venv\lib\site-packages\fastapi\middleware\asyncexitstack.py", line 17, in __call__
    await self.app(scope, receive, send)
  File "C:\Users\chee3\IdeaProjects\idims\venv\lib\site-packages\starlette\routing.py", line 718, in __call__
    await route.handle(scope, receive, send)
  File "C:\Users\chee3\IdeaProjects\idims\venv\lib\site-packages\starlette\routing.py", line 276, in handle
    await self.app(scope, receive, send)
  File "C:\Users\chee3\IdeaProjects\idims\venv\lib\site-packages\starlette\routing.py", line 66, in app
    response = await func(request)
  File "C:\Users\chee3\IdeaProjects\idims\venv\lib\site-packages\fastapi\routing.py", line 291, in app
    content = await serialize_response(
  File "C:\Users\chee3\IdeaProjects\idims\venv\lib\site-packages\fastapi\routing.py", line 179, in serialize_response
    return jsonable_encoder(response_content)
  File "C:\Users\chee3\IdeaProjects\idims\venv\lib\site-packages\fastapi\encoders.py", line 238, in jsonable_encoder
    raise ValueError(errors) from e
ValueError: [TypeError("'coroutine' object is not iterable"), TypeError('vars() argument must have __dict__ attribute')]
2025-03-23 00:20:57 - app.core.middleware - ERROR - Unhandled error in request 28a3f027-4426-4df1-98b5-d1a2be1e7a3e
Traceback (most recent call last):
  File "C:\Users\chee3\IdeaProjects\idims\venv\lib\site-packages\fastapi\encoders.py", line 230, in jsonable_encoder
    data = dict(obj)
TypeError: 'coroutine' object is not iterable

During handling of the above exception, another exception occurred:

Traceback (most recent call last):
  File "C:\Users\chee3\IdeaProjects\idims\venv\lib\site-packages\fastapi\encoders.py", line 235, in jsonable_encoder
    data = vars(obj)
TypeError: vars() argument must have __dict__ attribute

The above exception was the direct cause of the following exception:

Traceback (most recent call last):
  File "C:\Users\chee3\IdeaProjects\idims\backend\app\core\middleware.py", line 61, in dispatch
    response = await call_next(request)
  File "C:\Users\chee3\IdeaProjects\idims\venv\lib\site-packages\starlette\middleware\base.py", line 84, in call_next
    raise app_exc
  File "C:\Users\chee3\IdeaProjects\idims\venv\lib\site-packages\starlette\middleware\base.py", line 70, in coro
    await self.app(scope, receive_or_disconnect, send_no_error)
  File "C:\Users\chee3\IdeaProjects\idims\venv\lib\site-packages\starlette\middleware\base.py", line 108, in __call__
    response = await self.dispatch_func(request, call_next)
  File "C:\Users\chee3\IdeaProjects\idims\backend\app\core\middleware.py", line 135, in dispatch
    response = await call_next(request)
  File "C:\Users\chee3\IdeaProjects\idims\venv\lib\site-packages\starlette\middleware\base.py", line 84, in call_next
    raise app_exc
  File "C:\Users\chee3\IdeaProjects\idims\venv\lib\site-packages\starlette\middleware\base.py", line 70, in coro
    await self.app(scope, receive_or_disconnect, send_no_error)
  File "C:\Users\chee3\IdeaProjects\idims\venv\lib\site-packages\starlette\middleware\cors.py", line 91, in __call__
    await self.simple_response(scope, receive, send, request_headers=headers)
  File "C:\Users\chee3\IdeaProjects\idims\venv\lib\site-packages\starlette\middleware\cors.py", line 146, in simple_response
    await self.app(scope, receive, send)
  File "C:\Users\chee3\IdeaProjects\idims\venv\lib\site-packages\starlette\middleware\exceptions.py", line 79, in __call__
    raise exc
  File "C:\Users\chee3\IdeaProjects\idims\venv\lib\site-packages\starlette\middleware\exceptions.py", line 68, in __call__
    await self.app(scope, receive, sender)
  File "C:\Users\chee3\IdeaProjects\idims\venv\lib\site-packages\fastapi\middleware\asyncexitstack.py", line 20, in __call__
    raise e
  File "C:\Users\chee3\IdeaProjects\idims\venv\lib\site-packages\fastapi\middleware\asyncexitstack.py", line 17, in __call__
    await self.app(scope, receive, send)
  File "C:\Users\chee3\IdeaProjects\idims\venv\lib\site-packages\starlette\routing.py", line 718, in __call__
    await route.handle(scope, receive, send)
  File "C:\Users\chee3\IdeaProjects\idims\venv\lib\site-packages\starlette\routing.py", line 276, in handle
    await self.app(scope, receive, send)
  File "C:\Users\chee3\IdeaProjects\idims\venv\lib\site-packages\starlette\routing.py", line 66, in app
    response = await func(request)
  File "C:\Users\chee3\IdeaProjects\idims\venv\lib\site-packages\fastapi\routing.py", line 291, in app
    content = await serialize_response(
  File "C:\Users\chee3\IdeaProjects\idims\venv\lib\site-packages\fastapi\routing.py", line 179, in serialize_response
    return jsonable_encoder(response_content)
  File "C:\Users\chee3\IdeaProjects\idims\venv\lib\site-packages\fastapi\encoders.py", line 238, in jsonable_encoder
    raise ValueError(errors) from e
ValueError: [TypeError("'coroutine' object is not iterable"), TypeError('vars() argument must have __dict__ attribute')]
2025-03-23 00:23:30 - app.core.middleware - ERROR - Unhandled error in request c80cc895-68e9-4d68-9e80-606e2846b6e6
Traceback (most recent call last):
  File "C:\Users\chee3\IdeaProjects\idims\venv\lib\site-packages\fastapi\encoders.py", line 230, in jsonable_encoder
    data = dict(obj)
TypeError: 'coroutine' object is not iterable

During handling of the above exception, another exception occurred:

Traceback (most recent call last):
  File "C:\Users\chee3\IdeaProjects\idims\venv\lib\site-packages\fastapi\encoders.py", line 235, in jsonable_encoder
    data = vars(obj)
TypeError: vars() argument must have __dict__ attribute

The above exception was the direct cause of the following exception:

Traceback (most recent call last):
  File "C:\Users\chee3\IdeaProjects\idims\backend\app\core\middleware.py", line 62, in dispatch
    response = await call_next(request)
  File "C:\Users\chee3\IdeaProjects\idims\venv\lib\site-packages\starlette\middleware\base.py", line 84, in call_next
    raise app_exc
  File "C:\Users\chee3\IdeaProjects\idims\venv\lib\site-packages\starlette\middleware\base.py", line 70, in coro
    await self.app(scope, receive_or_disconnect, send_no_error)
  File "C:\Users\chee3\IdeaProjects\idims\venv\lib\site-packages\starlette\middleware\base.py", line 108, in __call__
    response = await self.dispatch_func(request, call_next)
  File "C:\Users\chee3\IdeaProjects\idims\backend\app\core\middleware.py", line 136, in dispatch
    response = await call_next(request)
  File "C:\Users\chee3\IdeaProjects\idims\venv\lib\site-packages\starlette\middleware\base.py", line 84, in call_next
    raise app_exc
  File "C:\Users\chee3\IdeaProjects\idims\venv\lib\site-packages\starlette\middleware\base.py", line 70, in coro
    await self.app(scope, receive_or_disconnect, send_no_error)
  File "C:\Users\chee3\IdeaProjects\idims\venv\lib\site-packages\starlette\middleware\cors.py", line 91, in __call__
    await self.simple_response(scope, receive, send, request_headers=headers)
  File "C:\Users\chee3\IdeaProjects\idims\venv\lib\site-packages\starlette\middleware\cors.py", line 146, in simple_response
    await self.app(scope, receive, send)
  File "C:\Users\chee3\IdeaProjects\idims\venv\lib\site-packages\starlette\middleware\exceptions.py", line 79, in __call__
    raise exc
  File "C:\Users\chee3\IdeaProjects\idims\venv\lib\site-packages\starlette\middleware\exceptions.py", line 68, in __call__
    await self.app(scope, receive, sender)
  File "C:\Users\chee3\IdeaProjects\idims\venv\lib\site-packages\fastapi\middleware\asyncexitstack.py", line 20, in __call__
    raise e
  File "C:\Users\chee3\IdeaProjects\idims\venv\lib\site-packages\fastapi\middleware\asyncexitstack.py", line 17, in __call__
    await self.app(scope, receive, send)
  File "C:\Users\chee3\IdeaProjects\idims\venv\lib\site-packages\starlette\routing.py", line 718, in __call__
    await route.handle(scope, receive, send)
  File "C:\Users\chee3\IdeaProjects\idims\venv\lib\site-packages\starlette\routing.py", line 276, in handle
    await self.app(scope, receive, send)
  File "C:\Users\chee3\IdeaProjects\idims\venv\lib\site-packages\starlette\routing.py", line 66, in app
    response = await func(request)
  File "C:\Users\chee3\IdeaProjects\idims\venv\lib\site-packages\fastapi\routing.py", line 291, in app
    content = await serialize_response(
  File "C:\Users\chee3\IdeaProjects\idims\venv\lib\site-packages\fastapi\routing.py", line 179, in serialize_response
    return jsonable_encoder(response_content)
  File "C:\Users\chee3\IdeaProjects\idims\venv\lib\site-packages\fastapi\encoders.py", line 238, in jsonable_encoder
    raise ValueError(errors) from e
ValueError: [TypeError("'coroutine' object is not iterable"), TypeError('vars() argument must have __dict__ attribute')]
2025-03-23 00:23:30 - app.core.middleware - ERROR - Unhandled error in request 13009d4d-44cb-4a7b-a238-5eac7087dedd
Traceback (most recent call last):
  File "C:\Users\chee3\IdeaProjects\idims\venv\lib\site-packages\fastapi\encoders.py", line 230, in jsonable_encoder
    data = dict(obj)
TypeError: 'coroutine' object is not iterable

During handling of the above exception, another exception occurred:

Traceback (most recent call last):
  File "C:\Users\chee3\IdeaProjects\idims\venv\lib\site-packages\fastapi\encoders.py", line 235, in jsonable_encoder
    data = vars(obj)
TypeError: vars() argument must have __dict__ attribute

The above exception was the direct cause of the following exception:

Traceback (most recent call last):
  File "C:\Users\chee3\IdeaProjects\idims\backend\app\core\middleware.py", line 62, in dispatch
    response = await call_next(request)
  File "C:\Users\chee3\IdeaProjects\idims\venv\lib\site-packages\starlette\middleware\base.py", line 84, in call_next
    raise app_exc
  File "C:\Users\chee3\IdeaProjects\idims\venv\lib\site-packages\starlette\middleware\base.py", line 70, in coro
    await self.app(scope, receive_or_disconnect, send_no_error)
  File "C:\Users\chee3\IdeaProjects\idims\venv\lib\site-packages\starlette\middleware\base.py", line 108, in __call__
    response = await self.dispatch_func(request, call_next)
  File "C:\Users\chee3\IdeaProjects\idims\backend\app\core\middleware.py", line 136, in dispatch
    response = await call_next(request)
  File "C:\Users\chee3\IdeaProjects\idims\venv\lib\site-packages\starlette\middleware\base.py", line 84, in call_next
    raise app_exc
  File "C:\Users\chee3\IdeaProjects\idims\venv\lib\site-packages\starlette\middleware\base.py", line 70, in coro
    await self.app(scope, receive_or_disconnect, send_no_error)
  File "C:\Users\chee3\IdeaProjects\idims\venv\lib\site-packages\starlette\middleware\cors.py", line 91, in __call__
    await self.simple_response(scope, receive, send, request_headers=headers)
  File "C:\Users\chee3\IdeaProjects\idims\venv\lib\site-packages\starlette\middleware\cors.py", line 146, in simple_response
    await self.app(scope, receive, send)
  File "C:\Users\chee3\IdeaProjects\idims\venv\lib\site-packages\starlette\middleware\exceptions.py", line 79, in __call__
    raise exc
  File "C:\Users\chee3\IdeaProjects\idims\venv\lib\site-packages\starlette\middleware\exceptions.py", line 68, in __call__
    await self.app(scope, receive, sender)
  File "C:\Users\chee3\IdeaProjects\idims\venv\lib\site-packages\fastapi\middleware\asyncexitstack.py", line 20, in __call__
    raise e
  File "C:\Users\chee3\IdeaProjects\idims\venv\lib\site-packages\fastapi\middleware\asyncexitstack.py", line 17, in __call__
    await self.app(scope, receive, send)
  File "C:\Users\chee3\IdeaProjects\idims\venv\lib\site-packages\starlette\routing.py", line 718, in __call__
    await route.handle(scope, receive, send)
  File "C:\Users\chee3\IdeaProjects\idims\venv\lib\site-packages\starlette\routing.py", line 276, in handle
    await self.app(scope, receive, send)
  File "C:\Users\chee3\IdeaProjects\idims\venv\lib\site-packages\starlette\routing.py", line 66, in app
    response = await func(request)
  File "C:\Users\chee3\IdeaProjects\idims\venv\lib\site-packages\fastapi\routing.py", line 291, in app
    content = await serialize_response(
  File "C:\Users\chee3\IdeaProjects\idims\venv\lib\site-packages\fastapi\routing.py", line 179, in serialize_response
    return jsonable_encoder(response_content)
  File "C:\Users\chee3\IdeaProjects\idims\venv\lib\site-packages\fastapi\encoders.py", line 238, in jsonable_encoder
    raise ValueError(errors) from e
ValueError: [TypeError("'coroutine' object is not iterable"), TypeError('vars() argument must have __dict__ attribute')]
2025-03-23 00:23:30 - app.core.middleware - ERROR - Unhandled error in request 52990af5-8dea-4e60-9816-0f8e890fab2f
Traceback (most recent call last):
  File "C:\Users\chee3\IdeaProjects\idims\venv\lib\site-packages\fastapi\encoders.py", line 230, in jsonable_encoder
    data = dict(obj)
TypeError: 'coroutine' object is not iterable

During handling of the above exception, another exception occurred:

Traceback (most recent call last):
  File "C:\Users\chee3\IdeaProjects\idims\venv\lib\site-packages\fastapi\encoders.py", line 235, in jsonable_encoder
    data = vars(obj)
TypeError: vars() argument must have __dict__ attribute

The above exception was the direct cause of the following exception:

Traceback (most recent call last):
  File "C:\Users\chee3\IdeaProjects\idims\backend\app\core\middleware.py", line 62, in dispatch
    response = await call_next(request)
  File "C:\Users\chee3\IdeaProjects\idims\venv\lib\site-packages\starlette\middleware\base.py", line 84, in call_next
    raise app_exc
  File "C:\Users\chee3\IdeaProjects\idims\venv\lib\site-packages\starlette\middleware\base.py", line 70, in coro
    await self.app(scope, receive_or_disconnect, send_no_error)
  File "C:\Users\chee3\IdeaProjects\idims\venv\lib\site-packages\starlette\middleware\base.py", line 108, in __call__
    response = await self.dispatch_func(request, call_next)
  File "C:\Users\chee3\IdeaProjects\idims\backend\app\core\middleware.py", line 136, in dispatch
    response = await call_next(request)
  File "C:\Users\chee3\IdeaProjects\idims\venv\lib\site-packages\starlette\middleware\base.py", line 84, in call_next
    raise app_exc
  File "C:\Users\chee3\IdeaProjects\idims\venv\lib\site-packages\starlette\middleware\base.py", line 70, in coro
    await self.app(scope, receive_or_disconnect, send_no_error)
  File "C:\Users\chee3\IdeaProjects\idims\venv\lib\site-packages\starlette\middleware\cors.py", line 91, in __call__
    await self.simple_response(scope, receive, send, request_headers=headers)
  File "C:\Users\chee3\IdeaProjects\idims\venv\lib\site-packages\starlette\middleware\cors.py", line 146, in simple_response
    await self.app(scope, receive, send)
  File "C:\Users\chee3\IdeaProjects\idims\venv\lib\site-packages\starlette\middleware\exceptions.py", line 79, in __call__
    raise exc
  File "C:\Users\chee3\IdeaProjects\idims\venv\lib\site-packages\starlette\middleware\exceptions.py", line 68, in __call__
    await self.app(scope, receive, sender)
  File "C:\Users\chee3\IdeaProjects\idims\venv\lib\site-packages\fastapi\middleware\asyncexitstack.py", line 20, in __call__
    raise e
  File "C:\Users\chee3\IdeaProjects\idims\venv\lib\site-packages\fastapi\middleware\asyncexitstack.py", line 17, in __call__
    await self.app(scope, receive, send)
  File "C:\Users\chee3\IdeaProjects\idims\venv\lib\site-packages\starlette\routing.py", line 718, in __call__
    await route.handle(scope, receive, send)
  File "C:\Users\chee3\IdeaProjects\idims\venv\lib\site-packages\starlette\routing.py", line 276, in handle
    await self.app(scope, receive, send)
  File "C:\Users\chee3\IdeaProjects\idims\venv\lib\site-packages\starlette\routing.py", line 66, in app
    response = await func(request)
  File "C:\Users\chee3\IdeaProjects\idims\venv\lib\site-packages\fastapi\routing.py", line 291, in app
    content = await serialize_response(
  File "C:\Users\chee3\IdeaProjects\idims\venv\lib\site-packages\fastapi\routing.py", line 179, in serialize_response
    return jsonable_encoder(response_content)
  File "C:\Users\chee3\IdeaProjects\idims\venv\lib\site-packages\fastapi\encoders.py", line 238, in jsonable_encoder
    raise ValueError(errors) from e
ValueError: [TypeError("'coroutine' object is not iterable"), TypeError('vars() argument must have __dict__ attribute')]
2025-03-23 00:34:16 - app.core.middleware - ERROR - Unhandled error in request d0924e4a-729d-4c65-88d3-b99ada12c961
Traceback (most recent call last):
  File "C:\Users\chee3\IdeaProjects\idims\venv\lib\site-packages\fastapi\encoders.py", line 230, in jsonable_encoder
    data = dict(obj)
TypeError: 'coroutine' object is not iterable

During handling of the above exception, another exception occurred:

Traceback (most recent call last):
  File "C:\Users\chee3\IdeaProjects\idims\venv\lib\site-packages\fastapi\encoders.py", line 235, in jsonable_encoder
    data = vars(obj)
TypeError: vars() argument must have __dict__ attribute

The above exception was the direct cause of the following exception:

Traceback (most recent call last):
  File "C:\Users\chee3\IdeaProjects\idims\backend\app\core\middleware.py", line 62, in dispatch
    response = await call_next(request)
  File "C:\Users\chee3\IdeaProjects\idims\venv\lib\site-packages\starlette\middleware\base.py", line 84, in call_next
    raise app_exc
  File "C:\Users\chee3\IdeaProjects\idims\venv\lib\site-packages\starlette\middleware\base.py", line 70, in coro
    await self.app(scope, receive_or_disconnect, send_no_error)
  File "C:\Users\chee3\IdeaProjects\idims\venv\lib\site-packages\starlette\middleware\base.py", line 108, in __call__
    response = await self.dispatch_func(request, call_next)
  File "C:\Users\chee3\IdeaProjects\idims\backend\app\core\middleware.py", line 136, in dispatch
    response = await call_next(request)
  File "C:\Users\chee3\IdeaProjects\idims\venv\lib\site-packages\starlette\middleware\base.py", line 84, in call_next
    raise app_exc
  File "C:\Users\chee3\IdeaProjects\idims\venv\lib\site-packages\starlette\middleware\base.py", line 70, in coro
    await self.app(scope, receive_or_disconnect, send_no_error)
  File "C:\Users\chee3\IdeaProjects\idims\venv\lib\site-packages\starlette\middleware\cors.py", line 91, in __call__
    await self.simple_response(scope, receive, send, request_headers=headers)
  File "C:\Users\chee3\IdeaProjects\idims\venv\lib\site-packages\starlette\middleware\cors.py", line 146, in simple_response
    await self.app(scope, receive, send)
  File "C:\Users\chee3\IdeaProjects\idims\venv\lib\site-packages\starlette\middleware\exceptions.py", line 79, in __call__
    raise exc
  File "C:\Users\chee3\IdeaProjects\idims\venv\lib\site-packages\starlette\middleware\exceptions.py", line 68, in __call__
    await self.app(scope, receive, sender)
  File "C:\Users\chee3\IdeaProjects\idims\venv\lib\site-packages\fastapi\middleware\asyncexitstack.py", line 20, in __call__
    raise e
  File "C:\Users\chee3\IdeaProjects\idims\venv\lib\site-packages\fastapi\middleware\asyncexitstack.py", line 17, in __call__
    await self.app(scope, receive, send)
  File "C:\Users\chee3\IdeaProjects\idims\venv\lib\site-packages\starlette\routing.py", line 718, in __call__
    await route.handle(scope, receive, send)
  File "C:\Users\chee3\IdeaProjects\idims\venv\lib\site-packages\starlette\routing.py", line 276, in handle
    await self.app(scope, receive, send)
  File "C:\Users\chee3\IdeaProjects\idims\venv\lib\site-packages\starlette\routing.py", line 66, in app
    response = await func(request)
  File "C:\Users\chee3\IdeaProjects\idims\venv\lib\site-packages\fastapi\routing.py", line 291, in app
    content = await serialize_response(
  File "C:\Users\chee3\IdeaProjects\idims\venv\lib\site-packages\fastapi\routing.py", line 179, in serialize_response
    return jsonable_encoder(response_content)
  File "C:\Users\chee3\IdeaProjects\idims\venv\lib\site-packages\fastapi\encoders.py", line 238, in jsonable_encoder
    raise ValueError(errors) from e
ValueError: [TypeError("'coroutine' object is not iterable"), TypeError('vars() argument must have __dict__ attribute')]
2025-03-23 00:34:16 - app.core.middleware - ERROR - Unhandled error in request bd25565c-edb9-45c1-a7f7-1920b1767ada
Traceback (most recent call last):
  File "C:\Users\chee3\IdeaProjects\idims\venv\lib\site-packages\fastapi\encoders.py", line 230, in jsonable_encoder
    data = dict(obj)
TypeError: 'coroutine' object is not iterable

During handling of the above exception, another exception occurred:

Traceback (most recent call last):
  File "C:\Users\chee3\IdeaProjects\idims\venv\lib\site-packages\fastapi\encoders.py", line 235, in jsonable_encoder
    data = vars(obj)
TypeError: vars() argument must have __dict__ attribute

The above exception was the direct cause of the following exception:

Traceback (most recent call last):
  File "C:\Users\chee3\IdeaProjects\idims\backend\app\core\middleware.py", line 62, in dispatch
    response = await call_next(request)
  File "C:\Users\chee3\IdeaProjects\idims\venv\lib\site-packages\starlette\middleware\base.py", line 84, in call_next
    raise app_exc
  File "C:\Users\chee3\IdeaProjects\idims\venv\lib\site-packages\starlette\middleware\base.py", line 70, in coro
    await self.app(scope, receive_or_disconnect, send_no_error)
  File "C:\Users\chee3\IdeaProjects\idims\venv\lib\site-packages\starlette\middleware\base.py", line 108, in __call__
    response = await self.dispatch_func(request, call_next)
  File "C:\Users\chee3\IdeaProjects\idims\backend\app\core\middleware.py", line 136, in dispatch
    response = await call_next(request)
  File "C:\Users\chee3\IdeaProjects\idims\venv\lib\site-packages\starlette\middleware\base.py", line 84, in call_next
    raise app_exc
  File "C:\Users\chee3\IdeaProjects\idims\venv\lib\site-packages\starlette\middleware\base.py", line 70, in coro
    await self.app(scope, receive_or_disconnect, send_no_error)
  File "C:\Users\chee3\IdeaProjects\idims\venv\lib\site-packages\starlette\middleware\cors.py", line 91, in __call__
    await self.simple_response(scope, receive, send, request_headers=headers)
  File "C:\Users\chee3\IdeaProjects\idims\venv\lib\site-packages\starlette\middleware\cors.py", line 146, in simple_response
    await self.app(scope, receive, send)
  File "C:\Users\chee3\IdeaProjects\idims\venv\lib\site-packages\starlette\middleware\exceptions.py", line 79, in __call__
    raise exc
  File "C:\Users\chee3\IdeaProjects\idims\venv\lib\site-packages\starlette\middleware\exceptions.py", line 68, in __call__
    await self.app(scope, receive, sender)
  File "C:\Users\chee3\IdeaProjects\idims\venv\lib\site-packages\fastapi\middleware\asyncexitstack.py", line 20, in __call__
    raise e
  File "C:\Users\chee3\IdeaProjects\idims\venv\lib\site-packages\fastapi\middleware\asyncexitstack.py", line 17, in __call__
    await self.app(scope, receive, send)
  File "C:\Users\chee3\IdeaProjects\idims\venv\lib\site-packages\starlette\routing.py", line 718, in __call__
    await route.handle(scope, receive, send)
  File "C:\Users\chee3\IdeaProjects\idims\venv\lib\site-packages\starlette\routing.py", line 276, in handle
    await self.app(scope, receive, send)
  File "C:\Users\chee3\IdeaProjects\idims\venv\lib\site-packages\starlette\routing.py", line 66, in app
    response = await func(request)
  File "C:\Users\chee3\IdeaProjects\idims\venv\lib\site-packages\fastapi\routing.py", line 291, in app
    content = await serialize_response(
  File "C:\Users\chee3\IdeaProjects\idims\venv\lib\site-packages\fastapi\routing.py", line 179, in serialize_response
    return jsonable_encoder(response_content)
  File "C:\Users\chee3\IdeaProjects\idims\venv\lib\site-packages\fastapi\encoders.py", line 238, in jsonable_encoder
    raise ValueError(errors) from e
ValueError: [TypeError("'coroutine' object is not iterable"), TypeError('vars() argument must have __dict__ attribute')]
2025-03-23 00:34:16 - app.core.middleware - ERROR - Unhandled error in request d67228ad-b9f9-4043-971a-5f69689352c8
Traceback (most recent call last):
  File "C:\Users\chee3\IdeaProjects\idims\venv\lib\site-packages\fastapi\encoders.py", line 230, in jsonable_encoder
    data = dict(obj)
TypeError: 'coroutine' object is not iterable

During handling of the above exception, another exception occurred:

Traceback (most recent call last):
  File "C:\Users\chee3\IdeaProjects\idims\venv\lib\site-packages\fastapi\encoders.py", line 235, in jsonable_encoder
    data = vars(obj)
TypeError: vars() argument must have __dict__ attribute

The above exception was the direct cause of the following exception:

Traceback (most recent call last):
  File "C:\Users\chee3\IdeaProjects\idims\backend\app\core\middleware.py", line 62, in dispatch
    response = await call_next(request)
  File "C:\Users\chee3\IdeaProjects\idims\venv\lib\site-packages\starlette\middleware\base.py", line 84, in call_next
    raise app_exc
  File "C:\Users\chee3\IdeaProjects\idims\venv\lib\site-packages\starlette\middleware\base.py", line 70, in coro
    await self.app(scope, receive_or_disconnect, send_no_error)
  File "C:\Users\chee3\IdeaProjects\idims\venv\lib\site-packages\starlette\middleware\base.py", line 108, in __call__
    response = await self.dispatch_func(request, call_next)
  File "C:\Users\chee3\IdeaProjects\idims\backend\app\core\middleware.py", line 136, in dispatch
    response = await call_next(request)
  File "C:\Users\chee3\IdeaProjects\idims\venv\lib\site-packages\starlette\middleware\base.py", line 84, in call_next
    raise app_exc
  File "C:\Users\chee3\IdeaProjects\idims\venv\lib\site-packages\starlette\middleware\base.py", line 70, in coro
    await self.app(scope, receive_or_disconnect, send_no_error)
  File "C:\Users\chee3\IdeaProjects\idims\venv\lib\site-packages\starlette\middleware\cors.py", line 91, in __call__
    await self.simple_response(scope, receive, send, request_headers=headers)
  File "C:\Users\chee3\IdeaProjects\idims\venv\lib\site-packages\starlette\middleware\cors.py", line 146, in simple_response
    await self.app(scope, receive, send)
  File "C:\Users\chee3\IdeaProjects\idims\venv\lib\site-packages\starlette\middleware\exceptions.py", line 79, in __call__
    raise exc
  File "C:\Users\chee3\IdeaProjects\idims\venv\lib\site-packages\starlette\middleware\exceptions.py", line 68, in __call__
    await self.app(scope, receive, sender)
  File "C:\Users\chee3\IdeaProjects\idims\venv\lib\site-packages\fastapi\middleware\asyncexitstack.py", line 20, in __call__
    raise e
  File "C:\Users\chee3\IdeaProjects\idims\venv\lib\site-packages\fastapi\middleware\asyncexitstack.py", line 17, in __call__
    await self.app(scope, receive, send)
  File "C:\Users\chee3\IdeaProjects\idims\venv\lib\site-packages\starlette\routing.py", line 718, in __call__
    await route.handle(scope, receive, send)
  File "C:\Users\chee3\IdeaProjects\idims\venv\lib\site-packages\starlette\routing.py", line 276, in handle
    await self.app(scope, receive, send)
  File "C:\Users\chee3\IdeaProjects\idims\venv\lib\site-packages\starlette\routing.py", line 66, in app
    response = await func(request)
  File "C:\Users\chee3\IdeaProjects\idims\venv\lib\site-packages\fastapi\routing.py", line 291, in app
    content = await serialize_response(
  File "C:\Users\chee3\IdeaProjects\idims\venv\lib\site-packages\fastapi\routing.py", line 179, in serialize_response
    return jsonable_encoder(response_content)
  File "C:\Users\chee3\IdeaProjects\idims\venv\lib\site-packages\fastapi\encoders.py", line 238, in jsonable_encoder
    raise ValueError(errors) from e
ValueError: [TypeError("'coroutine' object is not iterable"), TypeError('vars() argument must have __dict__ attribute')]
2025-03-23 00:34:16 - app.core.middleware - ERROR - Unhandled error in request 916fa3bd-ac90-4dfb-8678-98d1a260f3c2
Traceback (most recent call last):
  File "C:\Users\chee3\IdeaProjects\idims\venv\lib\site-packages\fastapi\encoders.py", line 230, in jsonable_encoder
    data = dict(obj)
TypeError: 'coroutine' object is not iterable

During handling of the above exception, another exception occurred:

Traceback (most recent call last):
  File "C:\Users\chee3\IdeaProjects\idims\venv\lib\site-packages\fastapi\encoders.py", line 235, in jsonable_encoder
    data = vars(obj)
TypeError: vars() argument must have __dict__ attribute

The above exception was the direct cause of the following exception:

Traceback (most recent call last):
  File "C:\Users\chee3\IdeaProjects\idims\backend\app\core\middleware.py", line 62, in dispatch
    response = await call_next(request)
  File "C:\Users\chee3\IdeaProjects\idims\venv\lib\site-packages\starlette\middleware\base.py", line 84, in call_next
    raise app_exc
  File "C:\Users\chee3\IdeaProjects\idims\venv\lib\site-packages\starlette\middleware\base.py", line 70, in coro
    await self.app(scope, receive_or_disconnect, send_no_error)
  File "C:\Users\chee3\IdeaProjects\idims\venv\lib\site-packages\starlette\middleware\base.py", line 108, in __call__
    response = await self.dispatch_func(request, call_next)
  File "C:\Users\chee3\IdeaProjects\idims\backend\app\core\middleware.py", line 136, in dispatch
    response = await call_next(request)
  File "C:\Users\chee3\IdeaProjects\idims\venv\lib\site-packages\starlette\middleware\base.py", line 84, in call_next
    raise app_exc
  File "C:\Users\chee3\IdeaProjects\idims\venv\lib\site-packages\starlette\middleware\base.py", line 70, in coro
    await self.app(scope, receive_or_disconnect, send_no_error)
  File "C:\Users\chee3\IdeaProjects\idims\venv\lib\site-packages\starlette\middleware\cors.py", line 91, in __call__
    await self.simple_response(scope, receive, send, request_headers=headers)
  File "C:\Users\chee3\IdeaProjects\idims\venv\lib\site-packages\starlette\middleware\cors.py", line 146, in simple_response
    await self.app(scope, receive, send)
  File "C:\Users\chee3\IdeaProjects\idims\venv\lib\site-packages\starlette\middleware\exceptions.py", line 79, in __call__
    raise exc
  File "C:\Users\chee3\IdeaProjects\idims\venv\lib\site-packages\starlette\middleware\exceptions.py", line 68, in __call__
    await self.app(scope, receive, sender)
  File "C:\Users\chee3\IdeaProjects\idims\venv\lib\site-packages\fastapi\middleware\asyncexitstack.py", line 20, in __call__
    raise e
  File "C:\Users\chee3\IdeaProjects\idims\venv\lib\site-packages\fastapi\middleware\asyncexitstack.py", line 17, in __call__
    await self.app(scope, receive, send)
  File "C:\Users\chee3\IdeaProjects\idims\venv\lib\site-packages\starlette\routing.py", line 718, in __call__
    await route.handle(scope, receive, send)
  File "C:\Users\chee3\IdeaProjects\idims\venv\lib\site-packages\starlette\routing.py", line 276, in handle
    await self.app(scope, receive, send)
  File "C:\Users\chee3\IdeaProjects\idims\venv\lib\site-packages\starlette\routing.py", line 66, in app
    response = await func(request)
  File "C:\Users\chee3\IdeaProjects\idims\venv\lib\site-packages\fastapi\routing.py", line 291, in app
    content = await serialize_response(
  File "C:\Users\chee3\IdeaProjects\idims\venv\lib\site-packages\fastapi\routing.py", line 179, in serialize_response
    return jsonable_encoder(response_content)
  File "C:\Users\chee3\IdeaProjects\idims\venv\lib\site-packages\fastapi\encoders.py", line 238, in jsonable_encoder
    raise ValueError(errors) from e
ValueError: [TypeError("'coroutine' object is not iterable"), TypeError('vars() argument must have __dict__ attribute')]
2025-03-23 00:34:16 - app.core.middleware - ERROR - Unhandled error in request 6a1b97f5-7242-443e-840a-04d0bc3a5a7c
Traceback (most recent call last):
  File "C:\Users\chee3\IdeaProjects\idims\venv\lib\site-packages\fastapi\encoders.py", line 230, in jsonable_encoder
    data = dict(obj)
TypeError: 'coroutine' object is not iterable

During handling of the above exception, another exception occurred:

Traceback (most recent call last):
  File "C:\Users\chee3\IdeaProjects\idims\venv\lib\site-packages\fastapi\encoders.py", line 235, in jsonable_encoder
    data = vars(obj)
TypeError: vars() argument must have __dict__ attribute

The above exception was the direct cause of the following exception:

Traceback (most recent call last):
  File "C:\Users\chee3\IdeaProjects\idims\backend\app\core\middleware.py", line 62, in dispatch
    response = await call_next(request)
  File "C:\Users\chee3\IdeaProjects\idims\venv\lib\site-packages\starlette\middleware\base.py", line 84, in call_next
    raise app_exc
  File "C:\Users\chee3\IdeaProjects\idims\venv\lib\site-packages\starlette\middleware\base.py", line 70, in coro
    await self.app(scope, receive_or_disconnect, send_no_error)
  File "C:\Users\chee3\IdeaProjects\idims\venv\lib\site-packages\starlette\middleware\base.py", line 108, in __call__
    response = await self.dispatch_func(request, call_next)
  File "C:\Users\chee3\IdeaProjects\idims\backend\app\core\middleware.py", line 136, in dispatch
    response = await call_next(request)
  File "C:\Users\chee3\IdeaProjects\idims\venv\lib\site-packages\starlette\middleware\base.py", line 84, in call_next
    raise app_exc
  File "C:\Users\chee3\IdeaProjects\idims\venv\lib\site-packages\starlette\middleware\base.py", line 70, in coro
    await self.app(scope, receive_or_disconnect, send_no_error)
  File "C:\Users\chee3\IdeaProjects\idims\venv\lib\site-packages\starlette\middleware\cors.py", line 91, in __call__
    await self.simple_response(scope, receive, send, request_headers=headers)
  File "C:\Users\chee3\IdeaProjects\idims\venv\lib\site-packages\starlette\middleware\cors.py", line 146, in simple_response
    await self.app(scope, receive, send)
  File "C:\Users\chee3\IdeaProjects\idims\venv\lib\site-packages\starlette\middleware\exceptions.py", line 79, in __call__
    raise exc
  File "C:\Users\chee3\IdeaProjects\idims\venv\lib\site-packages\starlette\middleware\exceptions.py", line 68, in __call__
    await self.app(scope, receive, sender)
  File "C:\Users\chee3\IdeaProjects\idims\venv\lib\site-packages\fastapi\middleware\asyncexitstack.py", line 20, in __call__
    raise e
  File "C:\Users\chee3\IdeaProjects\idims\venv\lib\site-packages\fastapi\middleware\asyncexitstack.py", line 17, in __call__
    await self.app(scope, receive, send)
  File "C:\Users\chee3\IdeaProjects\idims\venv\lib\site-packages\starlette\routing.py", line 718, in __call__
    await route.handle(scope, receive, send)
  File "C:\Users\chee3\IdeaProjects\idims\venv\lib\site-packages\starlette\routing.py", line 276, in handle
    await self.app(scope, receive, send)
  File "C:\Users\chee3\IdeaProjects\idims\venv\lib\site-packages\starlette\routing.py", line 66, in app
    response = await func(request)
  File "C:\Users\chee3\IdeaProjects\idims\venv\lib\site-packages\fastapi\routing.py", line 291, in app
    content = await serialize_response(
  File "C:\Users\chee3\IdeaProjects\idims\venv\lib\site-packages\fastapi\routing.py", line 179, in serialize_response
    return jsonable_encoder(response_content)
  File "C:\Users\chee3\IdeaProjects\idims\venv\lib\site-packages\fastapi\encoders.py", line 238, in jsonable_encoder
    raise ValueError(errors) from e
ValueError: [TypeError("'coroutine' object is not iterable"), TypeError('vars() argument must have __dict__ attribute')]
2025-03-23 00:34:16 - app.core.middleware - ERROR - Unhandled error in request 1ad6700a-d673-433e-b4dd-83dd30f2ca33
Traceback (most recent call last):
  File "C:\Users\chee3\IdeaProjects\idims\venv\lib\site-packages\fastapi\encoders.py", line 230, in jsonable_encoder
    data = dict(obj)
TypeError: 'coroutine' object is not iterable

During handling of the above exception, another exception occurred:

Traceback (most recent call last):
  File "C:\Users\chee3\IdeaProjects\idims\venv\lib\site-packages\fastapi\encoders.py", line 235, in jsonable_encoder
    data = vars(obj)
TypeError: vars() argument must have __dict__ attribute

The above exception was the direct cause of the following exception:

Traceback (most recent call last):
  File "C:\Users\chee3\IdeaProjects\idims\backend\app\core\middleware.py", line 62, in dispatch
    response = await call_next(request)
  File "C:\Users\chee3\IdeaProjects\idims\venv\lib\site-packages\starlette\middleware\base.py", line 84, in call_next
    raise app_exc
  File "C:\Users\chee3\IdeaProjects\idims\venv\lib\site-packages\starlette\middleware\base.py", line 70, in coro
    await self.app(scope, receive_or_disconnect, send_no_error)
  File "C:\Users\chee3\IdeaProjects\idims\venv\lib\site-packages\starlette\middleware\base.py", line 108, in __call__
    response = await self.dispatch_func(request, call_next)
  File "C:\Users\chee3\IdeaProjects\idims\backend\app\core\middleware.py", line 136, in dispatch
    response = await call_next(request)
  File "C:\Users\chee3\IdeaProjects\idims\venv\lib\site-packages\starlette\middleware\base.py", line 84, in call_next
    raise app_exc
  File "C:\Users\chee3\IdeaProjects\idims\venv\lib\site-packages\starlette\middleware\base.py", line 70, in coro
    await self.app(scope, receive_or_disconnect, send_no_error)
  File "C:\Users\chee3\IdeaProjects\idims\venv\lib\site-packages\starlette\middleware\cors.py", line 91, in __call__
    await self.simple_response(scope, receive, send, request_headers=headers)
  File "C:\Users\chee3\IdeaProjects\idims\venv\lib\site-packages\starlette\middleware\cors.py", line 146, in simple_response
    await self.app(scope, receive, send)
  File "C:\Users\chee3\IdeaProjects\idims\venv\lib\site-packages\starlette\middleware\exceptions.py", line 79, in __call__
    raise exc
  File "C:\Users\chee3\IdeaProjects\idims\venv\lib\site-packages\starlette\middleware\exceptions.py", line 68, in __call__
    await self.app(scope, receive, sender)
  File "C:\Users\chee3\IdeaProjects\idims\venv\lib\site-packages\fastapi\middleware\asyncexitstack.py", line 20, in __call__
    raise e
  File "C:\Users\chee3\IdeaProjects\idims\venv\lib\site-packages\fastapi\middleware\asyncexitstack.py", line 17, in __call__
    await self.app(scope, receive, send)
  File "C:\Users\chee3\IdeaProjects\idims\venv\lib\site-packages\starlette\routing.py", line 718, in __call__
    await route.handle(scope, receive, send)
  File "C:\Users\chee3\IdeaProjects\idims\venv\lib\site-packages\starlette\routing.py", line 276, in handle
    await self.app(scope, receive, send)
  File "C:\Users\chee3\IdeaProjects\idims\venv\lib\site-packages\starlette\routing.py", line 66, in app
    response = await func(request)
  File "C:\Users\chee3\IdeaProjects\idims\venv\lib\site-packages\fastapi\routing.py", line 291, in app
    content = await serialize_response(
  File "C:\Users\chee3\IdeaProjects\idims\venv\lib\site-packages\fastapi\routing.py", line 179, in serialize_response
    return jsonable_encoder(response_content)
  File "C:\Users\chee3\IdeaProjects\idims\venv\lib\site-packages\fastapi\encoders.py", line 238, in jsonable_encoder
    raise ValueError(errors) from e
ValueError: [TypeError("'coroutine' object is not iterable"), TypeError('vars() argument must have __dict__ attribute')]
2025-03-23 00:34:16 - app.core.middleware - ERROR - Unhandled error in request 9564bacf-1991-4eda-8b36-f16180179739
Traceback (most recent call last):
  File "C:\Users\chee3\IdeaProjects\idims\venv\lib\site-packages\fastapi\encoders.py", line 230, in jsonable_encoder
    data = dict(obj)
TypeError: 'coroutine' object is not iterable

During handling of the above exception, another exception occurred:

Traceback (most recent call last):
  File "C:\Users\chee3\IdeaProjects\idims\venv\lib\site-packages\fastapi\encoders.py", line 235, in jsonable_encoder
    data = vars(obj)
TypeError: vars() argument must have __dict__ attribute

The above exception was the direct cause of the following exception:

Traceback (most recent call last):
  File "C:\Users\chee3\IdeaProjects\idims\backend\app\core\middleware.py", line 62, in dispatch
    response = await call_next(request)
  File "C:\Users\chee3\IdeaProjects\idims\venv\lib\site-packages\starlette\middleware\base.py", line 84, in call_next
    raise app_exc
  File "C:\Users\chee3\IdeaProjects\idims\venv\lib\site-packages\starlette\middleware\base.py", line 70, in coro
    await self.app(scope, receive_or_disconnect, send_no_error)
  File "C:\Users\chee3\IdeaProjects\idims\venv\lib\site-packages\starlette\middleware\base.py", line 108, in __call__
    response = await self.dispatch_func(request, call_next)
  File "C:\Users\chee3\IdeaProjects\idims\backend\app\core\middleware.py", line 136, in dispatch
    response = await call_next(request)
  File "C:\Users\chee3\IdeaProjects\idims\venv\lib\site-packages\starlette\middleware\base.py", line 84, in call_next
    raise app_exc
  File "C:\Users\chee3\IdeaProjects\idims\venv\lib\site-packages\starlette\middleware\base.py", line 70, in coro
    await self.app(scope, receive_or_disconnect, send_no_error)
  File "C:\Users\chee3\IdeaProjects\idims\venv\lib\site-packages\starlette\middleware\cors.py", line 91, in __call__
    await self.simple_response(scope, receive, send, request_headers=headers)
  File "C:\Users\chee3\IdeaProjects\idims\venv\lib\site-packages\starlette\middleware\cors.py", line 146, in simple_response
    await self.app(scope, receive, send)
  File "C:\Users\chee3\IdeaProjects\idims\venv\lib\site-packages\starlette\middleware\exceptions.py", line 79, in __call__
    raise exc
  File "C:\Users\chee3\IdeaProjects\idims\venv\lib\site-packages\starlette\middleware\exceptions.py", line 68, in __call__
    await self.app(scope, receive, sender)
  File "C:\Users\chee3\IdeaProjects\idims\venv\lib\site-packages\fastapi\middleware\asyncexitstack.py", line 20, in __call__
    raise e
  File "C:\Users\chee3\IdeaProjects\idims\venv\lib\site-packages\fastapi\middleware\asyncexitstack.py", line 17, in __call__
    await self.app(scope, receive, send)
  File "C:\Users\chee3\IdeaProjects\idims\venv\lib\site-packages\starlette\routing.py", line 718, in __call__
    await route.handle(scope, receive, send)
  File "C:\Users\chee3\IdeaProjects\idims\venv\lib\site-packages\starlette\routing.py", line 276, in handle
    await self.app(scope, receive, send)
  File "C:\Users\chee3\IdeaProjects\idims\venv\lib\site-packages\starlette\routing.py", line 66, in app
    response = await func(request)
  File "C:\Users\chee3\IdeaProjects\idims\venv\lib\site-packages\fastapi\routing.py", line 291, in app
    content = await serialize_response(
  File "C:\Users\chee3\IdeaProjects\idims\venv\lib\site-packages\fastapi\routing.py", line 179, in serialize_response
    return jsonable_encoder(response_content)
  File "C:\Users\chee3\IdeaProjects\idims\venv\lib\site-packages\fastapi\encoders.py", line 238, in jsonable_encoder
    raise ValueError(errors) from e
ValueError: [TypeError("'coroutine' object is not iterable"), TypeError('vars() argument must have __dict__ attribute')]
2025-03-23 00:34:16 - app.core.middleware - ERROR - Unhandled error in request 8412cc95-4fd5-4a32-8f4b-bde2e1bcd8ba
Traceback (most recent call last):
  File "C:\Users\chee3\IdeaProjects\idims\venv\lib\site-packages\fastapi\encoders.py", line 230, in jsonable_encoder
    data = dict(obj)
TypeError: 'coroutine' object is not iterable

During handling of the above exception, another exception occurred:

Traceback (most recent call last):
  File "C:\Users\chee3\IdeaProjects\idims\venv\lib\site-packages\fastapi\encoders.py", line 235, in jsonable_encoder
    data = vars(obj)
TypeError: vars() argument must have __dict__ attribute

The above exception was the direct cause of the following exception:

Traceback (most recent call last):
  File "C:\Users\chee3\IdeaProjects\idims\backend\app\core\middleware.py", line 62, in dispatch
    response = await call_next(request)
  File "C:\Users\chee3\IdeaProjects\idims\venv\lib\site-packages\starlette\middleware\base.py", line 84, in call_next
    raise app_exc
  File "C:\Users\chee3\IdeaProjects\idims\venv\lib\site-packages\starlette\middleware\base.py", line 70, in coro
    await self.app(scope, receive_or_disconnect, send_no_error)
  File "C:\Users\chee3\IdeaProjects\idims\venv\lib\site-packages\starlette\middleware\base.py", line 108, in __call__
    response = await self.dispatch_func(request, call_next)
  File "C:\Users\chee3\IdeaProjects\idims\backend\app\core\middleware.py", line 136, in dispatch
    response = await call_next(request)
  File "C:\Users\chee3\IdeaProjects\idims\venv\lib\site-packages\starlette\middleware\base.py", line 84, in call_next
    raise app_exc
  File "C:\Users\chee3\IdeaProjects\idims\venv\lib\site-packages\starlette\middleware\base.py", line 70, in coro
    await self.app(scope, receive_or_disconnect, send_no_error)
  File "C:\Users\chee3\IdeaProjects\idims\venv\lib\site-packages\starlette\middleware\cors.py", line 91, in __call__
    await self.simple_response(scope, receive, send, request_headers=headers)
  File "C:\Users\chee3\IdeaProjects\idims\venv\lib\site-packages\starlette\middleware\cors.py", line 146, in simple_response
    await self.app(scope, receive, send)
  File "C:\Users\chee3\IdeaProjects\idims\venv\lib\site-packages\starlette\middleware\exceptions.py", line 79, in __call__
    raise exc
  File "C:\Users\chee3\IdeaProjects\idims\venv\lib\site-packages\starlette\middleware\exceptions.py", line 68, in __call__
    await self.app(scope, receive, sender)
  File "C:\Users\chee3\IdeaProjects\idims\venv\lib\site-packages\fastapi\middleware\asyncexitstack.py", line 20, in __call__
    raise e
  File "C:\Users\chee3\IdeaProjects\idims\venv\lib\site-packages\fastapi\middleware\asyncexitstack.py", line 17, in __call__
    await self.app(scope, receive, send)
  File "C:\Users\chee3\IdeaProjects\idims\venv\lib\site-packages\starlette\routing.py", line 718, in __call__
    await route.handle(scope, receive, send)
  File "C:\Users\chee3\IdeaProjects\idims\venv\lib\site-packages\starlette\routing.py", line 276, in handle
    await self.app(scope, receive, send)
  File "C:\Users\chee3\IdeaProjects\idims\venv\lib\site-packages\starlette\routing.py", line 66, in app
    response = await func(request)
  File "C:\Users\chee3\IdeaProjects\idims\venv\lib\site-packages\fastapi\routing.py", line 291, in app
    content = await serialize_response(
  File "C:\Users\chee3\IdeaProjects\idims\venv\lib\site-packages\fastapi\routing.py", line 179, in serialize_response
    return jsonable_encoder(response_content)
  File "C:\Users\chee3\IdeaProjects\idims\venv\lib\site-packages\fastapi\encoders.py", line 238, in jsonable_encoder
    raise ValueError(errors) from e
ValueError: [TypeError("'coroutine' object is not iterable"), TypeError('vars() argument must have __dict__ attribute')]
2025-03-23 00:34:16 - app.core.middleware - ERROR - Unhandled error in request 33e84c45-7b39-434a-b3de-7913664a782c
Traceback (most recent call last):
  File "C:\Users\chee3\IdeaProjects\idims\venv\lib\site-packages\fastapi\encoders.py", line 230, in jsonable_encoder
    data = dict(obj)
TypeError: 'coroutine' object is not iterable

During handling of the above exception, another exception occurred:

Traceback (most recent call last):
  File "C:\Users\chee3\IdeaProjects\idims\venv\lib\site-packages\fastapi\encoders.py", line 235, in jsonable_encoder
    data = vars(obj)
TypeError: vars() argument must have __dict__ attribute

The above exception was the direct cause of the following exception:

Traceback (most recent call last):
  File "C:\Users\chee3\IdeaProjects\idims\backend\app\core\middleware.py", line 62, in dispatch
    response = await call_next(request)
  File "C:\Users\chee3\IdeaProjects\idims\venv\lib\site-packages\starlette\middleware\base.py", line 84, in call_next
    raise app_exc
  File "C:\Users\chee3\IdeaProjects\idims\venv\lib\site-packages\starlette\middleware\base.py", line 70, in coro
    await self.app(scope, receive_or_disconnect, send_no_error)
  File "C:\Users\chee3\IdeaProjects\idims\venv\lib\site-packages\starlette\middleware\base.py", line 108, in __call__
    response = await self.dispatch_func(request, call_next)
  File "C:\Users\chee3\IdeaProjects\idims\backend\app\core\middleware.py", line 136, in dispatch
    response = await call_next(request)
  File "C:\Users\chee3\IdeaProjects\idims\venv\lib\site-packages\starlette\middleware\base.py", line 84, in call_next
    raise app_exc
  File "C:\Users\chee3\IdeaProjects\idims\venv\lib\site-packages\starlette\middleware\base.py", line 70, in coro
    await self.app(scope, receive_or_disconnect, send_no_error)
  File "C:\Users\chee3\IdeaProjects\idims\venv\lib\site-packages\starlette\middleware\cors.py", line 91, in __call__
    await self.simple_response(scope, receive, send, request_headers=headers)
  File "C:\Users\chee3\IdeaProjects\idims\venv\lib\site-packages\starlette\middleware\cors.py", line 146, in simple_response
    await self.app(scope, receive, send)
  File "C:\Users\chee3\IdeaProjects\idims\venv\lib\site-packages\starlette\middleware\exceptions.py", line 79, in __call__
    raise exc
  File "C:\Users\chee3\IdeaProjects\idims\venv\lib\site-packages\starlette\middleware\exceptions.py", line 68, in __call__
    await self.app(scope, receive, sender)
  File "C:\Users\chee3\IdeaProjects\idims\venv\lib\site-packages\fastapi\middleware\asyncexitstack.py", line 20, in __call__
    raise e
  File "C:\Users\chee3\IdeaProjects\idims\venv\lib\site-packages\fastapi\middleware\asyncexitstack.py", line 17, in __call__
    await self.app(scope, receive, send)
  File "C:\Users\chee3\IdeaProjects\idims\venv\lib\site-packages\starlette\routing.py", line 718, in __call__
    await route.handle(scope, receive, send)
  File "C:\Users\chee3\IdeaProjects\idims\venv\lib\site-packages\starlette\routing.py", line 276, in handle
    await self.app(scope, receive, send)
  File "C:\Users\chee3\IdeaProjects\idims\venv\lib\site-packages\starlette\routing.py", line 66, in app
    response = await func(request)
  File "C:\Users\chee3\IdeaProjects\idims\venv\lib\site-packages\fastapi\routing.py", line 291, in app
    content = await serialize_response(
  File "C:\Users\chee3\IdeaProjects\idims\venv\lib\site-packages\fastapi\routing.py", line 179, in serialize_response
    return jsonable_encoder(response_content)
  File "C:\Users\chee3\IdeaProjects\idims\venv\lib\site-packages\fastapi\encoders.py", line 238, in jsonable_encoder
    raise ValueError(errors) from e
ValueError: [TypeError("'coroutine' object is not iterable"), TypeError('vars() argument must have __dict__ attribute')]
2025-03-23 00:34:16 - app.core.middleware - ERROR - Unhandled error in request b80709f3-920e-485d-8079-25a6e941ac1f
Traceback (most recent call last):
  File "C:\Users\chee3\IdeaProjects\idims\venv\lib\site-packages\fastapi\encoders.py", line 230, in jsonable_encoder
    data = dict(obj)
TypeError: 'coroutine' object is not iterable

During handling of the above exception, another exception occurred:

Traceback (most recent call last):
  File "C:\Users\chee3\IdeaProjects\idims\venv\lib\site-packages\fastapi\encoders.py", line 235, in jsonable_encoder
    data = vars(obj)
TypeError: vars() argument must have __dict__ attribute

The above exception was the direct cause of the following exception:

Traceback (most recent call last):
  File "C:\Users\chee3\IdeaProjects\idims\backend\app\core\middleware.py", line 62, in dispatch
    response = await call_next(request)
  File "C:\Users\chee3\IdeaProjects\idims\venv\lib\site-packages\starlette\middleware\base.py", line 84, in call_next
    raise app_exc
  File "C:\Users\chee3\IdeaProjects\idims\venv\lib\site-packages\starlette\middleware\base.py", line 70, in coro
    await self.app(scope, receive_or_disconnect, send_no_error)
  File "C:\Users\chee3\IdeaProjects\idims\venv\lib\site-packages\starlette\middleware\base.py", line 108, in __call__
    response = await self.dispatch_func(request, call_next)
  File "C:\Users\chee3\IdeaProjects\idims\backend\app\core\middleware.py", line 136, in dispatch
    response = await call_next(request)
  File "C:\Users\chee3\IdeaProjects\idims\venv\lib\site-packages\starlette\middleware\base.py", line 84, in call_next
    raise app_exc
  File "C:\Users\chee3\IdeaProjects\idims\venv\lib\site-packages\starlette\middleware\base.py", line 70, in coro
    await self.app(scope, receive_or_disconnect, send_no_error)
  File "C:\Users\chee3\IdeaProjects\idims\venv\lib\site-packages\starlette\middleware\cors.py", line 91, in __call__
    await self.simple_response(scope, receive, send, request_headers=headers)
  File "C:\Users\chee3\IdeaProjects\idims\venv\lib\site-packages\starlette\middleware\cors.py", line 146, in simple_response
    await self.app(scope, receive, send)
  File "C:\Users\chee3\IdeaProjects\idims\venv\lib\site-packages\starlette\middleware\exceptions.py", line 79, in __call__
    raise exc
  File "C:\Users\chee3\IdeaProjects\idims\venv\lib\site-packages\starlette\middleware\exceptions.py", line 68, in __call__
    await self.app(scope, receive, sender)
  File "C:\Users\chee3\IdeaProjects\idims\venv\lib\site-packages\fastapi\middleware\asyncexitstack.py", line 20, in __call__
    raise e
  File "C:\Users\chee3\IdeaProjects\idims\venv\lib\site-packages\fastapi\middleware\asyncexitstack.py", line 17, in __call__
    await self.app(scope, receive, send)
  File "C:\Users\chee3\IdeaProjects\idims\venv\lib\site-packages\starlette\routing.py", line 718, in __call__
    await route.handle(scope, receive, send)
  File "C:\Users\chee3\IdeaProjects\idims\venv\lib\site-packages\starlette\routing.py", line 276, in handle
    await self.app(scope, receive, send)
  File "C:\Users\chee3\IdeaProjects\idims\venv\lib\site-packages\starlette\routing.py", line 66, in app
    response = await func(request)
  File "C:\Users\chee3\IdeaProjects\idims\venv\lib\site-packages\fastapi\routing.py", line 291, in app
    content = await serialize_response(
  File "C:\Users\chee3\IdeaProjects\idims\venv\lib\site-packages\fastapi\routing.py", line 179, in serialize_response
    return jsonable_encoder(response_content)
  File "C:\Users\chee3\IdeaProjects\idims\venv\lib\site-packages\fastapi\encoders.py", line 238, in jsonable_encoder
    raise ValueError(errors) from e
ValueError: [TypeError("'coroutine' object is not iterable"), TypeError('vars() argument must have __dict__ attribute')]
2025-03-23 00:34:16 - app.core.middleware - ERROR - Unhandled error in request 12633b84-2363-4f75-b03b-5a526b572e7b
Traceback (most recent call last):
  File "C:\Users\chee3\IdeaProjects\idims\venv\lib\site-packages\fastapi\encoders.py", line 230, in jsonable_encoder
    data = dict(obj)
TypeError: 'coroutine' object is not iterable

During handling of the above exception, another exception occurred:

Traceback (most recent call last):
  File "C:\Users\chee3\IdeaProjects\idims\venv\lib\site-packages\fastapi\encoders.py", line 235, in jsonable_encoder
    data = vars(obj)
TypeError: vars() argument must have __dict__ attribute

The above exception was the direct cause of the following exception:

Traceback (most recent call last):
  File "C:\Users\chee3\IdeaProjects\idims\backend\app\core\middleware.py", line 62, in dispatch
    response = await call_next(request)
  File "C:\Users\chee3\IdeaProjects\idims\venv\lib\site-packages\starlette\middleware\base.py", line 84, in call_next
    raise app_exc
  File "C:\Users\chee3\IdeaProjects\idims\venv\lib\site-packages\starlette\middleware\base.py", line 70, in coro
    await self.app(scope, receive_or_disconnect, send_no_error)
  File "C:\Users\chee3\IdeaProjects\idims\venv\lib\site-packages\starlette\middleware\base.py", line 108, in __call__
    response = await self.dispatch_func(request, call_next)
  File "C:\Users\chee3\IdeaProjects\idims\backend\app\core\middleware.py", line 136, in dispatch
    response = await call_next(request)
  File "C:\Users\chee3\IdeaProjects\idims\venv\lib\site-packages\starlette\middleware\base.py", line 84, in call_next
    raise app_exc
  File "C:\Users\chee3\IdeaProjects\idims\venv\lib\site-packages\starlette\middleware\base.py", line 70, in coro
    await self.app(scope, receive_or_disconnect, send_no_error)
  File "C:\Users\chee3\IdeaProjects\idims\venv\lib\site-packages\starlette\middleware\cors.py", line 91, in __call__
    await self.simple_response(scope, receive, send, request_headers=headers)
  File "C:\Users\chee3\IdeaProjects\idims\venv\lib\site-packages\starlette\middleware\cors.py", line 146, in simple_response
    await self.app(scope, receive, send)
  File "C:\Users\chee3\IdeaProjects\idims\venv\lib\site-packages\starlette\middleware\exceptions.py", line 79, in __call__
    raise exc
  File "C:\Users\chee3\IdeaProjects\idims\venv\lib\site-packages\starlette\middleware\exceptions.py", line 68, in __call__
    await self.app(scope, receive, sender)
  File "C:\Users\chee3\IdeaProjects\idims\venv\lib\site-packages\fastapi\middleware\asyncexitstack.py", line 20, in __call__
    raise e
  File "C:\Users\chee3\IdeaProjects\idims\venv\lib\site-packages\fastapi\middleware\asyncexitstack.py", line 17, in __call__
    await self.app(scope, receive, send)
  File "C:\Users\chee3\IdeaProjects\idims\venv\lib\site-packages\starlette\routing.py", line 718, in __call__
    await route.handle(scope, receive, send)
  File "C:\Users\chee3\IdeaProjects\idims\venv\lib\site-packages\starlette\routing.py", line 276, in handle
    await self.app(scope, receive, send)
  File "C:\Users\chee3\IdeaProjects\idims\venv\lib\site-packages\starlette\routing.py", line 66, in app
    response = await func(request)
  File "C:\Users\chee3\IdeaProjects\idims\venv\lib\site-packages\fastapi\routing.py", line 291, in app
    content = await serialize_response(
  File "C:\Users\chee3\IdeaProjects\idims\venv\lib\site-packages\fastapi\routing.py", line 179, in serialize_response
    return jsonable_encoder(response_content)
  File "C:\Users\chee3\IdeaProjects\idims\venv\lib\site-packages\fastapi\encoders.py", line 238, in jsonable_encoder
    raise ValueError(errors) from e
ValueError: [TypeError("'coroutine' object is not iterable"), TypeError('vars() argument must have __dict__ attribute')]
2025-03-23 00:35:38 - app.core.middleware - ERROR - Unhandled error in request edf83119-93fb-4c9b-bbc5-011e787eca56
Traceback (most recent call last):
  File "C:\Users\chee3\IdeaProjects\idims\venv\lib\site-packages\fastapi\encoders.py", line 230, in jsonable_encoder
    data = dict(obj)
TypeError: 'coroutine' object is not iterable

During handling of the above exception, another exception occurred:

Traceback (most recent call last):
  File "C:\Users\chee3\IdeaProjects\idims\venv\lib\site-packages\fastapi\encoders.py", line 235, in jsonable_encoder
    data = vars(obj)
TypeError: vars() argument must have __dict__ attribute

The above exception was the direct cause of the following exception:

Traceback (most recent call last):
  File "C:\Users\chee3\IdeaProjects\idims\backend\app\core\middleware.py", line 62, in dispatch
    response = await call_next(request)
  File "C:\Users\chee3\IdeaProjects\idims\venv\lib\site-packages\starlette\middleware\base.py", line 84, in call_next
    raise app_exc
  File "C:\Users\chee3\IdeaProjects\idims\venv\lib\site-packages\starlette\middleware\base.py", line 70, in coro
    await self.app(scope, receive_or_disconnect, send_no_error)
  File "C:\Users\chee3\IdeaProjects\idims\venv\lib\site-packages\starlette\middleware\base.py", line 108, in __call__
    response = await self.dispatch_func(request, call_next)
  File "C:\Users\chee3\IdeaProjects\idims\backend\app\core\middleware.py", line 136, in dispatch
    response = await call_next(request)
  File "C:\Users\chee3\IdeaProjects\idims\venv\lib\site-packages\starlette\middleware\base.py", line 84, in call_next
    raise app_exc
  File "C:\Users\chee3\IdeaProjects\idims\venv\lib\site-packages\starlette\middleware\base.py", line 70, in coro
    await self.app(scope, receive_or_disconnect, send_no_error)
  File "C:\Users\chee3\IdeaProjects\idims\venv\lib\site-packages\starlette\middleware\cors.py", line 91, in __call__
    await self.simple_response(scope, receive, send, request_headers=headers)
  File "C:\Users\chee3\IdeaProjects\idims\venv\lib\site-packages\starlette\middleware\cors.py", line 146, in simple_response
    await self.app(scope, receive, send)
  File "C:\Users\chee3\IdeaProjects\idims\venv\lib\site-packages\starlette\middleware\exceptions.py", line 79, in __call__
    raise exc
  File "C:\Users\chee3\IdeaProjects\idims\venv\lib\site-packages\starlette\middleware\exceptions.py", line 68, in __call__
    await self.app(scope, receive, sender)
  File "C:\Users\chee3\IdeaProjects\idims\venv\lib\site-packages\fastapi\middleware\asyncexitstack.py", line 20, in __call__
    raise e
  File "C:\Users\chee3\IdeaProjects\idims\venv\lib\site-packages\fastapi\middleware\asyncexitstack.py", line 17, in __call__
    await self.app(scope, receive, send)
  File "C:\Users\chee3\IdeaProjects\idims\venv\lib\site-packages\starlette\routing.py", line 718, in __call__
    await route.handle(scope, receive, send)
  File "C:\Users\chee3\IdeaProjects\idims\venv\lib\site-packages\starlette\routing.py", line 276, in handle
    await self.app(scope, receive, send)
  File "C:\Users\chee3\IdeaProjects\idims\venv\lib\site-packages\starlette\routing.py", line 66, in app
    response = await func(request)
  File "C:\Users\chee3\IdeaProjects\idims\venv\lib\site-packages\fastapi\routing.py", line 291, in app
    content = await serialize_response(
  File "C:\Users\chee3\IdeaProjects\idims\venv\lib\site-packages\fastapi\routing.py", line 179, in serialize_response
    return jsonable_encoder(response_content)
  File "C:\Users\chee3\IdeaProjects\idims\venv\lib\site-packages\fastapi\encoders.py", line 238, in jsonable_encoder
    raise ValueError(errors) from e
ValueError: [TypeError("'coroutine' object is not iterable"), TypeError('vars() argument must have __dict__ attribute')]
2025-03-23 00:35:38 - app.core.middleware - ERROR - Unhandled error in request b009907a-5467-4c80-a59c-fda43d10b733
Traceback (most recent call last):
  File "C:\Users\chee3\IdeaProjects\idims\venv\lib\site-packages\fastapi\encoders.py", line 230, in jsonable_encoder
    data = dict(obj)
TypeError: 'coroutine' object is not iterable

During handling of the above exception, another exception occurred:

Traceback (most recent call last):
  File "C:\Users\chee3\IdeaProjects\idims\venv\lib\site-packages\fastapi\encoders.py", line 235, in jsonable_encoder
    data = vars(obj)
TypeError: vars() argument must have __dict__ attribute

The above exception was the direct cause of the following exception:

Traceback (most recent call last):
  File "C:\Users\chee3\IdeaProjects\idims\backend\app\core\middleware.py", line 62, in dispatch
    response = await call_next(request)
  File "C:\Users\chee3\IdeaProjects\idims\venv\lib\site-packages\starlette\middleware\base.py", line 84, in call_next
    raise app_exc
  File "C:\Users\chee3\IdeaProjects\idims\venv\lib\site-packages\starlette\middleware\base.py", line 70, in coro
    await self.app(scope, receive_or_disconnect, send_no_error)
  File "C:\Users\chee3\IdeaProjects\idims\venv\lib\site-packages\starlette\middleware\base.py", line 108, in __call__
    response = await self.dispatch_func(request, call_next)
  File "C:\Users\chee3\IdeaProjects\idims\backend\app\core\middleware.py", line 136, in dispatch
    response = await call_next(request)
  File "C:\Users\chee3\IdeaProjects\idims\venv\lib\site-packages\starlette\middleware\base.py", line 84, in call_next
    raise app_exc
  File "C:\Users\chee3\IdeaProjects\idims\venv\lib\site-packages\starlette\middleware\base.py", line 70, in coro
    await self.app(scope, receive_or_disconnect, send_no_error)
  File "C:\Users\chee3\IdeaProjects\idims\venv\lib\site-packages\starlette\middleware\cors.py", line 91, in __call__
    await self.simple_response(scope, receive, send, request_headers=headers)
  File "C:\Users\chee3\IdeaProjects\idims\venv\lib\site-packages\starlette\middleware\cors.py", line 146, in simple_response
    await self.app(scope, receive, send)
  File "C:\Users\chee3\IdeaProjects\idims\venv\lib\site-packages\starlette\middleware\exceptions.py", line 79, in __call__
    raise exc
  File "C:\Users\chee3\IdeaProjects\idims\venv\lib\site-packages\starlette\middleware\exceptions.py", line 68, in __call__
    await self.app(scope, receive, sender)
  File "C:\Users\chee3\IdeaProjects\idims\venv\lib\site-packages\fastapi\middleware\asyncexitstack.py", line 20, in __call__
    raise e
  File "C:\Users\chee3\IdeaProjects\idims\venv\lib\site-packages\fastapi\middleware\asyncexitstack.py", line 17, in __call__
    await self.app(scope, receive, send)
  File "C:\Users\chee3\IdeaProjects\idims\venv\lib\site-packages\starlette\routing.py", line 718, in __call__
    await route.handle(scope, receive, send)
  File "C:\Users\chee3\IdeaProjects\idims\venv\lib\site-packages\starlette\routing.py", line 276, in handle
    await self.app(scope, receive, send)
  File "C:\Users\chee3\IdeaProjects\idims\venv\lib\site-packages\starlette\routing.py", line 66, in app
    response = await func(request)
  File "C:\Users\chee3\IdeaProjects\idims\venv\lib\site-packages\fastapi\routing.py", line 291, in app
    content = await serialize_response(
  File "C:\Users\chee3\IdeaProjects\idims\venv\lib\site-packages\fastapi\routing.py", line 179, in serialize_response
    return jsonable_encoder(response_content)
  File "C:\Users\chee3\IdeaProjects\idims\venv\lib\site-packages\fastapi\encoders.py", line 238, in jsonable_encoder
    raise ValueError(errors) from e
ValueError: [TypeError("'coroutine' object is not iterable"), TypeError('vars() argument must have __dict__ attribute')]
2025-03-23 00:35:38 - app.core.middleware - ERROR - Unhandled error in request 9c76201b-bbe1-4e2e-822f-dab082b32bbf
Traceback (most recent call last):
  File "C:\Users\chee3\IdeaProjects\idims\venv\lib\site-packages\fastapi\encoders.py", line 230, in jsonable_encoder
    data = dict(obj)
TypeError: 'coroutine' object is not iterable

During handling of the above exception, another exception occurred:

Traceback (most recent call last):
  File "C:\Users\chee3\IdeaProjects\idims\venv\lib\site-packages\fastapi\encoders.py", line 235, in jsonable_encoder
    data = vars(obj)
TypeError: vars() argument must have __dict__ attribute

The above exception was the direct cause of the following exception:

Traceback (most recent call last):
  File "C:\Users\chee3\IdeaProjects\idims\backend\app\core\middleware.py", line 62, in dispatch
    response = await call_next(request)
  File "C:\Users\chee3\IdeaProjects\idims\venv\lib\site-packages\starlette\middleware\base.py", line 84, in call_next
    raise app_exc
  File "C:\Users\chee3\IdeaProjects\idims\venv\lib\site-packages\starlette\middleware\base.py", line 70, in coro
    await self.app(scope, receive_or_disconnect, send_no_error)
  File "C:\Users\chee3\IdeaProjects\idims\venv\lib\site-packages\starlette\middleware\base.py", line 108, in __call__
    response = await self.dispatch_func(request, call_next)
  File "C:\Users\chee3\IdeaProjects\idims\backend\app\core\middleware.py", line 136, in dispatch
    response = await call_next(request)
  File "C:\Users\chee3\IdeaProjects\idims\venv\lib\site-packages\starlette\middleware\base.py", line 84, in call_next
    raise app_exc
  File "C:\Users\chee3\IdeaProjects\idims\venv\lib\site-packages\starlette\middleware\base.py", line 70, in coro
    await self.app(scope, receive_or_disconnect, send_no_error)
  File "C:\Users\chee3\IdeaProjects\idims\venv\lib\site-packages\starlette\middleware\cors.py", line 91, in __call__
    await self.simple_response(scope, receive, send, request_headers=headers)
  File "C:\Users\chee3\IdeaProjects\idims\venv\lib\site-packages\starlette\middleware\cors.py", line 146, in simple_response
    await self.app(scope, receive, send)
  File "C:\Users\chee3\IdeaProjects\idims\venv\lib\site-packages\starlette\middleware\exceptions.py", line 79, in __call__
    raise exc
  File "C:\Users\chee3\IdeaProjects\idims\venv\lib\site-packages\starlette\middleware\exceptions.py", line 68, in __call__
    await self.app(scope, receive, sender)
  File "C:\Users\chee3\IdeaProjects\idims\venv\lib\site-packages\fastapi\middleware\asyncexitstack.py", line 20, in __call__
    raise e
  File "C:\Users\chee3\IdeaProjects\idims\venv\lib\site-packages\fastapi\middleware\asyncexitstack.py", line 17, in __call__
    await self.app(scope, receive, send)
  File "C:\Users\chee3\IdeaProjects\idims\venv\lib\site-packages\starlette\routing.py", line 718, in __call__
    await route.handle(scope, receive, send)
  File "C:\Users\chee3\IdeaProjects\idims\venv\lib\site-packages\starlette\routing.py", line 276, in handle
    await self.app(scope, receive, send)
  File "C:\Users\chee3\IdeaProjects\idims\venv\lib\site-packages\starlette\routing.py", line 66, in app
    response = await func(request)
  File "C:\Users\chee3\IdeaProjects\idims\venv\lib\site-packages\fastapi\routing.py", line 291, in app
    content = await serialize_response(
  File "C:\Users\chee3\IdeaProjects\idims\venv\lib\site-packages\fastapi\routing.py", line 179, in serialize_response
    return jsonable_encoder(response_content)
  File "C:\Users\chee3\IdeaProjects\idims\venv\lib\site-packages\fastapi\encoders.py", line 238, in jsonable_encoder
    raise ValueError(errors) from e
ValueError: [TypeError("'coroutine' object is not iterable"), TypeError('vars() argument must have __dict__ attribute')]
2025-03-23 00:35:38 - app.core.middleware - ERROR - Unhandled error in request 17e09556-c08b-4c0d-98ba-ca80e3f45032
Traceback (most recent call last):
  File "C:\Users\chee3\IdeaProjects\idims\venv\lib\site-packages\fastapi\encoders.py", line 230, in jsonable_encoder
    data = dict(obj)
TypeError: 'coroutine' object is not iterable

During handling of the above exception, another exception occurred:

Traceback (most recent call last):
  File "C:\Users\chee3\IdeaProjects\idims\venv\lib\site-packages\fastapi\encoders.py", line 235, in jsonable_encoder
    data = vars(obj)
TypeError: vars() argument must have __dict__ attribute

The above exception was the direct cause of the following exception:

Traceback (most recent call last):
  File "C:\Users\chee3\IdeaProjects\idims\backend\app\core\middleware.py", line 62, in dispatch
    response = await call_next(request)
  File "C:\Users\chee3\IdeaProjects\idims\venv\lib\site-packages\starlette\middleware\base.py", line 84, in call_next
    raise app_exc
  File "C:\Users\chee3\IdeaProjects\idims\venv\lib\site-packages\starlette\middleware\base.py", line 70, in coro
    await self.app(scope, receive_or_disconnect, send_no_error)
  File "C:\Users\chee3\IdeaProjects\idims\venv\lib\site-packages\starlette\middleware\base.py", line 108, in __call__
    response = await self.dispatch_func(request, call_next)
  File "C:\Users\chee3\IdeaProjects\idims\backend\app\core\middleware.py", line 136, in dispatch
    response = await call_next(request)
  File "C:\Users\chee3\IdeaProjects\idims\venv\lib\site-packages\starlette\middleware\base.py", line 84, in call_next
    raise app_exc
  File "C:\Users\chee3\IdeaProjects\idims\venv\lib\site-packages\starlette\middleware\base.py", line 70, in coro
    await self.app(scope, receive_or_disconnect, send_no_error)
  File "C:\Users\chee3\IdeaProjects\idims\venv\lib\site-packages\starlette\middleware\cors.py", line 91, in __call__
    await self.simple_response(scope, receive, send, request_headers=headers)
  File "C:\Users\chee3\IdeaProjects\idims\venv\lib\site-packages\starlette\middleware\cors.py", line 146, in simple_response
    await self.app(scope, receive, send)
  File "C:\Users\chee3\IdeaProjects\idims\venv\lib\site-packages\starlette\middleware\exceptions.py", line 79, in __call__
    raise exc
  File "C:\Users\chee3\IdeaProjects\idims\venv\lib\site-packages\starlette\middleware\exceptions.py", line 68, in __call__
    await self.app(scope, receive, sender)
  File "C:\Users\chee3\IdeaProjects\idims\venv\lib\site-packages\fastapi\middleware\asyncexitstack.py", line 20, in __call__
    raise e
  File "C:\Users\chee3\IdeaProjects\idims\venv\lib\site-packages\fastapi\middleware\asyncexitstack.py", line 17, in __call__
    await self.app(scope, receive, send)
  File "C:\Users\chee3\IdeaProjects\idims\venv\lib\site-packages\starlette\routing.py", line 718, in __call__
    await route.handle(scope, receive, send)
  File "C:\Users\chee3\IdeaProjects\idims\venv\lib\site-packages\starlette\routing.py", line 276, in handle
    await self.app(scope, receive, send)
  File "C:\Users\chee3\IdeaProjects\idims\venv\lib\site-packages\starlette\routing.py", line 66, in app
    response = await func(request)
  File "C:\Users\chee3\IdeaProjects\idims\venv\lib\site-packages\fastapi\routing.py", line 291, in app
    content = await serialize_response(
  File "C:\Users\chee3\IdeaProjects\idims\venv\lib\site-packages\fastapi\routing.py", line 179, in serialize_response
    return jsonable_encoder(response_content)
  File "C:\Users\chee3\IdeaProjects\idims\venv\lib\site-packages\fastapi\encoders.py", line 238, in jsonable_encoder
    raise ValueError(errors) from e
ValueError: [TypeError("'coroutine' object is not iterable"), TypeError('vars() argument must have __dict__ attribute')]
2025-03-23 00:39:31 - app.core.middleware - ERROR - Unhandled error in request fa0db881-7692-407c-a40a-48822afeea31
Traceback (most recent call last):
  File "C:\Users\chee3\IdeaProjects\idims\venv\lib\site-packages\fastapi\encoders.py", line 230, in jsonable_encoder
    data = dict(obj)
TypeError: 'coroutine' object is not iterable

During handling of the above exception, another exception occurred:

Traceback (most recent call last):
  File "C:\Users\chee3\IdeaProjects\idims\venv\lib\site-packages\fastapi\encoders.py", line 235, in jsonable_encoder
    data = vars(obj)
TypeError: vars() argument must have __dict__ attribute

The above exception was the direct cause of the following exception:

Traceback (most recent call last):
  File "C:\Users\chee3\IdeaProjects\idims\backend\app\core\middleware.py", line 62, in dispatch
    response = await call_next(request)
  File "C:\Users\chee3\IdeaProjects\idims\venv\lib\site-packages\starlette\middleware\base.py", line 84, in call_next
    raise app_exc
  File "C:\Users\chee3\IdeaProjects\idims\venv\lib\site-packages\starlette\middleware\base.py", line 70, in coro
    await self.app(scope, receive_or_disconnect, send_no_error)
  File "C:\Users\chee3\IdeaProjects\idims\venv\lib\site-packages\starlette\middleware\base.py", line 108, in __call__
    response = await self.dispatch_func(request, call_next)
  File "C:\Users\chee3\IdeaProjects\idims\backend\app\core\middleware.py", line 136, in dispatch
    response = await call_next(request)
  File "C:\Users\chee3\IdeaProjects\idims\venv\lib\site-packages\starlette\middleware\base.py", line 84, in call_next
    raise app_exc
  File "C:\Users\chee3\IdeaProjects\idims\venv\lib\site-packages\starlette\middleware\base.py", line 70, in coro
    await self.app(scope, receive_or_disconnect, send_no_error)
  File "C:\Users\chee3\IdeaProjects\idims\venv\lib\site-packages\starlette\middleware\cors.py", line 91, in __call__
    await self.simple_response(scope, receive, send, request_headers=headers)
  File "C:\Users\chee3\IdeaProjects\idims\venv\lib\site-packages\starlette\middleware\cors.py", line 146, in simple_response
    await self.app(scope, receive, send)
  File "C:\Users\chee3\IdeaProjects\idims\venv\lib\site-packages\starlette\middleware\exceptions.py", line 79, in __call__
    raise exc
  File "C:\Users\chee3\IdeaProjects\idims\venv\lib\site-packages\starlette\middleware\exceptions.py", line 68, in __call__
    await self.app(scope, receive, sender)
  File "C:\Users\chee3\IdeaProjects\idims\venv\lib\site-packages\fastapi\middleware\asyncexitstack.py", line 20, in __call__
    raise e
  File "C:\Users\chee3\IdeaProjects\idims\venv\lib\site-packages\fastapi\middleware\asyncexitstack.py", line 17, in __call__
    await self.app(scope, receive, send)
  File "C:\Users\chee3\IdeaProjects\idims\venv\lib\site-packages\starlette\routing.py", line 718, in __call__
    await route.handle(scope, receive, send)
  File "C:\Users\chee3\IdeaProjects\idims\venv\lib\site-packages\starlette\routing.py", line 276, in handle
    await self.app(scope, receive, send)
  File "C:\Users\chee3\IdeaProjects\idims\venv\lib\site-packages\starlette\routing.py", line 66, in app
    response = await func(request)
  File "C:\Users\chee3\IdeaProjects\idims\venv\lib\site-packages\fastapi\routing.py", line 291, in app
    content = await serialize_response(
  File "C:\Users\chee3\IdeaProjects\idims\venv\lib\site-packages\fastapi\routing.py", line 179, in serialize_response
    return jsonable_encoder(response_content)
  File "C:\Users\chee3\IdeaProjects\idims\venv\lib\site-packages\fastapi\encoders.py", line 238, in jsonable_encoder
    raise ValueError(errors) from e
ValueError: [TypeError("'coroutine' object is not iterable"), TypeError('vars() argument must have __dict__ attribute')]
2025-03-23 00:47:52 - app.core.middleware - ERROR - Unhandled error in request c3260c99-1741-4e87-b2c1-234d250ae3d9
Traceback (most recent call last):
  File "C:\Users\chee3\IdeaProjects\idims\venv\lib\site-packages\fastapi\encoders.py", line 230, in jsonable_encoder
    data = dict(obj)
TypeError: 'coroutine' object is not iterable

During handling of the above exception, another exception occurred:

Traceback (most recent call last):
  File "C:\Users\chee3\IdeaProjects\idims\venv\lib\site-packages\fastapi\encoders.py", line 235, in jsonable_encoder
    data = vars(obj)
TypeError: vars() argument must have __dict__ attribute

The above exception was the direct cause of the following exception:

Traceback (most recent call last):
  File "C:\Users\chee3\IdeaProjects\idims\backend\app\core\middleware.py", line 62, in dispatch
    response = await call_next(request)
  File "C:\Users\chee3\IdeaProjects\idims\venv\lib\site-packages\starlette\middleware\base.py", line 84, in call_next
    raise app_exc
  File "C:\Users\chee3\IdeaProjects\idims\venv\lib\site-packages\starlette\middleware\base.py", line 70, in coro
    await self.app(scope, receive_or_disconnect, send_no_error)
  File "C:\Users\chee3\IdeaProjects\idims\venv\lib\site-packages\starlette\middleware\base.py", line 108, in __call__
    response = await self.dispatch_func(request, call_next)
  File "C:\Users\chee3\IdeaProjects\idims\backend\app\core\middleware.py", line 136, in dispatch
    response = await call_next(request)
  File "C:\Users\chee3\IdeaProjects\idims\venv\lib\site-packages\starlette\middleware\base.py", line 84, in call_next
    raise app_exc
  File "C:\Users\chee3\IdeaProjects\idims\venv\lib\site-packages\starlette\middleware\base.py", line 70, in coro
    await self.app(scope, receive_or_disconnect, send_no_error)
  File "C:\Users\chee3\IdeaProjects\idims\venv\lib\site-packages\starlette\middleware\cors.py", line 91, in __call__
    await self.simple_response(scope, receive, send, request_headers=headers)
  File "C:\Users\chee3\IdeaProjects\idims\venv\lib\site-packages\starlette\middleware\cors.py", line 146, in simple_response
    await self.app(scope, receive, send)
  File "C:\Users\chee3\IdeaProjects\idims\venv\lib\site-packages\starlette\middleware\exceptions.py", line 79, in __call__
    raise exc
  File "C:\Users\chee3\IdeaProjects\idims\venv\lib\site-packages\starlette\middleware\exceptions.py", line 68, in __call__
    await self.app(scope, receive, sender)
  File "C:\Users\chee3\IdeaProjects\idims\venv\lib\site-packages\fastapi\middleware\asyncexitstack.py", line 20, in __call__
    raise e
  File "C:\Users\chee3\IdeaProjects\idims\venv\lib\site-packages\fastapi\middleware\asyncexitstack.py", line 17, in __call__
    await self.app(scope, receive, send)
  File "C:\Users\chee3\IdeaProjects\idims\venv\lib\site-packages\starlette\routing.py", line 718, in __call__
    await route.handle(scope, receive, send)
  File "C:\Users\chee3\IdeaProjects\idims\venv\lib\site-packages\starlette\routing.py", line 276, in handle
    await self.app(scope, receive, send)
  File "C:\Users\chee3\IdeaProjects\idims\venv\lib\site-packages\starlette\routing.py", line 66, in app
    response = await func(request)
  File "C:\Users\chee3\IdeaProjects\idims\venv\lib\site-packages\fastapi\routing.py", line 291, in app
    content = await serialize_response(
  File "C:\Users\chee3\IdeaProjects\idims\venv\lib\site-packages\fastapi\routing.py", line 179, in serialize_response
    return jsonable_encoder(response_content)
  File "C:\Users\chee3\IdeaProjects\idims\venv\lib\site-packages\fastapi\encoders.py", line 238, in jsonable_encoder
    raise ValueError(errors) from e
ValueError: [TypeError("'coroutine' object is not iterable"), TypeError('vars() argument must have __dict__ attribute')]
2025-03-23 00:47:52 - app.core.middleware - ERROR - Unhandled error in request 4d2dd0bd-cc5f-480b-a147-6666ce236d73
Traceback (most recent call last):
  File "C:\Users\chee3\IdeaProjects\idims\venv\lib\site-packages\fastapi\encoders.py", line 230, in jsonable_encoder
    data = dict(obj)
TypeError: 'coroutine' object is not iterable

During handling of the above exception, another exception occurred:

Traceback (most recent call last):
  File "C:\Users\chee3\IdeaProjects\idims\venv\lib\site-packages\fastapi\encoders.py", line 235, in jsonable_encoder
    data = vars(obj)
TypeError: vars() argument must have __dict__ attribute

The above exception was the direct cause of the following exception:

Traceback (most recent call last):
  File "C:\Users\chee3\IdeaProjects\idims\backend\app\core\middleware.py", line 62, in dispatch
    response = await call_next(request)
  File "C:\Users\chee3\IdeaProjects\idims\venv\lib\site-packages\starlette\middleware\base.py", line 84, in call_next
    raise app_exc
  File "C:\Users\chee3\IdeaProjects\idims\venv\lib\site-packages\starlette\middleware\base.py", line 70, in coro
    await self.app(scope, receive_or_disconnect, send_no_error)
  File "C:\Users\chee3\IdeaProjects\idims\venv\lib\site-packages\starlette\middleware\base.py", line 108, in __call__
    response = await self.dispatch_func(request, call_next)
  File "C:\Users\chee3\IdeaProjects\idims\backend\app\core\middleware.py", line 136, in dispatch
    response = await call_next(request)
  File "C:\Users\chee3\IdeaProjects\idims\venv\lib\site-packages\starlette\middleware\base.py", line 84, in call_next
    raise app_exc
  File "C:\Users\chee3\IdeaProjects\idims\venv\lib\site-packages\starlette\middleware\base.py", line 70, in coro
    await self.app(scope, receive_or_disconnect, send_no_error)
  File "C:\Users\chee3\IdeaProjects\idims\venv\lib\site-packages\starlette\middleware\cors.py", line 91, in __call__
    await self.simple_response(scope, receive, send, request_headers=headers)
  File "C:\Users\chee3\IdeaProjects\idims\venv\lib\site-packages\starlette\middleware\cors.py", line 146, in simple_response
    await self.app(scope, receive, send)
  File "C:\Users\chee3\IdeaProjects\idims\venv\lib\site-packages\starlette\middleware\exceptions.py", line 79, in __call__
    raise exc
  File "C:\Users\chee3\IdeaProjects\idims\venv\lib\site-packages\starlette\middleware\exceptions.py", line 68, in __call__
    await self.app(scope, receive, sender)
  File "C:\Users\chee3\IdeaProjects\idims\venv\lib\site-packages\fastapi\middleware\asyncexitstack.py", line 20, in __call__
    raise e
  File "C:\Users\chee3\IdeaProjects\idims\venv\lib\site-packages\fastapi\middleware\asyncexitstack.py", line 17, in __call__
    await self.app(scope, receive, send)
  File "C:\Users\chee3\IdeaProjects\idims\venv\lib\site-packages\starlette\routing.py", line 718, in __call__
    await route.handle(scope, receive, send)
  File "C:\Users\chee3\IdeaProjects\idims\venv\lib\site-packages\starlette\routing.py", line 276, in handle
    await self.app(scope, receive, send)
  File "C:\Users\chee3\IdeaProjects\idims\venv\lib\site-packages\starlette\routing.py", line 66, in app
    response = await func(request)
  File "C:\Users\chee3\IdeaProjects\idims\venv\lib\site-packages\fastapi\routing.py", line 291, in app
    content = await serialize_response(
  File "C:\Users\chee3\IdeaProjects\idims\venv\lib\site-packages\fastapi\routing.py", line 179, in serialize_response
    return jsonable_encoder(response_content)
  File "C:\Users\chee3\IdeaProjects\idims\venv\lib\site-packages\fastapi\encoders.py", line 238, in jsonable_encoder
    raise ValueError(errors) from e
ValueError: [TypeError("'coroutine' object is not iterable"), TypeError('vars() argument must have __dict__ attribute')]
2025-03-23 00:47:52 - app.core.middleware - ERROR - Unhandled error in request 14298b4d-9092-4215-b866-f55118ae651e
Traceback (most recent call last):
  File "C:\Users\chee3\IdeaProjects\idims\venv\lib\site-packages\fastapi\encoders.py", line 230, in jsonable_encoder
    data = dict(obj)
TypeError: 'coroutine' object is not iterable

During handling of the above exception, another exception occurred:

Traceback (most recent call last):
  File "C:\Users\chee3\IdeaProjects\idims\venv\lib\site-packages\fastapi\encoders.py", line 235, in jsonable_encoder
    data = vars(obj)
TypeError: vars() argument must have __dict__ attribute

The above exception was the direct cause of the following exception:

Traceback (most recent call last):
  File "C:\Users\chee3\IdeaProjects\idims\backend\app\core\middleware.py", line 62, in dispatch
    response = await call_next(request)
  File "C:\Users\chee3\IdeaProjects\idims\venv\lib\site-packages\starlette\middleware\base.py", line 84, in call_next
    raise app_exc
  File "C:\Users\chee3\IdeaProjects\idims\venv\lib\site-packages\starlette\middleware\base.py", line 70, in coro
    await self.app(scope, receive_or_disconnect, send_no_error)
  File "C:\Users\chee3\IdeaProjects\idims\venv\lib\site-packages\starlette\middleware\base.py", line 108, in __call__
    response = await self.dispatch_func(request, call_next)
  File "C:\Users\chee3\IdeaProjects\idims\backend\app\core\middleware.py", line 136, in dispatch
    response = await call_next(request)
  File "C:\Users\chee3\IdeaProjects\idims\venv\lib\site-packages\starlette\middleware\base.py", line 84, in call_next
    raise app_exc
  File "C:\Users\chee3\IdeaProjects\idims\venv\lib\site-packages\starlette\middleware\base.py", line 70, in coro
    await self.app(scope, receive_or_disconnect, send_no_error)
  File "C:\Users\chee3\IdeaProjects\idims\venv\lib\site-packages\starlette\middleware\cors.py", line 91, in __call__
    await self.simple_response(scope, receive, send, request_headers=headers)
  File "C:\Users\chee3\IdeaProjects\idims\venv\lib\site-packages\starlette\middleware\cors.py", line 146, in simple_response
    await self.app(scope, receive, send)
  File "C:\Users\chee3\IdeaProjects\idims\venv\lib\site-packages\starlette\middleware\exceptions.py", line 79, in __call__
    raise exc
  File "C:\Users\chee3\IdeaProjects\idims\venv\lib\site-packages\starlette\middleware\exceptions.py", line 68, in __call__
    await self.app(scope, receive, sender)
  File "C:\Users\chee3\IdeaProjects\idims\venv\lib\site-packages\fastapi\middleware\asyncexitstack.py", line 20, in __call__
    raise e
  File "C:\Users\chee3\IdeaProjects\idims\venv\lib\site-packages\fastapi\middleware\asyncexitstack.py", line 17, in __call__
    await self.app(scope, receive, send)
  File "C:\Users\chee3\IdeaProjects\idims\venv\lib\site-packages\starlette\routing.py", line 718, in __call__
    await route.handle(scope, receive, send)
  File "C:\Users\chee3\IdeaProjects\idims\venv\lib\site-packages\starlette\routing.py", line 276, in handle
    await self.app(scope, receive, send)
  File "C:\Users\chee3\IdeaProjects\idims\venv\lib\site-packages\starlette\routing.py", line 66, in app
    response = await func(request)
  File "C:\Users\chee3\IdeaProjects\idims\venv\lib\site-packages\fastapi\routing.py", line 291, in app
    content = await serialize_response(
  File "C:\Users\chee3\IdeaProjects\idims\venv\lib\site-packages\fastapi\routing.py", line 179, in serialize_response
    return jsonable_encoder(response_content)
  File "C:\Users\chee3\IdeaProjects\idims\venv\lib\site-packages\fastapi\encoders.py", line 238, in jsonable_encoder
    raise ValueError(errors) from e
ValueError: [TypeError("'coroutine' object is not iterable"), TypeError('vars() argument must have __dict__ attribute')]
2025-03-23 00:53:17 - app.core.middleware - ERROR - Unhandled error in request 04a49d55-1f41-44d3-8eaf-18a8b419288e
Traceback (most recent call last):
  File "C:\Users\chee3\IdeaProjects\idims\venv\lib\site-packages\fastapi\encoders.py", line 230, in jsonable_encoder
    data = dict(obj)
TypeError: 'coroutine' object is not iterable

During handling of the above exception, another exception occurred:

Traceback (most recent call last):
  File "C:\Users\chee3\IdeaProjects\idims\venv\lib\site-packages\fastapi\encoders.py", line 235, in jsonable_encoder
    data = vars(obj)
TypeError: vars() argument must have __dict__ attribute

The above exception was the direct cause of the following exception:

Traceback (most recent call last):
  File "C:\Users\chee3\IdeaProjects\idims\backend\app\core\middleware.py", line 62, in dispatch
    response = await call_next(request)
  File "C:\Users\chee3\IdeaProjects\idims\venv\lib\site-packages\starlette\middleware\base.py", line 84, in call_next
    raise app_exc
  File "C:\Users\chee3\IdeaProjects\idims\venv\lib\site-packages\starlette\middleware\base.py", line 70, in coro
    await self.app(scope, receive_or_disconnect, send_no_error)
  File "C:\Users\chee3\IdeaProjects\idims\venv\lib\site-packages\starlette\middleware\base.py", line 108, in __call__
    response = await self.dispatch_func(request, call_next)
  File "C:\Users\chee3\IdeaProjects\idims\backend\app\core\middleware.py", line 136, in dispatch
    response = await call_next(request)
  File "C:\Users\chee3\IdeaProjects\idims\venv\lib\site-packages\starlette\middleware\base.py", line 84, in call_next
    raise app_exc
  File "C:\Users\chee3\IdeaProjects\idims\venv\lib\site-packages\starlette\middleware\base.py", line 70, in coro
    await self.app(scope, receive_or_disconnect, send_no_error)
  File "C:\Users\chee3\IdeaProjects\idims\venv\lib\site-packages\starlette\middleware\cors.py", line 91, in __call__
    await self.simple_response(scope, receive, send, request_headers=headers)
  File "C:\Users\chee3\IdeaProjects\idims\venv\lib\site-packages\starlette\middleware\cors.py", line 146, in simple_response
    await self.app(scope, receive, send)
  File "C:\Users\chee3\IdeaProjects\idims\venv\lib\site-packages\starlette\middleware\exceptions.py", line 79, in __call__
    raise exc
  File "C:\Users\chee3\IdeaProjects\idims\venv\lib\site-packages\starlette\middleware\exceptions.py", line 68, in __call__
    await self.app(scope, receive, sender)
  File "C:\Users\chee3\IdeaProjects\idims\venv\lib\site-packages\fastapi\middleware\asyncexitstack.py", line 20, in __call__
    raise e
  File "C:\Users\chee3\IdeaProjects\idims\venv\lib\site-packages\fastapi\middleware\asyncexitstack.py", line 17, in __call__
    await self.app(scope, receive, send)
  File "C:\Users\chee3\IdeaProjects\idims\venv\lib\site-packages\starlette\routing.py", line 718, in __call__
    await route.handle(scope, receive, send)
  File "C:\Users\chee3\IdeaProjects\idims\venv\lib\site-packages\starlette\routing.py", line 276, in handle
    await self.app(scope, receive, send)
  File "C:\Users\chee3\IdeaProjects\idims\venv\lib\site-packages\starlette\routing.py", line 66, in app
    response = await func(request)
  File "C:\Users\chee3\IdeaProjects\idims\venv\lib\site-packages\fastapi\routing.py", line 291, in app
    content = await serialize_response(
  File "C:\Users\chee3\IdeaProjects\idims\venv\lib\site-packages\fastapi\routing.py", line 179, in serialize_response
    return jsonable_encoder(response_content)
  File "C:\Users\chee3\IdeaProjects\idims\venv\lib\site-packages\fastapi\encoders.py", line 238, in jsonable_encoder
    raise ValueError(errors) from e
ValueError: [TypeError("'coroutine' object is not iterable"), TypeError('vars() argument must have __dict__ attribute')]
2025-03-23 00:53:17 - app.core.middleware - ERROR - Unhandled error in request f5e2eb86-28de-4bd4-881b-ae54fdaf2cf8
Traceback (most recent call last):
  File "C:\Users\chee3\IdeaProjects\idims\venv\lib\site-packages\fastapi\encoders.py", line 230, in jsonable_encoder
    data = dict(obj)
TypeError: 'coroutine' object is not iterable

During handling of the above exception, another exception occurred:

Traceback (most recent call last):
  File "C:\Users\chee3\IdeaProjects\idims\venv\lib\site-packages\fastapi\encoders.py", line 235, in jsonable_encoder
    data = vars(obj)
TypeError: vars() argument must have __dict__ attribute

The above exception was the direct cause of the following exception:

Traceback (most recent call last):
  File "C:\Users\chee3\IdeaProjects\idims\backend\app\core\middleware.py", line 62, in dispatch
    response = await call_next(request)
  File "C:\Users\chee3\IdeaProjects\idims\venv\lib\site-packages\starlette\middleware\base.py", line 84, in call_next
    raise app_exc
  File "C:\Users\chee3\IdeaProjects\idims\venv\lib\site-packages\starlette\middleware\base.py", line 70, in coro
    await self.app(scope, receive_or_disconnect, send_no_error)
  File "C:\Users\chee3\IdeaProjects\idims\venv\lib\site-packages\starlette\middleware\base.py", line 108, in __call__
    response = await self.dispatch_func(request, call_next)
  File "C:\Users\chee3\IdeaProjects\idims\backend\app\core\middleware.py", line 136, in dispatch
    response = await call_next(request)
  File "C:\Users\chee3\IdeaProjects\idims\venv\lib\site-packages\starlette\middleware\base.py", line 84, in call_next
    raise app_exc
  File "C:\Users\chee3\IdeaProjects\idims\venv\lib\site-packages\starlette\middleware\base.py", line 70, in coro
    await self.app(scope, receive_or_disconnect, send_no_error)
  File "C:\Users\chee3\IdeaProjects\idims\venv\lib\site-packages\starlette\middleware\cors.py", line 91, in __call__
    await self.simple_response(scope, receive, send, request_headers=headers)
  File "C:\Users\chee3\IdeaProjects\idims\venv\lib\site-packages\starlette\middleware\cors.py", line 146, in simple_response
    await self.app(scope, receive, send)
  File "C:\Users\chee3\IdeaProjects\idims\venv\lib\site-packages\starlette\middleware\exceptions.py", line 79, in __call__
    raise exc
  File "C:\Users\chee3\IdeaProjects\idims\venv\lib\site-packages\starlette\middleware\exceptions.py", line 68, in __call__
    await self.app(scope, receive, sender)
  File "C:\Users\chee3\IdeaProjects\idims\venv\lib\site-packages\fastapi\middleware\asyncexitstack.py", line 20, in __call__
    raise e
  File "C:\Users\chee3\IdeaProjects\idims\venv\lib\site-packages\fastapi\middleware\asyncexitstack.py", line 17, in __call__
    await self.app(scope, receive, send)
  File "C:\Users\chee3\IdeaProjects\idims\venv\lib\site-packages\starlette\routing.py", line 718, in __call__
    await route.handle(scope, receive, send)
  File "C:\Users\chee3\IdeaProjects\idims\venv\lib\site-packages\starlette\routing.py", line 276, in handle
    await self.app(scope, receive, send)
  File "C:\Users\chee3\IdeaProjects\idims\venv\lib\site-packages\starlette\routing.py", line 66, in app
    response = await func(request)
  File "C:\Users\chee3\IdeaProjects\idims\venv\lib\site-packages\fastapi\routing.py", line 291, in app
    content = await serialize_response(
  File "C:\Users\chee3\IdeaProjects\idims\venv\lib\site-packages\fastapi\routing.py", line 179, in serialize_response
    return jsonable_encoder(response_content)
  File "C:\Users\chee3\IdeaProjects\idims\venv\lib\site-packages\fastapi\encoders.py", line 238, in jsonable_encoder
    raise ValueError(errors) from e
ValueError: [TypeError("'coroutine' object is not iterable"), TypeError('vars() argument must have __dict__ attribute')]
2025-03-23 00:53:17 - app.core.middleware - ERROR - Unhandled error in request 6ece0481-a791-4291-994b-dc00fc6dd66d
Traceback (most recent call last):
  File "C:\Users\chee3\IdeaProjects\idims\venv\lib\site-packages\fastapi\encoders.py", line 230, in jsonable_encoder
    data = dict(obj)
TypeError: 'coroutine' object is not iterable

During handling of the above exception, another exception occurred:

Traceback (most recent call last):
  File "C:\Users\chee3\IdeaProjects\idims\venv\lib\site-packages\fastapi\encoders.py", line 235, in jsonable_encoder
    data = vars(obj)
TypeError: vars() argument must have __dict__ attribute

The above exception was the direct cause of the following exception:

Traceback (most recent call last):
  File "C:\Users\chee3\IdeaProjects\idims\backend\app\core\middleware.py", line 62, in dispatch
    response = await call_next(request)
  File "C:\Users\chee3\IdeaProjects\idims\venv\lib\site-packages\starlette\middleware\base.py", line 84, in call_next
    raise app_exc
  File "C:\Users\chee3\IdeaProjects\idims\venv\lib\site-packages\starlette\middleware\base.py", line 70, in coro
    await self.app(scope, receive_or_disconnect, send_no_error)
  File "C:\Users\chee3\IdeaProjects\idims\venv\lib\site-packages\starlette\middleware\base.py", line 108, in __call__
    response = await self.dispatch_func(request, call_next)
  File "C:\Users\chee3\IdeaProjects\idims\backend\app\core\middleware.py", line 136, in dispatch
    response = await call_next(request)
  File "C:\Users\chee3\IdeaProjects\idims\venv\lib\site-packages\starlette\middleware\base.py", line 84, in call_next
    raise app_exc
  File "C:\Users\chee3\IdeaProjects\idims\venv\lib\site-packages\starlette\middleware\base.py", line 70, in coro
    await self.app(scope, receive_or_disconnect, send_no_error)
  File "C:\Users\chee3\IdeaProjects\idims\venv\lib\site-packages\starlette\middleware\cors.py", line 91, in __call__
    await self.simple_response(scope, receive, send, request_headers=headers)
  File "C:\Users\chee3\IdeaProjects\idims\venv\lib\site-packages\starlette\middleware\cors.py", line 146, in simple_response
    await self.app(scope, receive, send)
  File "C:\Users\chee3\IdeaProjects\idims\venv\lib\site-packages\starlette\middleware\exceptions.py", line 79, in __call__
    raise exc
  File "C:\Users\chee3\IdeaProjects\idims\venv\lib\site-packages\starlette\middleware\exceptions.py", line 68, in __call__
    await self.app(scope, receive, sender)
  File "C:\Users\chee3\IdeaProjects\idims\venv\lib\site-packages\fastapi\middleware\asyncexitstack.py", line 20, in __call__
    raise e
  File "C:\Users\chee3\IdeaProjects\idims\venv\lib\site-packages\fastapi\middleware\asyncexitstack.py", line 17, in __call__
    await self.app(scope, receive, send)
  File "C:\Users\chee3\IdeaProjects\idims\venv\lib\site-packages\starlette\routing.py", line 718, in __call__
    await route.handle(scope, receive, send)
  File "C:\Users\chee3\IdeaProjects\idims\venv\lib\site-packages\starlette\routing.py", line 276, in handle
    await self.app(scope, receive, send)
  File "C:\Users\chee3\IdeaProjects\idims\venv\lib\site-packages\starlette\routing.py", line 66, in app
    response = await func(request)
  File "C:\Users\chee3\IdeaProjects\idims\venv\lib\site-packages\fastapi\routing.py", line 291, in app
    content = await serialize_response(
  File "C:\Users\chee3\IdeaProjects\idims\venv\lib\site-packages\fastapi\routing.py", line 179, in serialize_response
    return jsonable_encoder(response_content)
  File "C:\Users\chee3\IdeaProjects\idims\venv\lib\site-packages\fastapi\encoders.py", line 238, in jsonable_encoder
    raise ValueError(errors) from e
ValueError: [TypeError("'coroutine' object is not iterable"), TypeError('vars() argument must have __dict__ attribute')]
2025-03-23 00:59:20 - app.core.middleware - ERROR - Unhandled error in request da9db347-db1d-4410-a79e-cbd61b7e91c8
Traceback (most recent call last):
  File "C:\Users\chee3\IdeaProjects\idims\venv\lib\site-packages\fastapi\encoders.py", line 230, in jsonable_encoder
    data = dict(obj)
TypeError: 'coroutine' object is not iterable

During handling of the above exception, another exception occurred:

Traceback (most recent call last):
  File "C:\Users\chee3\IdeaProjects\idims\venv\lib\site-packages\fastapi\encoders.py", line 235, in jsonable_encoder
    data = vars(obj)
TypeError: vars() argument must have __dict__ attribute

The above exception was the direct cause of the following exception:

Traceback (most recent call last):
  File "C:\Users\chee3\IdeaProjects\idims\backend\app\core\middleware.py", line 62, in dispatch
    response = await call_next(request)
  File "C:\Users\chee3\IdeaProjects\idims\venv\lib\site-packages\starlette\middleware\base.py", line 84, in call_next
    raise app_exc
  File "C:\Users\chee3\IdeaProjects\idims\venv\lib\site-packages\starlette\middleware\base.py", line 70, in coro
    await self.app(scope, receive_or_disconnect, send_no_error)
  File "C:\Users\chee3\IdeaProjects\idims\venv\lib\site-packages\starlette\middleware\base.py", line 108, in __call__
    response = await self.dispatch_func(request, call_next)
  File "C:\Users\chee3\IdeaProjects\idims\backend\app\core\middleware.py", line 136, in dispatch
    response = await call_next(request)
  File "C:\Users\chee3\IdeaProjects\idims\venv\lib\site-packages\starlette\middleware\base.py", line 84, in call_next
    raise app_exc
  File "C:\Users\chee3\IdeaProjects\idims\venv\lib\site-packages\starlette\middleware\base.py", line 70, in coro
    await self.app(scope, receive_or_disconnect, send_no_error)
  File "C:\Users\chee3\IdeaProjects\idims\venv\lib\site-packages\starlette\middleware\cors.py", line 91, in __call__
    await self.simple_response(scope, receive, send, request_headers=headers)
  File "C:\Users\chee3\IdeaProjects\idims\venv\lib\site-packages\starlette\middleware\cors.py", line 146, in simple_response
    await self.app(scope, receive, send)
  File "C:\Users\chee3\IdeaProjects\idims\venv\lib\site-packages\starlette\middleware\exceptions.py", line 79, in __call__
    raise exc
  File "C:\Users\chee3\IdeaProjects\idims\venv\lib\site-packages\starlette\middleware\exceptions.py", line 68, in __call__
    await self.app(scope, receive, sender)
  File "C:\Users\chee3\IdeaProjects\idims\venv\lib\site-packages\fastapi\middleware\asyncexitstack.py", line 20, in __call__
    raise e
  File "C:\Users\chee3\IdeaProjects\idims\venv\lib\site-packages\fastapi\middleware\asyncexitstack.py", line 17, in __call__
    await self.app(scope, receive, send)
  File "C:\Users\chee3\IdeaProjects\idims\venv\lib\site-packages\starlette\routing.py", line 718, in __call__
    await route.handle(scope, receive, send)
  File "C:\Users\chee3\IdeaProjects\idims\venv\lib\site-packages\starlette\routing.py", line 276, in handle
    await self.app(scope, receive, send)
  File "C:\Users\chee3\IdeaProjects\idims\venv\lib\site-packages\starlette\routing.py", line 66, in app
    response = await func(request)
  File "C:\Users\chee3\IdeaProjects\idims\venv\lib\site-packages\fastapi\routing.py", line 291, in app
    content = await serialize_response(
  File "C:\Users\chee3\IdeaProjects\idims\venv\lib\site-packages\fastapi\routing.py", line 179, in serialize_response
    return jsonable_encoder(response_content)
  File "C:\Users\chee3\IdeaProjects\idims\venv\lib\site-packages\fastapi\encoders.py", line 238, in jsonable_encoder
    raise ValueError(errors) from e
ValueError: [TypeError("'coroutine' object is not iterable"), TypeError('vars() argument must have __dict__ attribute')]
2025-03-23 22:26:32 - app.core.middleware - ERROR - Unhandled error in request 671e4a88-800e-4fee-b768-02d47c42b810
Traceback (most recent call last):
  File "C:\Users\chee3\IdeaProjects\idims\venv\lib\site-packages\fastapi\encoders.py", line 230, in jsonable_encoder
    data = dict(obj)
TypeError: 'coroutine' object is not iterable

During handling of the above exception, another exception occurred:

Traceback (most recent call last):
  File "C:\Users\chee3\IdeaProjects\idims\venv\lib\site-packages\fastapi\encoders.py", line 235, in jsonable_encoder
    data = vars(obj)
TypeError: vars() argument must have __dict__ attribute

The above exception was the direct cause of the following exception:

Traceback (most recent call last):
  File "C:\Users\chee3\IdeaProjects\idims\backend\app\core\middleware.py", line 62, in dispatch
    response = await call_next(request)
  File "C:\Users\chee3\IdeaProjects\idims\venv\lib\site-packages\starlette\middleware\base.py", line 84, in call_next
    raise app_exc
  File "C:\Users\chee3\IdeaProjects\idims\venv\lib\site-packages\starlette\middleware\base.py", line 70, in coro
    await self.app(scope, receive_or_disconnect, send_no_error)
  File "C:\Users\chee3\IdeaProjects\idims\venv\lib\site-packages\starlette\middleware\base.py", line 108, in __call__
    response = await self.dispatch_func(request, call_next)
  File "C:\Users\chee3\IdeaProjects\idims\backend\app\core\middleware.py", line 136, in dispatch
    response = await call_next(request)
  File "C:\Users\chee3\IdeaProjects\idims\venv\lib\site-packages\starlette\middleware\base.py", line 84, in call_next
    raise app_exc
  File "C:\Users\chee3\IdeaProjects\idims\venv\lib\site-packages\starlette\middleware\base.py", line 70, in coro
    await self.app(scope, receive_or_disconnect, send_no_error)
  File "C:\Users\chee3\IdeaProjects\idims\venv\lib\site-packages\starlette\middleware\cors.py", line 91, in __call__
    await self.simple_response(scope, receive, send, request_headers=headers)
  File "C:\Users\chee3\IdeaProjects\idims\venv\lib\site-packages\starlette\middleware\cors.py", line 146, in simple_response
    await self.app(scope, receive, send)
  File "C:\Users\chee3\IdeaProjects\idims\venv\lib\site-packages\starlette\middleware\exceptions.py", line 79, in __call__
    raise exc
  File "C:\Users\chee3\IdeaProjects\idims\venv\lib\site-packages\starlette\middleware\exceptions.py", line 68, in __call__
    await self.app(scope, receive, sender)
  File "C:\Users\chee3\IdeaProjects\idims\venv\lib\site-packages\fastapi\middleware\asyncexitstack.py", line 20, in __call__
    raise e
  File "C:\Users\chee3\IdeaProjects\idims\venv\lib\site-packages\fastapi\middleware\asyncexitstack.py", line 17, in __call__
    await self.app(scope, receive, send)
  File "C:\Users\chee3\IdeaProjects\idims\venv\lib\site-packages\starlette\routing.py", line 718, in __call__
    await route.handle(scope, receive, send)
  File "C:\Users\chee3\IdeaProjects\idims\venv\lib\site-packages\starlette\routing.py", line 276, in handle
    await self.app(scope, receive, send)
  File "C:\Users\chee3\IdeaProjects\idims\venv\lib\site-packages\starlette\routing.py", line 66, in app
    response = await func(request)
  File "C:\Users\chee3\IdeaProjects\idims\venv\lib\site-packages\fastapi\routing.py", line 291, in app
    content = await serialize_response(
  File "C:\Users\chee3\IdeaProjects\idims\venv\lib\site-packages\fastapi\routing.py", line 179, in serialize_response
    return jsonable_encoder(response_content)
  File "C:\Users\chee3\IdeaProjects\idims\venv\lib\site-packages\fastapi\encoders.py", line 238, in jsonable_encoder
    raise ValueError(errors) from e
ValueError: [TypeError("'coroutine' object is not iterable"), TypeError('vars() argument must have __dict__ attribute')]
2025-03-23 22:26:32 - app.core.middleware - ERROR - Unhandled error in request 931333b7-a15b-43fa-8b85-281395e713c0
Traceback (most recent call last):
  File "C:\Users\chee3\IdeaProjects\idims\venv\lib\site-packages\fastapi\encoders.py", line 230, in jsonable_encoder
    data = dict(obj)
TypeError: 'coroutine' object is not iterable

During handling of the above exception, another exception occurred:

Traceback (most recent call last):
  File "C:\Users\chee3\IdeaProjects\idims\venv\lib\site-packages\fastapi\encoders.py", line 235, in jsonable_encoder
    data = vars(obj)
TypeError: vars() argument must have __dict__ attribute

The above exception was the direct cause of the following exception:

Traceback (most recent call last):
  File "C:\Users\chee3\IdeaProjects\idims\backend\app\core\middleware.py", line 62, in dispatch
    response = await call_next(request)
  File "C:\Users\chee3\IdeaProjects\idims\venv\lib\site-packages\starlette\middleware\base.py", line 84, in call_next
    raise app_exc
  File "C:\Users\chee3\IdeaProjects\idims\venv\lib\site-packages\starlette\middleware\base.py", line 70, in coro
    await self.app(scope, receive_or_disconnect, send_no_error)
  File "C:\Users\chee3\IdeaProjects\idims\venv\lib\site-packages\starlette\middleware\base.py", line 108, in __call__
    response = await self.dispatch_func(request, call_next)
  File "C:\Users\chee3\IdeaProjects\idims\backend\app\core\middleware.py", line 136, in dispatch
    response = await call_next(request)
  File "C:\Users\chee3\IdeaProjects\idims\venv\lib\site-packages\starlette\middleware\base.py", line 84, in call_next
    raise app_exc
  File "C:\Users\chee3\IdeaProjects\idims\venv\lib\site-packages\starlette\middleware\base.py", line 70, in coro
    await self.app(scope, receive_or_disconnect, send_no_error)
  File "C:\Users\chee3\IdeaProjects\idims\venv\lib\site-packages\starlette\middleware\cors.py", line 91, in __call__
    await self.simple_response(scope, receive, send, request_headers=headers)
  File "C:\Users\chee3\IdeaProjects\idims\venv\lib\site-packages\starlette\middleware\cors.py", line 146, in simple_response
    await self.app(scope, receive, send)
  File "C:\Users\chee3\IdeaProjects\idims\venv\lib\site-packages\starlette\middleware\exceptions.py", line 79, in __call__
    raise exc
  File "C:\Users\chee3\IdeaProjects\idims\venv\lib\site-packages\starlette\middleware\exceptions.py", line 68, in __call__
    await self.app(scope, receive, sender)
  File "C:\Users\chee3\IdeaProjects\idims\venv\lib\site-packages\fastapi\middleware\asyncexitstack.py", line 20, in __call__
    raise e
  File "C:\Users\chee3\IdeaProjects\idims\venv\lib\site-packages\fastapi\middleware\asyncexitstack.py", line 17, in __call__
    await self.app(scope, receive, send)
  File "C:\Users\chee3\IdeaProjects\idims\venv\lib\site-packages\starlette\routing.py", line 718, in __call__
    await route.handle(scope, receive, send)
  File "C:\Users\chee3\IdeaProjects\idims\venv\lib\site-packages\starlette\routing.py", line 276, in handle
    await self.app(scope, receive, send)
  File "C:\Users\chee3\IdeaProjects\idims\venv\lib\site-packages\starlette\routing.py", line 66, in app
    response = await func(request)
  File "C:\Users\chee3\IdeaProjects\idims\venv\lib\site-packages\fastapi\routing.py", line 291, in app
    content = await serialize_response(
  File "C:\Users\chee3\IdeaProjects\idims\venv\lib\site-packages\fastapi\routing.py", line 179, in serialize_response
    return jsonable_encoder(response_content)
  File "C:\Users\chee3\IdeaProjects\idims\venv\lib\site-packages\fastapi\encoders.py", line 238, in jsonable_encoder
    raise ValueError(errors) from e
ValueError: [TypeError("'coroutine' object is not iterable"), TypeError('vars() argument must have __dict__ attribute')]
2025-03-23 22:26:32 - app.core.middleware - ERROR - Unhandled error in request 9ec027e5-c170-466c-a387-04a4fcf95592
Traceback (most recent call last):
  File "C:\Users\chee3\IdeaProjects\idims\venv\lib\site-packages\fastapi\encoders.py", line 230, in jsonable_encoder
    data = dict(obj)
TypeError: 'coroutine' object is not iterable

During handling of the above exception, another exception occurred:

Traceback (most recent call last):
  File "C:\Users\chee3\IdeaProjects\idims\venv\lib\site-packages\fastapi\encoders.py", line 235, in jsonable_encoder
    data = vars(obj)
TypeError: vars() argument must have __dict__ attribute

The above exception was the direct cause of the following exception:

Traceback (most recent call last):
  File "C:\Users\chee3\IdeaProjects\idims\backend\app\core\middleware.py", line 62, in dispatch
    response = await call_next(request)
  File "C:\Users\chee3\IdeaProjects\idims\venv\lib\site-packages\starlette\middleware\base.py", line 84, in call_next
    raise app_exc
  File "C:\Users\chee3\IdeaProjects\idims\venv\lib\site-packages\starlette\middleware\base.py", line 70, in coro
    await self.app(scope, receive_or_disconnect, send_no_error)
  File "C:\Users\chee3\IdeaProjects\idims\venv\lib\site-packages\starlette\middleware\base.py", line 108, in __call__
    response = await self.dispatch_func(request, call_next)
  File "C:\Users\chee3\IdeaProjects\idims\backend\app\core\middleware.py", line 136, in dispatch
    response = await call_next(request)
  File "C:\Users\chee3\IdeaProjects\idims\venv\lib\site-packages\starlette\middleware\base.py", line 84, in call_next
    raise app_exc
  File "C:\Users\chee3\IdeaProjects\idims\venv\lib\site-packages\starlette\middleware\base.py", line 70, in coro
    await self.app(scope, receive_or_disconnect, send_no_error)
  File "C:\Users\chee3\IdeaProjects\idims\venv\lib\site-packages\starlette\middleware\cors.py", line 91, in __call__
    await self.simple_response(scope, receive, send, request_headers=headers)
  File "C:\Users\chee3\IdeaProjects\idims\venv\lib\site-packages\starlette\middleware\cors.py", line 146, in simple_response
    await self.app(scope, receive, send)
  File "C:\Users\chee3\IdeaProjects\idims\venv\lib\site-packages\starlette\middleware\exceptions.py", line 79, in __call__
    raise exc
  File "C:\Users\chee3\IdeaProjects\idims\venv\lib\site-packages\starlette\middleware\exceptions.py", line 68, in __call__
    await self.app(scope, receive, sender)
  File "C:\Users\chee3\IdeaProjects\idims\venv\lib\site-packages\fastapi\middleware\asyncexitstack.py", line 20, in __call__
    raise e
  File "C:\Users\chee3\IdeaProjects\idims\venv\lib\site-packages\fastapi\middleware\asyncexitstack.py", line 17, in __call__
    await self.app(scope, receive, send)
  File "C:\Users\chee3\IdeaProjects\idims\venv\lib\site-packages\starlette\routing.py", line 718, in __call__
    await route.handle(scope, receive, send)
  File "C:\Users\chee3\IdeaProjects\idims\venv\lib\site-packages\starlette\routing.py", line 276, in handle
    await self.app(scope, receive, send)
  File "C:\Users\chee3\IdeaProjects\idims\venv\lib\site-packages\starlette\routing.py", line 66, in app
    response = await func(request)
  File "C:\Users\chee3\IdeaProjects\idims\venv\lib\site-packages\fastapi\routing.py", line 291, in app
    content = await serialize_response(
  File "C:\Users\chee3\IdeaProjects\idims\venv\lib\site-packages\fastapi\routing.py", line 179, in serialize_response
    return jsonable_encoder(response_content)
  File "C:\Users\chee3\IdeaProjects\idims\venv\lib\site-packages\fastapi\encoders.py", line 238, in jsonable_encoder
    raise ValueError(errors) from e
ValueError: [TypeError("'coroutine' object is not iterable"), TypeError('vars() argument must have __dict__ attribute')]
2025-03-23 22:35:24 - app.services.dashboard_service - ERROR - Error getting dashboard stats: type object 'Invoice' has no attribute 'total'
2025-03-23 22:35:24 - app.routers.dashboard - ERROR - Error getting dashboard stats: type object 'Invoice' has no attribute 'total'
Traceback (most recent call last):
  File "C:\Users\chee3\IdeaProjects\idims\backend\app\routers\dashboard.py", line 79, in get_dashboard_stats
    stats = await DashboardService.get_dashboard_stats(db)
  File "C:\Users\chee3\IdeaProjects\idims\backend\app\services\dashboard_service.py", line 122, in get_dashboard_stats
    raise e
  File "C:\Users\chee3\IdeaProjects\idims\backend\app\services\dashboard_service.py", line 74, in get_dashboard_stats
    outstanding_amount = db.query(func.sum(Invoice.total)).filter(
AttributeError: type object 'Invoice' has no attribute 'total'
2025-03-23 22:36:08 - app.services.dashboard_service - ERROR - Error getting dashboard stats: type object 'Invoice' has no attribute 'total'
2025-03-23 22:36:08 - app.routers.dashboard - ERROR - Error getting dashboard stats: type object 'Invoice' has no attribute 'total'
Traceback (most recent call last):
  File "C:\Users\chee3\IdeaProjects\idims\backend\app\routers\dashboard.py", line 79, in get_dashboard_stats
    stats = await DashboardService.get_dashboard_stats(db)
  File "C:\Users\chee3\IdeaProjects\idims\backend\app\services\dashboard_service.py", line 122, in get_dashboard_stats
    raise e
  File "C:\Users\chee3\IdeaProjects\idims\backend\app\services\dashboard_service.py", line 74, in get_dashboard_stats
    outstanding_amount = db.query(func.sum(Invoice.total)).filter(
AttributeError: type object 'Invoice' has no attribute 'total'
2025-03-23 22:36:08 - app.services.dashboard_service - ERROR - Error getting dashboard stats: type object 'Invoice' has no attribute 'total'
2025-03-23 22:36:08 - app.routers.dashboard - ERROR - Error getting dashboard stats: type object 'Invoice' has no attribute 'total'
Traceback (most recent call last):
  File "C:\Users\chee3\IdeaProjects\idims\backend\app\routers\dashboard.py", line 79, in get_dashboard_stats
    stats = await DashboardService.get_dashboard_stats(db)
  File "C:\Users\chee3\IdeaProjects\idims\backend\app\services\dashboard_service.py", line 122, in get_dashboard_stats
    raise e
  File "C:\Users\chee3\IdeaProjects\idims\backend\app\services\dashboard_service.py", line 74, in get_dashboard_stats
    outstanding_amount = db.query(func.sum(Invoice.total)).filter(
AttributeError: type object 'Invoice' has no attribute 'total'
2025-03-23 22:37:08 - app.services.dashboard_service - ERROR - Error getting dashboard stats: type object 'Invoice' has no attribute 'total'
2025-03-23 22:37:08 - app.routers.dashboard - ERROR - Error getting dashboard stats: type object 'Invoice' has no attribute 'total'
Traceback (most recent call last):
  File "C:\Users\chee3\IdeaProjects\idims\backend\app\routers\dashboard.py", line 79, in get_dashboard_stats
    stats = await DashboardService.get_dashboard_stats(db)
  File "C:\Users\chee3\IdeaProjects\idims\backend\app\services\dashboard_service.py", line 122, in get_dashboard_stats
    raise e
  File "C:\Users\chee3\IdeaProjects\idims\backend\app\services\dashboard_service.py", line 74, in get_dashboard_stats
    outstanding_amount = db.query(func.sum(Invoice.total)).filter(
AttributeError: type object 'Invoice' has no attribute 'total'
2025-03-23 22:37:08 - app.services.dashboard_service - ERROR - Error getting dashboard stats: type object 'Invoice' has no attribute 'total'
2025-03-23 22:37:08 - app.routers.dashboard - ERROR - Error getting dashboard stats: type object 'Invoice' has no attribute 'total'
Traceback (most recent call last):
  File "C:\Users\chee3\IdeaProjects\idims\backend\app\routers\dashboard.py", line 79, in get_dashboard_stats
    stats = await DashboardService.get_dashboard_stats(db)
  File "C:\Users\chee3\IdeaProjects\idims\backend\app\services\dashboard_service.py", line 122, in get_dashboard_stats
    raise e
  File "C:\Users\chee3\IdeaProjects\idims\backend\app\services\dashboard_service.py", line 74, in get_dashboard_stats
    outstanding_amount = db.query(func.sum(Invoice.total)).filter(
AttributeError: type object 'Invoice' has no attribute 'total'
2025-03-23 22:42:21 - app.services.dashboard_service - ERROR - Error getting dashboard stats: (psycopg2.errors.UndefinedColumn) column invoices.total_amount does not exist
LINE 1: SELECT sum(invoices.total_amount) AS sum_1 
                   ^

[SQL: SELECT sum(invoices.total_amount) AS sum_1 
FROM invoices 
WHERE invoices.status IN (%(status_1_1)s, %(status_1_2)s)]
[parameters: {'status_1_1': 'pending', 'status_1_2': 'overdue'}]
(Background on this error at: https://sqlalche.me/e/20/f405)
2025-03-23 22:42:21 - app.routers.dashboard - ERROR - Error getting dashboard stats: (psycopg2.errors.UndefinedColumn) column invoices.total_amount does not exist
LINE 1: SELECT sum(invoices.total_amount) AS sum_1 
                   ^

[SQL: SELECT sum(invoices.total_amount) AS sum_1 
FROM invoices 
WHERE invoices.status IN (%(status_1_1)s, %(status_1_2)s)]
[parameters: {'status_1_1': 'pending', 'status_1_2': 'overdue'}]
(Background on this error at: https://sqlalche.me/e/20/f405)
Traceback (most recent call last):
  File "C:\Users\chee3\IdeaProjects\idims\venv\lib\site-packages\sqlalchemy\engine\base.py", line 1965, in _exec_single_context
    self.dialect.do_execute(
  File "C:\Users\chee3\IdeaProjects\idims\venv\lib\site-packages\sqlalchemy\engine\default.py", line 921, in do_execute
    cursor.execute(statement, parameters)
psycopg2.errors.UndefinedColumn: column invoices.total_amount does not exist
LINE 1: SELECT sum(invoices.total_amount) AS sum_1 
                   ^


The above exception was the direct cause of the following exception:

Traceback (most recent call last):
  File "C:\Users\chee3\IdeaProjects\idims\backend\app\routers\dashboard.py", line 79, in get_dashboard_stats
    stats = await DashboardService.get_dashboard_stats(db)
  File "C:\Users\chee3\IdeaProjects\idims\backend\app\services\dashboard_service.py", line 122, in get_dashboard_stats
    raise e
  File "C:\Users\chee3\IdeaProjects\idims\backend\app\services\dashboard_service.py", line 74, in get_dashboard_stats
    outstanding_amount = db.query(func.sum(Invoice.total_amount)).filter(
  File "C:\Users\chee3\IdeaProjects\idims\venv\lib\site-packages\sqlalchemy\orm\query.py", line 2820, in scalar
    ret = self.one()
  File "C:\Users\chee3\IdeaProjects\idims\venv\lib\site-packages\sqlalchemy\orm\query.py", line 2793, in one
    return self._iter().one()  # type: ignore
  File "C:\Users\chee3\IdeaProjects\idims\venv\lib\site-packages\sqlalchemy\orm\query.py", line 2842, in _iter
    result: Union[ScalarResult[_T], Result[_T]] = self.session.execute(
  File "C:\Users\chee3\IdeaProjects\idims\venv\lib\site-packages\sqlalchemy\orm\session.py", line 2262, in execute
    return self._execute_internal(
  File "C:\Users\chee3\IdeaProjects\idims\venv\lib\site-packages\sqlalchemy\orm\session.py", line 2144, in _execute_internal
    result: Result[Any] = compile_state_cls.orm_execute_statement(
  File "C:\Users\chee3\IdeaProjects\idims\venv\lib\site-packages\sqlalchemy\orm\context.py", line 293, in orm_execute_statement
    result = conn.execute(
  File "C:\Users\chee3\IdeaProjects\idims\venv\lib\site-packages\sqlalchemy\engine\base.py", line 1412, in execute
    return meth(
  File "C:\Users\chee3\IdeaProjects\idims\venv\lib\site-packages\sqlalchemy\sql\elements.py", line 515, in _execute_on_connection
    return connection._execute_clauseelement(
  File "C:\Users\chee3\IdeaProjects\idims\venv\lib\site-packages\sqlalchemy\engine\base.py", line 1635, in _execute_clauseelement
    ret = self._execute_context(
  File "C:\Users\chee3\IdeaProjects\idims\venv\lib\site-packages\sqlalchemy\engine\base.py", line 1844, in _execute_context
    return self._exec_single_context(
  File "C:\Users\chee3\IdeaProjects\idims\venv\lib\site-packages\sqlalchemy\engine\base.py", line 1984, in _exec_single_context
    self._handle_dbapi_exception(
  File "C:\Users\chee3\IdeaProjects\idims\venv\lib\site-packages\sqlalchemy\engine\base.py", line 2339, in _handle_dbapi_exception
    raise sqlalchemy_exception.with_traceback(exc_info[2]) from e
  File "C:\Users\chee3\IdeaProjects\idims\venv\lib\site-packages\sqlalchemy\engine\base.py", line 1965, in _exec_single_context
    self.dialect.do_execute(
  File "C:\Users\chee3\IdeaProjects\idims\venv\lib\site-packages\sqlalchemy\engine\default.py", line 921, in do_execute
    cursor.execute(statement, parameters)
sqlalchemy.exc.ProgrammingError: (psycopg2.errors.UndefinedColumn) column invoices.total_amount does not exist
LINE 1: SELECT sum(invoices.total_amount) AS sum_1 
                   ^

[SQL: SELECT sum(invoices.total_amount) AS sum_1 
FROM invoices 
WHERE invoices.status IN (%(status_1_1)s, %(status_1_2)s)]
[parameters: {'status_1_1': 'pending', 'status_1_2': 'overdue'}]
(Background on this error at: https://sqlalche.me/e/20/f405)
2025-03-23 22:42:21 - app.services.dashboard_service - ERROR - Error getting dashboard stats: (psycopg2.errors.UndefinedColumn) column invoices.total_amount does not exist
LINE 1: SELECT sum(invoices.total_amount) AS sum_1 
                   ^

[SQL: SELECT sum(invoices.total_amount) AS sum_1 
FROM invoices 
WHERE invoices.status IN (%(status_1_1)s, %(status_1_2)s)]
[parameters: {'status_1_1': 'pending', 'status_1_2': 'overdue'}]
(Background on this error at: https://sqlalche.me/e/20/f405)
2025-03-23 22:42:21 - app.routers.dashboard - ERROR - Error getting dashboard stats: (psycopg2.errors.UndefinedColumn) column invoices.total_amount does not exist
LINE 1: SELECT sum(invoices.total_amount) AS sum_1 
                   ^

[SQL: SELECT sum(invoices.total_amount) AS sum_1 
FROM invoices 
WHERE invoices.status IN (%(status_1_1)s, %(status_1_2)s)]
[parameters: {'status_1_1': 'pending', 'status_1_2': 'overdue'}]
(Background on this error at: https://sqlalche.me/e/20/f405)
Traceback (most recent call last):
  File "C:\Users\chee3\IdeaProjects\idims\venv\lib\site-packages\sqlalchemy\engine\base.py", line 1965, in _exec_single_context
    self.dialect.do_execute(
  File "C:\Users\chee3\IdeaProjects\idims\venv\lib\site-packages\sqlalchemy\engine\default.py", line 921, in do_execute
    cursor.execute(statement, parameters)
psycopg2.errors.UndefinedColumn: column invoices.total_amount does not exist
LINE 1: SELECT sum(invoices.total_amount) AS sum_1 
                   ^


The above exception was the direct cause of the following exception:

Traceback (most recent call last):
  File "C:\Users\chee3\IdeaProjects\idims\backend\app\routers\dashboard.py", line 79, in get_dashboard_stats
    stats = await DashboardService.get_dashboard_stats(db)
  File "C:\Users\chee3\IdeaProjects\idims\backend\app\services\dashboard_service.py", line 122, in get_dashboard_stats
    raise e
  File "C:\Users\chee3\IdeaProjects\idims\backend\app\services\dashboard_service.py", line 74, in get_dashboard_stats
    outstanding_amount = db.query(func.sum(Invoice.total_amount)).filter(
  File "C:\Users\chee3\IdeaProjects\idims\venv\lib\site-packages\sqlalchemy\orm\query.py", line 2820, in scalar
    ret = self.one()
  File "C:\Users\chee3\IdeaProjects\idims\venv\lib\site-packages\sqlalchemy\orm\query.py", line 2793, in one
    return self._iter().one()  # type: ignore
  File "C:\Users\chee3\IdeaProjects\idims\venv\lib\site-packages\sqlalchemy\orm\query.py", line 2842, in _iter
    result: Union[ScalarResult[_T], Result[_T]] = self.session.execute(
  File "C:\Users\chee3\IdeaProjects\idims\venv\lib\site-packages\sqlalchemy\orm\session.py", line 2262, in execute
    return self._execute_internal(
  File "C:\Users\chee3\IdeaProjects\idims\venv\lib\site-packages\sqlalchemy\orm\session.py", line 2144, in _execute_internal
    result: Result[Any] = compile_state_cls.orm_execute_statement(
  File "C:\Users\chee3\IdeaProjects\idims\venv\lib\site-packages\sqlalchemy\orm\context.py", line 293, in orm_execute_statement
    result = conn.execute(
  File "C:\Users\chee3\IdeaProjects\idims\venv\lib\site-packages\sqlalchemy\engine\base.py", line 1412, in execute
    return meth(
  File "C:\Users\chee3\IdeaProjects\idims\venv\lib\site-packages\sqlalchemy\sql\elements.py", line 515, in _execute_on_connection
    return connection._execute_clauseelement(
  File "C:\Users\chee3\IdeaProjects\idims\venv\lib\site-packages\sqlalchemy\engine\base.py", line 1635, in _execute_clauseelement
    ret = self._execute_context(
  File "C:\Users\chee3\IdeaProjects\idims\venv\lib\site-packages\sqlalchemy\engine\base.py", line 1844, in _execute_context
    return self._exec_single_context(
  File "C:\Users\chee3\IdeaProjects\idims\venv\lib\site-packages\sqlalchemy\engine\base.py", line 1984, in _exec_single_context
    self._handle_dbapi_exception(
  File "C:\Users\chee3\IdeaProjects\idims\venv\lib\site-packages\sqlalchemy\engine\base.py", line 2339, in _handle_dbapi_exception
    raise sqlalchemy_exception.with_traceback(exc_info[2]) from e
  File "C:\Users\chee3\IdeaProjects\idims\venv\lib\site-packages\sqlalchemy\engine\base.py", line 1965, in _exec_single_context
    self.dialect.do_execute(
  File "C:\Users\chee3\IdeaProjects\idims\venv\lib\site-packages\sqlalchemy\engine\default.py", line 921, in do_execute
    cursor.execute(statement, parameters)
sqlalchemy.exc.ProgrammingError: (psycopg2.errors.UndefinedColumn) column invoices.total_amount does not exist
LINE 1: SELECT sum(invoices.total_amount) AS sum_1 
                   ^

[SQL: SELECT sum(invoices.total_amount) AS sum_1 
FROM invoices 
WHERE invoices.status IN (%(status_1_1)s, %(status_1_2)s)]
[parameters: {'status_1_1': 'pending', 'status_1_2': 'overdue'}]
(Background on this error at: https://sqlalche.me/e/20/f405)
2025-03-23 22:46:05 - app.services.dashboard_service - ERROR - Error getting dashboard stats: (psycopg2.errors.UndefinedColumn) column invoices.total_amount does not exist
LINE 1: SELECT sum(invoices.total_amount) AS sum_1 
                   ^

[SQL: SELECT sum(invoices.total_amount) AS sum_1 
FROM invoices 
WHERE invoices.status IN (%(status_1_1)s, %(status_1_2)s)]
[parameters: {'status_1_1': 'pending', 'status_1_2': 'overdue'}]
(Background on this error at: https://sqlalche.me/e/20/f405)
2025-03-23 22:46:05 - app.routers.dashboard - ERROR - Error getting dashboard stats: (psycopg2.errors.UndefinedColumn) column invoices.total_amount does not exist
LINE 1: SELECT sum(invoices.total_amount) AS sum_1 
                   ^

[SQL: SELECT sum(invoices.total_amount) AS sum_1 
FROM invoices 
WHERE invoices.status IN (%(status_1_1)s, %(status_1_2)s)]
[parameters: {'status_1_1': 'pending', 'status_1_2': 'overdue'}]
(Background on this error at: https://sqlalche.me/e/20/f405)
Traceback (most recent call last):
  File "C:\Users\chee3\IdeaProjects\idims\venv\lib\site-packages\sqlalchemy\engine\base.py", line 1965, in _exec_single_context
    self.dialect.do_execute(
  File "C:\Users\chee3\IdeaProjects\idims\venv\lib\site-packages\sqlalchemy\engine\default.py", line 921, in do_execute
    cursor.execute(statement, parameters)
psycopg2.errors.UndefinedColumn: column invoices.total_amount does not exist
LINE 1: SELECT sum(invoices.total_amount) AS sum_1 
                   ^


The above exception was the direct cause of the following exception:

Traceback (most recent call last):
  File "C:\Users\chee3\IdeaProjects\idims\backend\app\routers\dashboard.py", line 79, in get_dashboard_stats
    stats = await DashboardService.get_dashboard_stats(db)
  File "C:\Users\chee3\IdeaProjects\idims\backend\app\services\dashboard_service.py", line 122, in get_dashboard_stats
    raise e
  File "C:\Users\chee3\IdeaProjects\idims\backend\app\services\dashboard_service.py", line 74, in get_dashboard_stats
    outstanding_amount = db.query(func.sum(Invoice.total_amount)).filter(
  File "C:\Users\chee3\IdeaProjects\idims\venv\lib\site-packages\sqlalchemy\orm\query.py", line 2820, in scalar
    ret = self.one()
  File "C:\Users\chee3\IdeaProjects\idims\venv\lib\site-packages\sqlalchemy\orm\query.py", line 2793, in one
    return self._iter().one()  # type: ignore
  File "C:\Users\chee3\IdeaProjects\idims\venv\lib\site-packages\sqlalchemy\orm\query.py", line 2842, in _iter
    result: Union[ScalarResult[_T], Result[_T]] = self.session.execute(
  File "C:\Users\chee3\IdeaProjects\idims\venv\lib\site-packages\sqlalchemy\orm\session.py", line 2262, in execute
    return self._execute_internal(
  File "C:\Users\chee3\IdeaProjects\idims\venv\lib\site-packages\sqlalchemy\orm\session.py", line 2144, in _execute_internal
    result: Result[Any] = compile_state_cls.orm_execute_statement(
  File "C:\Users\chee3\IdeaProjects\idims\venv\lib\site-packages\sqlalchemy\orm\context.py", line 293, in orm_execute_statement
    result = conn.execute(
  File "C:\Users\chee3\IdeaProjects\idims\venv\lib\site-packages\sqlalchemy\engine\base.py", line 1412, in execute
    return meth(
  File "C:\Users\chee3\IdeaProjects\idims\venv\lib\site-packages\sqlalchemy\sql\elements.py", line 515, in _execute_on_connection
    return connection._execute_clauseelement(
  File "C:\Users\chee3\IdeaProjects\idims\venv\lib\site-packages\sqlalchemy\engine\base.py", line 1635, in _execute_clauseelement
    ret = self._execute_context(
  File "C:\Users\chee3\IdeaProjects\idims\venv\lib\site-packages\sqlalchemy\engine\base.py", line 1844, in _execute_context
    return self._exec_single_context(
  File "C:\Users\chee3\IdeaProjects\idims\venv\lib\site-packages\sqlalchemy\engine\base.py", line 1984, in _exec_single_context
    self._handle_dbapi_exception(
  File "C:\Users\chee3\IdeaProjects\idims\venv\lib\site-packages\sqlalchemy\engine\base.py", line 2339, in _handle_dbapi_exception
    raise sqlalchemy_exception.with_traceback(exc_info[2]) from e
  File "C:\Users\chee3\IdeaProjects\idims\venv\lib\site-packages\sqlalchemy\engine\base.py", line 1965, in _exec_single_context
    self.dialect.do_execute(
  File "C:\Users\chee3\IdeaProjects\idims\venv\lib\site-packages\sqlalchemy\engine\default.py", line 921, in do_execute
    cursor.execute(statement, parameters)
sqlalchemy.exc.ProgrammingError: (psycopg2.errors.UndefinedColumn) column invoices.total_amount does not exist
LINE 1: SELECT sum(invoices.total_amount) AS sum_1 
                   ^

[SQL: SELECT sum(invoices.total_amount) AS sum_1 
FROM invoices 
WHERE invoices.status IN (%(status_1_1)s, %(status_1_2)s)]
[parameters: {'status_1_1': 'pending', 'status_1_2': 'overdue'}]
(Background on this error at: https://sqlalche.me/e/20/f405)
2025-03-23 22:46:05 - app.services.dashboard_service - ERROR - Error getting dashboard stats: (psycopg2.errors.UndefinedColumn) column invoices.total_amount does not exist
LINE 1: SELECT sum(invoices.total_amount) AS sum_1 
                   ^

[SQL: SELECT sum(invoices.total_amount) AS sum_1 
FROM invoices 
WHERE invoices.status IN (%(status_1_1)s, %(status_1_2)s)]
[parameters: {'status_1_1': 'pending', 'status_1_2': 'overdue'}]
(Background on this error at: https://sqlalche.me/e/20/f405)
2025-03-23 22:46:05 - app.routers.dashboard - ERROR - Error getting dashboard stats: (psycopg2.errors.UndefinedColumn) column invoices.total_amount does not exist
LINE 1: SELECT sum(invoices.total_amount) AS sum_1 
                   ^

[SQL: SELECT sum(invoices.total_amount) AS sum_1 
FROM invoices 
WHERE invoices.status IN (%(status_1_1)s, %(status_1_2)s)]
[parameters: {'status_1_1': 'pending', 'status_1_2': 'overdue'}]
(Background on this error at: https://sqlalche.me/e/20/f405)
Traceback (most recent call last):
  File "C:\Users\chee3\IdeaProjects\idims\venv\lib\site-packages\sqlalchemy\engine\base.py", line 1965, in _exec_single_context
    self.dialect.do_execute(
  File "C:\Users\chee3\IdeaProjects\idims\venv\lib\site-packages\sqlalchemy\engine\default.py", line 921, in do_execute
    cursor.execute(statement, parameters)
psycopg2.errors.UndefinedColumn: column invoices.total_amount does not exist
LINE 1: SELECT sum(invoices.total_amount) AS sum_1 
                   ^


The above exception was the direct cause of the following exception:

Traceback (most recent call last):
  File "C:\Users\chee3\IdeaProjects\idims\backend\app\routers\dashboard.py", line 79, in get_dashboard_stats
    stats = await DashboardService.get_dashboard_stats(db)
  File "C:\Users\chee3\IdeaProjects\idims\backend\app\services\dashboard_service.py", line 122, in get_dashboard_stats
    raise e
  File "C:\Users\chee3\IdeaProjects\idims\backend\app\services\dashboard_service.py", line 74, in get_dashboard_stats
    outstanding_amount = db.query(func.sum(Invoice.total_amount)).filter(
  File "C:\Users\chee3\IdeaProjects\idims\venv\lib\site-packages\sqlalchemy\orm\query.py", line 2820, in scalar
    ret = self.one()
  File "C:\Users\chee3\IdeaProjects\idims\venv\lib\site-packages\sqlalchemy\orm\query.py", line 2793, in one
    return self._iter().one()  # type: ignore
  File "C:\Users\chee3\IdeaProjects\idims\venv\lib\site-packages\sqlalchemy\orm\query.py", line 2842, in _iter
    result: Union[ScalarResult[_T], Result[_T]] = self.session.execute(
  File "C:\Users\chee3\IdeaProjects\idims\venv\lib\site-packages\sqlalchemy\orm\session.py", line 2262, in execute
    return self._execute_internal(
  File "C:\Users\chee3\IdeaProjects\idims\venv\lib\site-packages\sqlalchemy\orm\session.py", line 2144, in _execute_internal
    result: Result[Any] = compile_state_cls.orm_execute_statement(
  File "C:\Users\chee3\IdeaProjects\idims\venv\lib\site-packages\sqlalchemy\orm\context.py", line 293, in orm_execute_statement
    result = conn.execute(
  File "C:\Users\chee3\IdeaProjects\idims\venv\lib\site-packages\sqlalchemy\engine\base.py", line 1412, in execute
    return meth(
  File "C:\Users\chee3\IdeaProjects\idims\venv\lib\site-packages\sqlalchemy\sql\elements.py", line 515, in _execute_on_connection
    return connection._execute_clauseelement(
  File "C:\Users\chee3\IdeaProjects\idims\venv\lib\site-packages\sqlalchemy\engine\base.py", line 1635, in _execute_clauseelement
    ret = self._execute_context(
  File "C:\Users\chee3\IdeaProjects\idims\venv\lib\site-packages\sqlalchemy\engine\base.py", line 1844, in _execute_context
    return self._exec_single_context(
  File "C:\Users\chee3\IdeaProjects\idims\venv\lib\site-packages\sqlalchemy\engine\base.py", line 1984, in _exec_single_context
    self._handle_dbapi_exception(
  File "C:\Users\chee3\IdeaProjects\idims\venv\lib\site-packages\sqlalchemy\engine\base.py", line 2339, in _handle_dbapi_exception
    raise sqlalchemy_exception.with_traceback(exc_info[2]) from e
  File "C:\Users\chee3\IdeaProjects\idims\venv\lib\site-packages\sqlalchemy\engine\base.py", line 1965, in _exec_single_context
    self.dialect.do_execute(
  File "C:\Users\chee3\IdeaProjects\idims\venv\lib\site-packages\sqlalchemy\engine\default.py", line 921, in do_execute
    cursor.execute(statement, parameters)
sqlalchemy.exc.ProgrammingError: (psycopg2.errors.UndefinedColumn) column invoices.total_amount does not exist
LINE 1: SELECT sum(invoices.total_amount) AS sum_1 
                   ^

[SQL: SELECT sum(invoices.total_amount) AS sum_1 
FROM invoices 
WHERE invoices.status IN (%(status_1_1)s, %(status_1_2)s)]
[parameters: {'status_1_1': 'pending', 'status_1_2': 'overdue'}]
(Background on this error at: https://sqlalche.me/e/20/f405)
2025-03-23 22:47:00 - app.services.dashboard_service - ERROR - Error getting dashboard stats: (psycopg2.errors.UndefinedColumn) column invoices.total_amount does not exist
LINE 1: SELECT sum(invoices.total_amount) AS sum_1 
                   ^

[SQL: SELECT sum(invoices.total_amount) AS sum_1 
FROM invoices 
WHERE invoices.status IN (%(status_1_1)s, %(status_1_2)s)]
[parameters: {'status_1_1': 'pending', 'status_1_2': 'overdue'}]
(Background on this error at: https://sqlalche.me/e/20/f405)
2025-03-23 22:47:00 - app.routers.dashboard - ERROR - Error getting dashboard stats: (psycopg2.errors.UndefinedColumn) column invoices.total_amount does not exist
LINE 1: SELECT sum(invoices.total_amount) AS sum_1 
                   ^

[SQL: SELECT sum(invoices.total_amount) AS sum_1 
FROM invoices 
WHERE invoices.status IN (%(status_1_1)s, %(status_1_2)s)]
[parameters: {'status_1_1': 'pending', 'status_1_2': 'overdue'}]
(Background on this error at: https://sqlalche.me/e/20/f405)
Traceback (most recent call last):
  File "C:\Users\chee3\IdeaProjects\idims\venv\lib\site-packages\sqlalchemy\engine\base.py", line 1965, in _exec_single_context
    self.dialect.do_execute(
  File "C:\Users\chee3\IdeaProjects\idims\venv\lib\site-packages\sqlalchemy\engine\default.py", line 921, in do_execute
    cursor.execute(statement, parameters)
psycopg2.errors.UndefinedColumn: column invoices.total_amount does not exist
LINE 1: SELECT sum(invoices.total_amount) AS sum_1 
                   ^


The above exception was the direct cause of the following exception:

Traceback (most recent call last):
  File "C:\Users\chee3\IdeaProjects\idims\backend\app\routers\dashboard.py", line 79, in get_dashboard_stats
    stats = await DashboardService.get_dashboard_stats(db)
  File "C:\Users\chee3\IdeaProjects\idims\backend\app\services\dashboard_service.py", line 122, in get_dashboard_stats
    raise e
  File "C:\Users\chee3\IdeaProjects\idims\backend\app\services\dashboard_service.py", line 74, in get_dashboard_stats
    outstanding_amount = db.query(func.sum(Invoice.total_amount)).filter(
  File "C:\Users\chee3\IdeaProjects\idims\venv\lib\site-packages\sqlalchemy\orm\query.py", line 2820, in scalar
    ret = self.one()
  File "C:\Users\chee3\IdeaProjects\idims\venv\lib\site-packages\sqlalchemy\orm\query.py", line 2793, in one
    return self._iter().one()  # type: ignore
  File "C:\Users\chee3\IdeaProjects\idims\venv\lib\site-packages\sqlalchemy\orm\query.py", line 2842, in _iter
    result: Union[ScalarResult[_T], Result[_T]] = self.session.execute(
  File "C:\Users\chee3\IdeaProjects\idims\venv\lib\site-packages\sqlalchemy\orm\session.py", line 2262, in execute
    return self._execute_internal(
  File "C:\Users\chee3\IdeaProjects\idims\venv\lib\site-packages\sqlalchemy\orm\session.py", line 2144, in _execute_internal
    result: Result[Any] = compile_state_cls.orm_execute_statement(
  File "C:\Users\chee3\IdeaProjects\idims\venv\lib\site-packages\sqlalchemy\orm\context.py", line 293, in orm_execute_statement
    result = conn.execute(
  File "C:\Users\chee3\IdeaProjects\idims\venv\lib\site-packages\sqlalchemy\engine\base.py", line 1412, in execute
    return meth(
  File "C:\Users\chee3\IdeaProjects\idims\venv\lib\site-packages\sqlalchemy\sql\elements.py", line 515, in _execute_on_connection
    return connection._execute_clauseelement(
  File "C:\Users\chee3\IdeaProjects\idims\venv\lib\site-packages\sqlalchemy\engine\base.py", line 1635, in _execute_clauseelement
    ret = self._execute_context(
  File "C:\Users\chee3\IdeaProjects\idims\venv\lib\site-packages\sqlalchemy\engine\base.py", line 1844, in _execute_context
    return self._exec_single_context(
  File "C:\Users\chee3\IdeaProjects\idims\venv\lib\site-packages\sqlalchemy\engine\base.py", line 1984, in _exec_single_context
    self._handle_dbapi_exception(
  File "C:\Users\chee3\IdeaProjects\idims\venv\lib\site-packages\sqlalchemy\engine\base.py", line 2339, in _handle_dbapi_exception
    raise sqlalchemy_exception.with_traceback(exc_info[2]) from e
  File "C:\Users\chee3\IdeaProjects\idims\venv\lib\site-packages\sqlalchemy\engine\base.py", line 1965, in _exec_single_context
    self.dialect.do_execute(
  File "C:\Users\chee3\IdeaProjects\idims\venv\lib\site-packages\sqlalchemy\engine\default.py", line 921, in do_execute
    cursor.execute(statement, parameters)
sqlalchemy.exc.ProgrammingError: (psycopg2.errors.UndefinedColumn) column invoices.total_amount does not exist
LINE 1: SELECT sum(invoices.total_amount) AS sum_1 
                   ^

[SQL: SELECT sum(invoices.total_amount) AS sum_1 
FROM invoices 
WHERE invoices.status IN (%(status_1_1)s, %(status_1_2)s)]
[parameters: {'status_1_1': 'pending', 'status_1_2': 'overdue'}]
(Background on this error at: https://sqlalche.me/e/20/f405)
2025-03-23 22:47:00 - app.services.dashboard_service - ERROR - Error getting dashboard stats: (psycopg2.errors.UndefinedColumn) column invoices.total_amount does not exist
LINE 1: SELECT sum(invoices.total_amount) AS sum_1 
                   ^

[SQL: SELECT sum(invoices.total_amount) AS sum_1 
FROM invoices 
WHERE invoices.status IN (%(status_1_1)s, %(status_1_2)s)]
[parameters: {'status_1_1': 'pending', 'status_1_2': 'overdue'}]
(Background on this error at: https://sqlalche.me/e/20/f405)
2025-03-23 22:47:00 - app.routers.dashboard - ERROR - Error getting dashboard stats: (psycopg2.errors.UndefinedColumn) column invoices.total_amount does not exist
LINE 1: SELECT sum(invoices.total_amount) AS sum_1 
                   ^

[SQL: SELECT sum(invoices.total_amount) AS sum_1 
FROM invoices 
WHERE invoices.status IN (%(status_1_1)s, %(status_1_2)s)]
[parameters: {'status_1_1': 'pending', 'status_1_2': 'overdue'}]
(Background on this error at: https://sqlalche.me/e/20/f405)
Traceback (most recent call last):
  File "C:\Users\chee3\IdeaProjects\idims\venv\lib\site-packages\sqlalchemy\engine\base.py", line 1965, in _exec_single_context
    self.dialect.do_execute(
  File "C:\Users\chee3\IdeaProjects\idims\venv\lib\site-packages\sqlalchemy\engine\default.py", line 921, in do_execute
    cursor.execute(statement, parameters)
psycopg2.errors.UndefinedColumn: column invoices.total_amount does not exist
LINE 1: SELECT sum(invoices.total_amount) AS sum_1 
                   ^


The above exception was the direct cause of the following exception:

Traceback (most recent call last):
  File "C:\Users\chee3\IdeaProjects\idims\backend\app\routers\dashboard.py", line 79, in get_dashboard_stats
    stats = await DashboardService.get_dashboard_stats(db)
  File "C:\Users\chee3\IdeaProjects\idims\backend\app\services\dashboard_service.py", line 122, in get_dashboard_stats
    raise e
  File "C:\Users\chee3\IdeaProjects\idims\backend\app\services\dashboard_service.py", line 74, in get_dashboard_stats
    outstanding_amount = db.query(func.sum(Invoice.total_amount)).filter(
  File "C:\Users\chee3\IdeaProjects\idims\venv\lib\site-packages\sqlalchemy\orm\query.py", line 2820, in scalar
    ret = self.one()
  File "C:\Users\chee3\IdeaProjects\idims\venv\lib\site-packages\sqlalchemy\orm\query.py", line 2793, in one
    return self._iter().one()  # type: ignore
  File "C:\Users\chee3\IdeaProjects\idims\venv\lib\site-packages\sqlalchemy\orm\query.py", line 2842, in _iter
    result: Union[ScalarResult[_T], Result[_T]] = self.session.execute(
  File "C:\Users\chee3\IdeaProjects\idims\venv\lib\site-packages\sqlalchemy\orm\session.py", line 2262, in execute
    return self._execute_internal(
  File "C:\Users\chee3\IdeaProjects\idims\venv\lib\site-packages\sqlalchemy\orm\session.py", line 2144, in _execute_internal
    result: Result[Any] = compile_state_cls.orm_execute_statement(
  File "C:\Users\chee3\IdeaProjects\idims\venv\lib\site-packages\sqlalchemy\orm\context.py", line 293, in orm_execute_statement
    result = conn.execute(
  File "C:\Users\chee3\IdeaProjects\idims\venv\lib\site-packages\sqlalchemy\engine\base.py", line 1412, in execute
    return meth(
  File "C:\Users\chee3\IdeaProjects\idims\venv\lib\site-packages\sqlalchemy\sql\elements.py", line 515, in _execute_on_connection
    return connection._execute_clauseelement(
  File "C:\Users\chee3\IdeaProjects\idims\venv\lib\site-packages\sqlalchemy\engine\base.py", line 1635, in _execute_clauseelement
    ret = self._execute_context(
  File "C:\Users\chee3\IdeaProjects\idims\venv\lib\site-packages\sqlalchemy\engine\base.py", line 1844, in _execute_context
    return self._exec_single_context(
  File "C:\Users\chee3\IdeaProjects\idims\venv\lib\site-packages\sqlalchemy\engine\base.py", line 1984, in _exec_single_context
    self._handle_dbapi_exception(
  File "C:\Users\chee3\IdeaProjects\idims\venv\lib\site-packages\sqlalchemy\engine\base.py", line 2339, in _handle_dbapi_exception
    raise sqlalchemy_exception.with_traceback(exc_info[2]) from e
  File "C:\Users\chee3\IdeaProjects\idims\venv\lib\site-packages\sqlalchemy\engine\base.py", line 1965, in _exec_single_context
    self.dialect.do_execute(
  File "C:\Users\chee3\IdeaProjects\idims\venv\lib\site-packages\sqlalchemy\engine\default.py", line 921, in do_execute
    cursor.execute(statement, parameters)
sqlalchemy.exc.ProgrammingError: (psycopg2.errors.UndefinedColumn) column invoices.total_amount does not exist
LINE 1: SELECT sum(invoices.total_amount) AS sum_1 
                   ^

[SQL: SELECT sum(invoices.total_amount) AS sum_1 
FROM invoices 
WHERE invoices.status IN (%(status_1_1)s, %(status_1_2)s)]
[parameters: {'status_1_1': 'pending', 'status_1_2': 'overdue'}]
(Background on this error at: https://sqlalche.me/e/20/f405)
2025-03-23 22:47:00 - app.services.dashboard_service - ERROR - Error getting dashboard stats: (psycopg2.errors.UndefinedColumn) column invoices.total_amount does not exist
LINE 1: SELECT sum(invoices.total_amount) AS sum_1 
                   ^

[SQL: SELECT sum(invoices.total_amount) AS sum_1 
FROM invoices 
WHERE invoices.status IN (%(status_1_1)s, %(status_1_2)s)]
[parameters: {'status_1_1': 'pending', 'status_1_2': 'overdue'}]
(Background on this error at: https://sqlalche.me/e/20/f405)
2025-03-23 22:47:00 - app.routers.dashboard - ERROR - Error getting dashboard stats: (psycopg2.errors.UndefinedColumn) column invoices.total_amount does not exist
LINE 1: SELECT sum(invoices.total_amount) AS sum_1 
                   ^

[SQL: SELECT sum(invoices.total_amount) AS sum_1 
FROM invoices 
WHERE invoices.status IN (%(status_1_1)s, %(status_1_2)s)]
[parameters: {'status_1_1': 'pending', 'status_1_2': 'overdue'}]
(Background on this error at: https://sqlalche.me/e/20/f405)
Traceback (most recent call last):
  File "C:\Users\chee3\IdeaProjects\idims\venv\lib\site-packages\sqlalchemy\engine\base.py", line 1965, in _exec_single_context
    self.dialect.do_execute(
  File "C:\Users\chee3\IdeaProjects\idims\venv\lib\site-packages\sqlalchemy\engine\default.py", line 921, in do_execute
    cursor.execute(statement, parameters)
psycopg2.errors.UndefinedColumn: column invoices.total_amount does not exist
LINE 1: SELECT sum(invoices.total_amount) AS sum_1 
                   ^


The above exception was the direct cause of the following exception:

Traceback (most recent call last):
  File "C:\Users\chee3\IdeaProjects\idims\backend\app\routers\dashboard.py", line 79, in get_dashboard_stats
    stats = await DashboardService.get_dashboard_stats(db)
  File "C:\Users\chee3\IdeaProjects\idims\backend\app\services\dashboard_service.py", line 122, in get_dashboard_stats
    raise e
  File "C:\Users\chee3\IdeaProjects\idims\backend\app\services\dashboard_service.py", line 74, in get_dashboard_stats
    outstanding_amount = db.query(func.sum(Invoice.total_amount)).filter(
  File "C:\Users\chee3\IdeaProjects\idims\venv\lib\site-packages\sqlalchemy\orm\query.py", line 2820, in scalar
    ret = self.one()
  File "C:\Users\chee3\IdeaProjects\idims\venv\lib\site-packages\sqlalchemy\orm\query.py", line 2793, in one
    return self._iter().one()  # type: ignore
  File "C:\Users\chee3\IdeaProjects\idims\venv\lib\site-packages\sqlalchemy\orm\query.py", line 2842, in _iter
    result: Union[ScalarResult[_T], Result[_T]] = self.session.execute(
  File "C:\Users\chee3\IdeaProjects\idims\venv\lib\site-packages\sqlalchemy\orm\session.py", line 2262, in execute
    return self._execute_internal(
  File "C:\Users\chee3\IdeaProjects\idims\venv\lib\site-packages\sqlalchemy\orm\session.py", line 2144, in _execute_internal
    result: Result[Any] = compile_state_cls.orm_execute_statement(
  File "C:\Users\chee3\IdeaProjects\idims\venv\lib\site-packages\sqlalchemy\orm\context.py", line 293, in orm_execute_statement
    result = conn.execute(
  File "C:\Users\chee3\IdeaProjects\idims\venv\lib\site-packages\sqlalchemy\engine\base.py", line 1412, in execute
    return meth(
  File "C:\Users\chee3\IdeaProjects\idims\venv\lib\site-packages\sqlalchemy\sql\elements.py", line 515, in _execute_on_connection
    return connection._execute_clauseelement(
  File "C:\Users\chee3\IdeaProjects\idims\venv\lib\site-packages\sqlalchemy\engine\base.py", line 1635, in _execute_clauseelement
    ret = self._execute_context(
  File "C:\Users\chee3\IdeaProjects\idims\venv\lib\site-packages\sqlalchemy\engine\base.py", line 1844, in _execute_context
    return self._exec_single_context(
  File "C:\Users\chee3\IdeaProjects\idims\venv\lib\site-packages\sqlalchemy\engine\base.py", line 1984, in _exec_single_context
    self._handle_dbapi_exception(
  File "C:\Users\chee3\IdeaProjects\idims\venv\lib\site-packages\sqlalchemy\engine\base.py", line 2339, in _handle_dbapi_exception
    raise sqlalchemy_exception.with_traceback(exc_info[2]) from e
  File "C:\Users\chee3\IdeaProjects\idims\venv\lib\site-packages\sqlalchemy\engine\base.py", line 1965, in _exec_single_context
    self.dialect.do_execute(
  File "C:\Users\chee3\IdeaProjects\idims\venv\lib\site-packages\sqlalchemy\engine\default.py", line 921, in do_execute
    cursor.execute(statement, parameters)
sqlalchemy.exc.ProgrammingError: (psycopg2.errors.UndefinedColumn) column invoices.total_amount does not exist
LINE 1: SELECT sum(invoices.total_amount) AS sum_1 
                   ^

[SQL: SELECT sum(invoices.total_amount) AS sum_1 
FROM invoices 
WHERE invoices.status IN (%(status_1_1)s, %(status_1_2)s)]
[parameters: {'status_1_1': 'pending', 'status_1_2': 'overdue'}]
(Background on this error at: https://sqlalche.me/e/20/f405)
2025-03-23 22:51:44 - app.services.dashboard_service - ERROR - Error getting dashboard stats: (psycopg2.ProgrammingError) can't adapt type 'property'
[SQL: SELECT sum(%(sum_2)s) AS sum_1 
FROM invoices 
WHERE invoices.status IN (%(status_1_1)s, %(status_1_2)s)]
[parameters: {'sum_2': <property object at 0x000001BF5E74E1D0>, 'status_1_1': 'pending', 'status_1_2': 'overdue'}]
(Background on this error at: https://sqlalche.me/e/20/f405)
2025-03-23 22:51:44 - app.routers.dashboard - ERROR - Error getting dashboard stats: (psycopg2.ProgrammingError) can't adapt type 'property'
[SQL: SELECT sum(%(sum_2)s) AS sum_1 
FROM invoices 
WHERE invoices.status IN (%(status_1_1)s, %(status_1_2)s)]
[parameters: {'sum_2': <property object at 0x000001BF5E74E1D0>, 'status_1_1': 'pending', 'status_1_2': 'overdue'}]
(Background on this error at: https://sqlalche.me/e/20/f405)
Traceback (most recent call last):
  File "C:\Users\chee3\IdeaProjects\idims\venv\lib\site-packages\sqlalchemy\engine\base.py", line 1965, in _exec_single_context
    self.dialect.do_execute(
  File "C:\Users\chee3\IdeaProjects\idims\venv\lib\site-packages\sqlalchemy\engine\default.py", line 921, in do_execute
    cursor.execute(statement, parameters)
psycopg2.ProgrammingError: can't adapt type 'property'

The above exception was the direct cause of the following exception:

Traceback (most recent call last):
  File "C:\Users\chee3\IdeaProjects\idims\backend\app\routers\dashboard.py", line 79, in get_dashboard_stats
    stats = await DashboardService.get_dashboard_stats(db)
  File "C:\Users\chee3\IdeaProjects\idims\backend\app\services\dashboard_service.py", line 122, in get_dashboard_stats
    raise e
  File "C:\Users\chee3\IdeaProjects\idims\backend\app\services\dashboard_service.py", line 74, in get_dashboard_stats
    outstanding_amount = db.query(func.sum(Invoice.total)).filter(
  File "C:\Users\chee3\IdeaProjects\idims\venv\lib\site-packages\sqlalchemy\orm\query.py", line 2820, in scalar
    ret = self.one()
  File "C:\Users\chee3\IdeaProjects\idims\venv\lib\site-packages\sqlalchemy\orm\query.py", line 2793, in one
    return self._iter().one()  # type: ignore
  File "C:\Users\chee3\IdeaProjects\idims\venv\lib\site-packages\sqlalchemy\orm\query.py", line 2842, in _iter
    result: Union[ScalarResult[_T], Result[_T]] = self.session.execute(
  File "C:\Users\chee3\IdeaProjects\idims\venv\lib\site-packages\sqlalchemy\orm\session.py", line 2262, in execute
    return self._execute_internal(
  File "C:\Users\chee3\IdeaProjects\idims\venv\lib\site-packages\sqlalchemy\orm\session.py", line 2144, in _execute_internal
    result: Result[Any] = compile_state_cls.orm_execute_statement(
  File "C:\Users\chee3\IdeaProjects\idims\venv\lib\site-packages\sqlalchemy\orm\context.py", line 293, in orm_execute_statement
    result = conn.execute(
  File "C:\Users\chee3\IdeaProjects\idims\venv\lib\site-packages\sqlalchemy\engine\base.py", line 1412, in execute
    return meth(
  File "C:\Users\chee3\IdeaProjects\idims\venv\lib\site-packages\sqlalchemy\sql\elements.py", line 515, in _execute_on_connection
    return connection._execute_clauseelement(
  File "C:\Users\chee3\IdeaProjects\idims\venv\lib\site-packages\sqlalchemy\engine\base.py", line 1635, in _execute_clauseelement
    ret = self._execute_context(
  File "C:\Users\chee3\IdeaProjects\idims\venv\lib\site-packages\sqlalchemy\engine\base.py", line 1844, in _execute_context
    return self._exec_single_context(
  File "C:\Users\chee3\IdeaProjects\idims\venv\lib\site-packages\sqlalchemy\engine\base.py", line 1984, in _exec_single_context
    self._handle_dbapi_exception(
  File "C:\Users\chee3\IdeaProjects\idims\venv\lib\site-packages\sqlalchemy\engine\base.py", line 2339, in _handle_dbapi_exception
    raise sqlalchemy_exception.with_traceback(exc_info[2]) from e
  File "C:\Users\chee3\IdeaProjects\idims\venv\lib\site-packages\sqlalchemy\engine\base.py", line 1965, in _exec_single_context
    self.dialect.do_execute(
  File "C:\Users\chee3\IdeaProjects\idims\venv\lib\site-packages\sqlalchemy\engine\default.py", line 921, in do_execute
    cursor.execute(statement, parameters)
sqlalchemy.exc.ProgrammingError: (psycopg2.ProgrammingError) can't adapt type 'property'
[SQL: SELECT sum(%(sum_2)s) AS sum_1 
FROM invoices 
WHERE invoices.status IN (%(status_1_1)s, %(status_1_2)s)]
[parameters: {'sum_2': <property object at 0x000001BF5E74E1D0>, 'status_1_1': 'pending', 'status_1_2': 'overdue'}]
(Background on this error at: https://sqlalche.me/e/20/f405)
2025-03-23 22:51:44 - app.services.dashboard_service - ERROR - Error getting dashboard stats: (psycopg2.ProgrammingError) can't adapt type 'property'
[SQL: SELECT sum(%(sum_2)s) AS sum_1 
FROM invoices 
WHERE invoices.status IN (%(status_1_1)s, %(status_1_2)s)]
[parameters: {'sum_2': <property object at 0x000001BF5E74E1D0>, 'status_1_1': 'pending', 'status_1_2': 'overdue'}]
(Background on this error at: https://sqlalche.me/e/20/f405)
2025-03-23 22:51:44 - app.routers.dashboard - ERROR - Error getting dashboard stats: (psycopg2.ProgrammingError) can't adapt type 'property'
[SQL: SELECT sum(%(sum_2)s) AS sum_1 
FROM invoices 
WHERE invoices.status IN (%(status_1_1)s, %(status_1_2)s)]
[parameters: {'sum_2': <property object at 0x000001BF5E74E1D0>, 'status_1_1': 'pending', 'status_1_2': 'overdue'}]
(Background on this error at: https://sqlalche.me/e/20/f405)
Traceback (most recent call last):
  File "C:\Users\chee3\IdeaProjects\idims\venv\lib\site-packages\sqlalchemy\engine\base.py", line 1965, in _exec_single_context
    self.dialect.do_execute(
  File "C:\Users\chee3\IdeaProjects\idims\venv\lib\site-packages\sqlalchemy\engine\default.py", line 921, in do_execute
    cursor.execute(statement, parameters)
psycopg2.ProgrammingError: can't adapt type 'property'

The above exception was the direct cause of the following exception:

Traceback (most recent call last):
  File "C:\Users\chee3\IdeaProjects\idims\backend\app\routers\dashboard.py", line 79, in get_dashboard_stats
    stats = await DashboardService.get_dashboard_stats(db)
  File "C:\Users\chee3\IdeaProjects\idims\backend\app\services\dashboard_service.py", line 122, in get_dashboard_stats
    raise e
  File "C:\Users\chee3\IdeaProjects\idims\backend\app\services\dashboard_service.py", line 74, in get_dashboard_stats
    outstanding_amount = db.query(func.sum(Invoice.total)).filter(
  File "C:\Users\chee3\IdeaProjects\idims\venv\lib\site-packages\sqlalchemy\orm\query.py", line 2820, in scalar
    ret = self.one()
  File "C:\Users\chee3\IdeaProjects\idims\venv\lib\site-packages\sqlalchemy\orm\query.py", line 2793, in one
    return self._iter().one()  # type: ignore
  File "C:\Users\chee3\IdeaProjects\idims\venv\lib\site-packages\sqlalchemy\orm\query.py", line 2842, in _iter
    result: Union[ScalarResult[_T], Result[_T]] = self.session.execute(
  File "C:\Users\chee3\IdeaProjects\idims\venv\lib\site-packages\sqlalchemy\orm\session.py", line 2262, in execute
    return self._execute_internal(
  File "C:\Users\chee3\IdeaProjects\idims\venv\lib\site-packages\sqlalchemy\orm\session.py", line 2144, in _execute_internal
    result: Result[Any] = compile_state_cls.orm_execute_statement(
  File "C:\Users\chee3\IdeaProjects\idims\venv\lib\site-packages\sqlalchemy\orm\context.py", line 293, in orm_execute_statement
    result = conn.execute(
  File "C:\Users\chee3\IdeaProjects\idims\venv\lib\site-packages\sqlalchemy\engine\base.py", line 1412, in execute
    return meth(
  File "C:\Users\chee3\IdeaProjects\idims\venv\lib\site-packages\sqlalchemy\sql\elements.py", line 515, in _execute_on_connection
    return connection._execute_clauseelement(
  File "C:\Users\chee3\IdeaProjects\idims\venv\lib\site-packages\sqlalchemy\engine\base.py", line 1635, in _execute_clauseelement
    ret = self._execute_context(
  File "C:\Users\chee3\IdeaProjects\idims\venv\lib\site-packages\sqlalchemy\engine\base.py", line 1844, in _execute_context
    return self._exec_single_context(
  File "C:\Users\chee3\IdeaProjects\idims\venv\lib\site-packages\sqlalchemy\engine\base.py", line 1984, in _exec_single_context
    self._handle_dbapi_exception(
  File "C:\Users\chee3\IdeaProjects\idims\venv\lib\site-packages\sqlalchemy\engine\base.py", line 2339, in _handle_dbapi_exception
    raise sqlalchemy_exception.with_traceback(exc_info[2]) from e
  File "C:\Users\chee3\IdeaProjects\idims\venv\lib\site-packages\sqlalchemy\engine\base.py", line 1965, in _exec_single_context
    self.dialect.do_execute(
  File "C:\Users\chee3\IdeaProjects\idims\venv\lib\site-packages\sqlalchemy\engine\default.py", line 921, in do_execute
    cursor.execute(statement, parameters)
sqlalchemy.exc.ProgrammingError: (psycopg2.ProgrammingError) can't adapt type 'property'
[SQL: SELECT sum(%(sum_2)s) AS sum_1 
FROM invoices 
WHERE invoices.status IN (%(status_1_1)s, %(status_1_2)s)]
[parameters: {'sum_2': <property object at 0x000001BF5E74E1D0>, 'status_1_1': 'pending', 'status_1_2': 'overdue'}]
(Background on this error at: https://sqlalche.me/e/20/f405)
2025-03-23 22:51:44 - app.services.dashboard_service - ERROR - Error getting dashboard stats: (psycopg2.ProgrammingError) can't adapt type 'property'
[SQL: SELECT sum(%(sum_2)s) AS sum_1 
FROM invoices 
WHERE invoices.status IN (%(status_1_1)s, %(status_1_2)s)]
[parameters: {'sum_2': <property object at 0x000001BF5E74E1D0>, 'status_1_1': 'pending', 'status_1_2': 'overdue'}]
(Background on this error at: https://sqlalche.me/e/20/f405)
2025-03-23 22:51:44 - app.routers.dashboard - ERROR - Error getting dashboard stats: (psycopg2.ProgrammingError) can't adapt type 'property'
[SQL: SELECT sum(%(sum_2)s) AS sum_1 
FROM invoices 
WHERE invoices.status IN (%(status_1_1)s, %(status_1_2)s)]
[parameters: {'sum_2': <property object at 0x000001BF5E74E1D0>, 'status_1_1': 'pending', 'status_1_2': 'overdue'}]
(Background on this error at: https://sqlalche.me/e/20/f405)
Traceback (most recent call last):
  File "C:\Users\chee3\IdeaProjects\idims\venv\lib\site-packages\sqlalchemy\engine\base.py", line 1965, in _exec_single_context
    self.dialect.do_execute(
  File "C:\Users\chee3\IdeaProjects\idims\venv\lib\site-packages\sqlalchemy\engine\default.py", line 921, in do_execute
    cursor.execute(statement, parameters)
psycopg2.ProgrammingError: can't adapt type 'property'

The above exception was the direct cause of the following exception:

Traceback (most recent call last):
  File "C:\Users\chee3\IdeaProjects\idims\backend\app\routers\dashboard.py", line 79, in get_dashboard_stats
    stats = await DashboardService.get_dashboard_stats(db)
  File "C:\Users\chee3\IdeaProjects\idims\backend\app\services\dashboard_service.py", line 122, in get_dashboard_stats
    raise e
  File "C:\Users\chee3\IdeaProjects\idims\backend\app\services\dashboard_service.py", line 74, in get_dashboard_stats
    outstanding_amount = db.query(func.sum(Invoice.total)).filter(
  File "C:\Users\chee3\IdeaProjects\idims\venv\lib\site-packages\sqlalchemy\orm\query.py", line 2820, in scalar
    ret = self.one()
  File "C:\Users\chee3\IdeaProjects\idims\venv\lib\site-packages\sqlalchemy\orm\query.py", line 2793, in one
    return self._iter().one()  # type: ignore
  File "C:\Users\chee3\IdeaProjects\idims\venv\lib\site-packages\sqlalchemy\orm\query.py", line 2842, in _iter
    result: Union[ScalarResult[_T], Result[_T]] = self.session.execute(
  File "C:\Users\chee3\IdeaProjects\idims\venv\lib\site-packages\sqlalchemy\orm\session.py", line 2262, in execute
    return self._execute_internal(
  File "C:\Users\chee3\IdeaProjects\idims\venv\lib\site-packages\sqlalchemy\orm\session.py", line 2144, in _execute_internal
    result: Result[Any] = compile_state_cls.orm_execute_statement(
  File "C:\Users\chee3\IdeaProjects\idims\venv\lib\site-packages\sqlalchemy\orm\context.py", line 293, in orm_execute_statement
    result = conn.execute(
  File "C:\Users\chee3\IdeaProjects\idims\venv\lib\site-packages\sqlalchemy\engine\base.py", line 1412, in execute
    return meth(
  File "C:\Users\chee3\IdeaProjects\idims\venv\lib\site-packages\sqlalchemy\sql\elements.py", line 515, in _execute_on_connection
    return connection._execute_clauseelement(
  File "C:\Users\chee3\IdeaProjects\idims\venv\lib\site-packages\sqlalchemy\engine\base.py", line 1635, in _execute_clauseelement
    ret = self._execute_context(
  File "C:\Users\chee3\IdeaProjects\idims\venv\lib\site-packages\sqlalchemy\engine\base.py", line 1844, in _execute_context
    return self._exec_single_context(
  File "C:\Users\chee3\IdeaProjects\idims\venv\lib\site-packages\sqlalchemy\engine\base.py", line 1984, in _exec_single_context
    self._handle_dbapi_exception(
  File "C:\Users\chee3\IdeaProjects\idims\venv\lib\site-packages\sqlalchemy\engine\base.py", line 2339, in _handle_dbapi_exception
    raise sqlalchemy_exception.with_traceback(exc_info[2]) from e
  File "C:\Users\chee3\IdeaProjects\idims\venv\lib\site-packages\sqlalchemy\engine\base.py", line 1965, in _exec_single_context
    self.dialect.do_execute(
  File "C:\Users\chee3\IdeaProjects\idims\venv\lib\site-packages\sqlalchemy\engine\default.py", line 921, in do_execute
    cursor.execute(statement, parameters)
sqlalchemy.exc.ProgrammingError: (psycopg2.ProgrammingError) can't adapt type 'property'
[SQL: SELECT sum(%(sum_2)s) AS sum_1 
FROM invoices 
WHERE invoices.status IN (%(status_1_1)s, %(status_1_2)s)]
[parameters: {'sum_2': <property object at 0x000001BF5E74E1D0>, 'status_1_1': 'pending', 'status_1_2': 'overdue'}]
(Background on this error at: https://sqlalche.me/e/20/f405)
2025-03-23 22:53:51 - app.services.dashboard_service - ERROR - Error getting dashboard stats: (psycopg2.errors.UndefinedColumn) column invoices.total_amount does not exist
LINE 1: SELECT sum(invoices.total_amount) AS sum_1 
                   ^

[SQL: SELECT sum(invoices.total_amount) AS sum_1 
FROM invoices 
WHERE invoices.status IN (%(status_1_1)s, %(status_1_2)s)]
[parameters: {'status_1_1': 'pending', 'status_1_2': 'overdue'}]
(Background on this error at: https://sqlalche.me/e/20/f405)
2025-03-23 22:53:51 - app.routers.dashboard - ERROR - Error getting dashboard stats: (psycopg2.errors.UndefinedColumn) column invoices.total_amount does not exist
LINE 1: SELECT sum(invoices.total_amount) AS sum_1 
                   ^

[SQL: SELECT sum(invoices.total_amount) AS sum_1 
FROM invoices 
WHERE invoices.status IN (%(status_1_1)s, %(status_1_2)s)]
[parameters: {'status_1_1': 'pending', 'status_1_2': 'overdue'}]
(Background on this error at: https://sqlalche.me/e/20/f405)
Traceback (most recent call last):
  File "C:\Users\chee3\IdeaProjects\idims\venv\lib\site-packages\sqlalchemy\engine\base.py", line 1965, in _exec_single_context
    self.dialect.do_execute(
  File "C:\Users\chee3\IdeaProjects\idims\venv\lib\site-packages\sqlalchemy\engine\default.py", line 921, in do_execute
    cursor.execute(statement, parameters)
psycopg2.errors.UndefinedColumn: column invoices.total_amount does not exist
LINE 1: SELECT sum(invoices.total_amount) AS sum_1 
                   ^


The above exception was the direct cause of the following exception:

Traceback (most recent call last):
  File "C:\Users\chee3\IdeaProjects\idims\backend\app\routers\dashboard.py", line 79, in get_dashboard_stats
    stats = await DashboardService.get_dashboard_stats(db)
  File "C:\Users\chee3\IdeaProjects\idims\backend\app\services\dashboard_service.py", line 122, in get_dashboard_stats
    raise e
  File "C:\Users\chee3\IdeaProjects\idims\backend\app\services\dashboard_service.py", line 74, in get_dashboard_stats
    outstanding_amount = db.query(func.sum(Invoice.__table__.c.total_amount)).filter(
  File "C:\Users\chee3\IdeaProjects\idims\venv\lib\site-packages\sqlalchemy\orm\query.py", line 2820, in scalar
    ret = self.one()
  File "C:\Users\chee3\IdeaProjects\idims\venv\lib\site-packages\sqlalchemy\orm\query.py", line 2793, in one
    return self._iter().one()  # type: ignore
  File "C:\Users\chee3\IdeaProjects\idims\venv\lib\site-packages\sqlalchemy\orm\query.py", line 2842, in _iter
    result: Union[ScalarResult[_T], Result[_T]] = self.session.execute(
  File "C:\Users\chee3\IdeaProjects\idims\venv\lib\site-packages\sqlalchemy\orm\session.py", line 2262, in execute
    return self._execute_internal(
  File "C:\Users\chee3\IdeaProjects\idims\venv\lib\site-packages\sqlalchemy\orm\session.py", line 2144, in _execute_internal
    result: Result[Any] = compile_state_cls.orm_execute_statement(
  File "C:\Users\chee3\IdeaProjects\idims\venv\lib\site-packages\sqlalchemy\orm\context.py", line 293, in orm_execute_statement
    result = conn.execute(
  File "C:\Users\chee3\IdeaProjects\idims\venv\lib\site-packages\sqlalchemy\engine\base.py", line 1412, in execute
    return meth(
  File "C:\Users\chee3\IdeaProjects\idims\venv\lib\site-packages\sqlalchemy\sql\elements.py", line 515, in _execute_on_connection
    return connection._execute_clauseelement(
  File "C:\Users\chee3\IdeaProjects\idims\venv\lib\site-packages\sqlalchemy\engine\base.py", line 1635, in _execute_clauseelement
    ret = self._execute_context(
  File "C:\Users\chee3\IdeaProjects\idims\venv\lib\site-packages\sqlalchemy\engine\base.py", line 1844, in _execute_context
    return self._exec_single_context(
  File "C:\Users\chee3\IdeaProjects\idims\venv\lib\site-packages\sqlalchemy\engine\base.py", line 1984, in _exec_single_context
    self._handle_dbapi_exception(
  File "C:\Users\chee3\IdeaProjects\idims\venv\lib\site-packages\sqlalchemy\engine\base.py", line 2339, in _handle_dbapi_exception
    raise sqlalchemy_exception.with_traceback(exc_info[2]) from e
  File "C:\Users\chee3\IdeaProjects\idims\venv\lib\site-packages\sqlalchemy\engine\base.py", line 1965, in _exec_single_context
    self.dialect.do_execute(
  File "C:\Users\chee3\IdeaProjects\idims\venv\lib\site-packages\sqlalchemy\engine\default.py", line 921, in do_execute
    cursor.execute(statement, parameters)
sqlalchemy.exc.ProgrammingError: (psycopg2.errors.UndefinedColumn) column invoices.total_amount does not exist
LINE 1: SELECT sum(invoices.total_amount) AS sum_1 
                   ^

[SQL: SELECT sum(invoices.total_amount) AS sum_1 
FROM invoices 
WHERE invoices.status IN (%(status_1_1)s, %(status_1_2)s)]
[parameters: {'status_1_1': 'pending', 'status_1_2': 'overdue'}]
(Background on this error at: https://sqlalche.me/e/20/f405)
2025-03-23 22:53:51 - app.services.dashboard_service - ERROR - Error getting dashboard stats: (psycopg2.errors.UndefinedColumn) column invoices.total_amount does not exist
LINE 1: SELECT sum(invoices.total_amount) AS sum_1 
                   ^

[SQL: SELECT sum(invoices.total_amount) AS sum_1 
FROM invoices 
WHERE invoices.status IN (%(status_1_1)s, %(status_1_2)s)]
[parameters: {'status_1_1': 'pending', 'status_1_2': 'overdue'}]
(Background on this error at: https://sqlalche.me/e/20/f405)
2025-03-23 22:53:51 - app.routers.dashboard - ERROR - Error getting dashboard stats: (psycopg2.errors.UndefinedColumn) column invoices.total_amount does not exist
LINE 1: SELECT sum(invoices.total_amount) AS sum_1 
                   ^

[SQL: SELECT sum(invoices.total_amount) AS sum_1 
FROM invoices 
WHERE invoices.status IN (%(status_1_1)s, %(status_1_2)s)]
[parameters: {'status_1_1': 'pending', 'status_1_2': 'overdue'}]
(Background on this error at: https://sqlalche.me/e/20/f405)
Traceback (most recent call last):
  File "C:\Users\chee3\IdeaProjects\idims\venv\lib\site-packages\sqlalchemy\engine\base.py", line 1965, in _exec_single_context
    self.dialect.do_execute(
  File "C:\Users\chee3\IdeaProjects\idims\venv\lib\site-packages\sqlalchemy\engine\default.py", line 921, in do_execute
    cursor.execute(statement, parameters)
psycopg2.errors.UndefinedColumn: column invoices.total_amount does not exist
LINE 1: SELECT sum(invoices.total_amount) AS sum_1 
                   ^


The above exception was the direct cause of the following exception:

Traceback (most recent call last):
  File "C:\Users\chee3\IdeaProjects\idims\backend\app\routers\dashboard.py", line 79, in get_dashboard_stats
    stats = await DashboardService.get_dashboard_stats(db)
  File "C:\Users\chee3\IdeaProjects\idims\backend\app\services\dashboard_service.py", line 122, in get_dashboard_stats
    raise e
  File "C:\Users\chee3\IdeaProjects\idims\backend\app\services\dashboard_service.py", line 74, in get_dashboard_stats
    outstanding_amount = db.query(func.sum(Invoice.__table__.c.total_amount)).filter(
  File "C:\Users\chee3\IdeaProjects\idims\venv\lib\site-packages\sqlalchemy\orm\query.py", line 2820, in scalar
    ret = self.one()
  File "C:\Users\chee3\IdeaProjects\idims\venv\lib\site-packages\sqlalchemy\orm\query.py", line 2793, in one
    return self._iter().one()  # type: ignore
  File "C:\Users\chee3\IdeaProjects\idims\venv\lib\site-packages\sqlalchemy\orm\query.py", line 2842, in _iter
    result: Union[ScalarResult[_T], Result[_T]] = self.session.execute(
  File "C:\Users\chee3\IdeaProjects\idims\venv\lib\site-packages\sqlalchemy\orm\session.py", line 2262, in execute
    return self._execute_internal(
  File "C:\Users\chee3\IdeaProjects\idims\venv\lib\site-packages\sqlalchemy\orm\session.py", line 2144, in _execute_internal
    result: Result[Any] = compile_state_cls.orm_execute_statement(
  File "C:\Users\chee3\IdeaProjects\idims\venv\lib\site-packages\sqlalchemy\orm\context.py", line 293, in orm_execute_statement
    result = conn.execute(
  File "C:\Users\chee3\IdeaProjects\idims\venv\lib\site-packages\sqlalchemy\engine\base.py", line 1412, in execute
    return meth(
  File "C:\Users\chee3\IdeaProjects\idims\venv\lib\site-packages\sqlalchemy\sql\elements.py", line 515, in _execute_on_connection
    return connection._execute_clauseelement(
  File "C:\Users\chee3\IdeaProjects\idims\venv\lib\site-packages\sqlalchemy\engine\base.py", line 1635, in _execute_clauseelement
    ret = self._execute_context(
  File "C:\Users\chee3\IdeaProjects\idims\venv\lib\site-packages\sqlalchemy\engine\base.py", line 1844, in _execute_context
    return self._exec_single_context(
  File "C:\Users\chee3\IdeaProjects\idims\venv\lib\site-packages\sqlalchemy\engine\base.py", line 1984, in _exec_single_context
    self._handle_dbapi_exception(
  File "C:\Users\chee3\IdeaProjects\idims\venv\lib\site-packages\sqlalchemy\engine\base.py", line 2339, in _handle_dbapi_exception
    raise sqlalchemy_exception.with_traceback(exc_info[2]) from e
  File "C:\Users\chee3\IdeaProjects\idims\venv\lib\site-packages\sqlalchemy\engine\base.py", line 1965, in _exec_single_context
    self.dialect.do_execute(
  File "C:\Users\chee3\IdeaProjects\idims\venv\lib\site-packages\sqlalchemy\engine\default.py", line 921, in do_execute
    cursor.execute(statement, parameters)
sqlalchemy.exc.ProgrammingError: (psycopg2.errors.UndefinedColumn) column invoices.total_amount does not exist
LINE 1: SELECT sum(invoices.total_amount) AS sum_1 
                   ^

[SQL: SELECT sum(invoices.total_amount) AS sum_1 
FROM invoices 
WHERE invoices.status IN (%(status_1_1)s, %(status_1_2)s)]
[parameters: {'status_1_1': 'pending', 'status_1_2': 'overdue'}]
(Background on this error at: https://sqlalche.me/e/20/f405)
2025-03-23 22:53:51 - app.services.dashboard_service - ERROR - Error getting dashboard stats: (psycopg2.errors.UndefinedColumn) column invoices.total_amount does not exist
LINE 1: SELECT sum(invoices.total_amount) AS sum_1 
                   ^

[SQL: SELECT sum(invoices.total_amount) AS sum_1 
FROM invoices 
WHERE invoices.status IN (%(status_1_1)s, %(status_1_2)s)]
[parameters: {'status_1_1': 'pending', 'status_1_2': 'overdue'}]
(Background on this error at: https://sqlalche.me/e/20/f405)
2025-03-23 22:53:51 - app.routers.dashboard - ERROR - Error getting dashboard stats: (psycopg2.errors.UndefinedColumn) column invoices.total_amount does not exist
LINE 1: SELECT sum(invoices.total_amount) AS sum_1 
                   ^

[SQL: SELECT sum(invoices.total_amount) AS sum_1 
FROM invoices 
WHERE invoices.status IN (%(status_1_1)s, %(status_1_2)s)]
[parameters: {'status_1_1': 'pending', 'status_1_2': 'overdue'}]
(Background on this error at: https://sqlalche.me/e/20/f405)
Traceback (most recent call last):
  File "C:\Users\chee3\IdeaProjects\idims\venv\lib\site-packages\sqlalchemy\engine\base.py", line 1965, in _exec_single_context
    self.dialect.do_execute(
  File "C:\Users\chee3\IdeaProjects\idims\venv\lib\site-packages\sqlalchemy\engine\default.py", line 921, in do_execute
    cursor.execute(statement, parameters)
psycopg2.errors.UndefinedColumn: column invoices.total_amount does not exist
LINE 1: SELECT sum(invoices.total_amount) AS sum_1 
                   ^


The above exception was the direct cause of the following exception:

Traceback (most recent call last):
  File "C:\Users\chee3\IdeaProjects\idims\backend\app\routers\dashboard.py", line 79, in get_dashboard_stats
    stats = await DashboardService.get_dashboard_stats(db)
  File "C:\Users\chee3\IdeaProjects\idims\backend\app\services\dashboard_service.py", line 122, in get_dashboard_stats
    raise e
  File "C:\Users\chee3\IdeaProjects\idims\backend\app\services\dashboard_service.py", line 74, in get_dashboard_stats
    outstanding_amount = db.query(func.sum(Invoice.__table__.c.total_amount)).filter(
  File "C:\Users\chee3\IdeaProjects\idims\venv\lib\site-packages\sqlalchemy\orm\query.py", line 2820, in scalar
    ret = self.one()
  File "C:\Users\chee3\IdeaProjects\idims\venv\lib\site-packages\sqlalchemy\orm\query.py", line 2793, in one
    return self._iter().one()  # type: ignore
  File "C:\Users\chee3\IdeaProjects\idims\venv\lib\site-packages\sqlalchemy\orm\query.py", line 2842, in _iter
    result: Union[ScalarResult[_T], Result[_T]] = self.session.execute(
  File "C:\Users\chee3\IdeaProjects\idims\venv\lib\site-packages\sqlalchemy\orm\session.py", line 2262, in execute
    return self._execute_internal(
  File "C:\Users\chee3\IdeaProjects\idims\venv\lib\site-packages\sqlalchemy\orm\session.py", line 2144, in _execute_internal
    result: Result[Any] = compile_state_cls.orm_execute_statement(
  File "C:\Users\chee3\IdeaProjects\idims\venv\lib\site-packages\sqlalchemy\orm\context.py", line 293, in orm_execute_statement
    result = conn.execute(
  File "C:\Users\chee3\IdeaProjects\idims\venv\lib\site-packages\sqlalchemy\engine\base.py", line 1412, in execute
    return meth(
  File "C:\Users\chee3\IdeaProjects\idims\venv\lib\site-packages\sqlalchemy\sql\elements.py", line 515, in _execute_on_connection
    return connection._execute_clauseelement(
  File "C:\Users\chee3\IdeaProjects\idims\venv\lib\site-packages\sqlalchemy\engine\base.py", line 1635, in _execute_clauseelement
    ret = self._execute_context(
  File "C:\Users\chee3\IdeaProjects\idims\venv\lib\site-packages\sqlalchemy\engine\base.py", line 1844, in _execute_context
    return self._exec_single_context(
  File "C:\Users\chee3\IdeaProjects\idims\venv\lib\site-packages\sqlalchemy\engine\base.py", line 1984, in _exec_single_context
    self._handle_dbapi_exception(
  File "C:\Users\chee3\IdeaProjects\idims\venv\lib\site-packages\sqlalchemy\engine\base.py", line 2339, in _handle_dbapi_exception
    raise sqlalchemy_exception.with_traceback(exc_info[2]) from e
  File "C:\Users\chee3\IdeaProjects\idims\venv\lib\site-packages\sqlalchemy\engine\base.py", line 1965, in _exec_single_context
    self.dialect.do_execute(
  File "C:\Users\chee3\IdeaProjects\idims\venv\lib\site-packages\sqlalchemy\engine\default.py", line 921, in do_execute
    cursor.execute(statement, parameters)
sqlalchemy.exc.ProgrammingError: (psycopg2.errors.UndefinedColumn) column invoices.total_amount does not exist
LINE 1: SELECT sum(invoices.total_amount) AS sum_1 
                   ^

[SQL: SELECT sum(invoices.total_amount) AS sum_1 
FROM invoices 
WHERE invoices.status IN (%(status_1_1)s, %(status_1_2)s)]
[parameters: {'status_1_1': 'pending', 'status_1_2': 'overdue'}]
(Background on this error at: https://sqlalche.me/e/20/f405)
2025-03-23 22:54:23 - app.services.dashboard_service - ERROR - Error getting dashboard stats: (psycopg2.errors.UndefinedColumn) column invoices.total_amount does not exist
LINE 1: SELECT sum(invoices.total_amount) AS sum_1 
                   ^

[SQL: SELECT sum(invoices.total_amount) AS sum_1 
FROM invoices 
WHERE invoices.status IN (%(status_1_1)s, %(status_1_2)s)]
[parameters: {'status_1_1': 'pending', 'status_1_2': 'overdue'}]
(Background on this error at: https://sqlalche.me/e/20/f405)
2025-03-23 22:54:23 - app.routers.dashboard - ERROR - Error getting dashboard stats: (psycopg2.errors.UndefinedColumn) column invoices.total_amount does not exist
LINE 1: SELECT sum(invoices.total_amount) AS sum_1 
                   ^

[SQL: SELECT sum(invoices.total_amount) AS sum_1 
FROM invoices 
WHERE invoices.status IN (%(status_1_1)s, %(status_1_2)s)]
[parameters: {'status_1_1': 'pending', 'status_1_2': 'overdue'}]
(Background on this error at: https://sqlalche.me/e/20/f405)
Traceback (most recent call last):
  File "C:\Users\chee3\IdeaProjects\idims\venv\lib\site-packages\sqlalchemy\engine\base.py", line 1965, in _exec_single_context
    self.dialect.do_execute(
  File "C:\Users\chee3\IdeaProjects\idims\venv\lib\site-packages\sqlalchemy\engine\default.py", line 921, in do_execute
    cursor.execute(statement, parameters)
psycopg2.errors.UndefinedColumn: column invoices.total_amount does not exist
LINE 1: SELECT sum(invoices.total_amount) AS sum_1 
                   ^


The above exception was the direct cause of the following exception:

Traceback (most recent call last):
  File "C:\Users\chee3\IdeaProjects\idims\backend\app\routers\dashboard.py", line 79, in get_dashboard_stats
    stats = await DashboardService.get_dashboard_stats(db)
  File "C:\Users\chee3\IdeaProjects\idims\backend\app\services\dashboard_service.py", line 122, in get_dashboard_stats
    raise e
  File "C:\Users\chee3\IdeaProjects\idims\backend\app\services\dashboard_service.py", line 74, in get_dashboard_stats
    outstanding_amount = db.query(func.sum(Invoice.__table__.c.total_amount)).filter(
  File "C:\Users\chee3\IdeaProjects\idims\venv\lib\site-packages\sqlalchemy\orm\query.py", line 2820, in scalar
    ret = self.one()
  File "C:\Users\chee3\IdeaProjects\idims\venv\lib\site-packages\sqlalchemy\orm\query.py", line 2793, in one
    return self._iter().one()  # type: ignore
  File "C:\Users\chee3\IdeaProjects\idims\venv\lib\site-packages\sqlalchemy\orm\query.py", line 2842, in _iter
    result: Union[ScalarResult[_T], Result[_T]] = self.session.execute(
  File "C:\Users\chee3\IdeaProjects\idims\venv\lib\site-packages\sqlalchemy\orm\session.py", line 2262, in execute
    return self._execute_internal(
  File "C:\Users\chee3\IdeaProjects\idims\venv\lib\site-packages\sqlalchemy\orm\session.py", line 2144, in _execute_internal
    result: Result[Any] = compile_state_cls.orm_execute_statement(
  File "C:\Users\chee3\IdeaProjects\idims\venv\lib\site-packages\sqlalchemy\orm\context.py", line 293, in orm_execute_statement
    result = conn.execute(
  File "C:\Users\chee3\IdeaProjects\idims\venv\lib\site-packages\sqlalchemy\engine\base.py", line 1412, in execute
    return meth(
  File "C:\Users\chee3\IdeaProjects\idims\venv\lib\site-packages\sqlalchemy\sql\elements.py", line 515, in _execute_on_connection
    return connection._execute_clauseelement(
  File "C:\Users\chee3\IdeaProjects\idims\venv\lib\site-packages\sqlalchemy\engine\base.py", line 1635, in _execute_clauseelement
    ret = self._execute_context(
  File "C:\Users\chee3\IdeaProjects\idims\venv\lib\site-packages\sqlalchemy\engine\base.py", line 1844, in _execute_context
    return self._exec_single_context(
  File "C:\Users\chee3\IdeaProjects\idims\venv\lib\site-packages\sqlalchemy\engine\base.py", line 1984, in _exec_single_context
    self._handle_dbapi_exception(
  File "C:\Users\chee3\IdeaProjects\idims\venv\lib\site-packages\sqlalchemy\engine\base.py", line 2339, in _handle_dbapi_exception
    raise sqlalchemy_exception.with_traceback(exc_info[2]) from e
  File "C:\Users\chee3\IdeaProjects\idims\venv\lib\site-packages\sqlalchemy\engine\base.py", line 1965, in _exec_single_context
    self.dialect.do_execute(
  File "C:\Users\chee3\IdeaProjects\idims\venv\lib\site-packages\sqlalchemy\engine\default.py", line 921, in do_execute
    cursor.execute(statement, parameters)
sqlalchemy.exc.ProgrammingError: (psycopg2.errors.UndefinedColumn) column invoices.total_amount does not exist
LINE 1: SELECT sum(invoices.total_amount) AS sum_1 
                   ^

[SQL: SELECT sum(invoices.total_amount) AS sum_1 
FROM invoices 
WHERE invoices.status IN (%(status_1_1)s, %(status_1_2)s)]
[parameters: {'status_1_1': 'pending', 'status_1_2': 'overdue'}]
(Background on this error at: https://sqlalche.me/e/20/f405)
2025-03-23 22:54:23 - app.services.dashboard_service - ERROR - Error getting dashboard stats: (psycopg2.errors.UndefinedColumn) column invoices.total_amount does not exist
LINE 1: SELECT sum(invoices.total_amount) AS sum_1 
                   ^

[SQL: SELECT sum(invoices.total_amount) AS sum_1 
FROM invoices 
WHERE invoices.status IN (%(status_1_1)s, %(status_1_2)s)]
[parameters: {'status_1_1': 'pending', 'status_1_2': 'overdue'}]
(Background on this error at: https://sqlalche.me/e/20/f405)
2025-03-23 22:54:23 - app.routers.dashboard - ERROR - Error getting dashboard stats: (psycopg2.errors.UndefinedColumn) column invoices.total_amount does not exist
LINE 1: SELECT sum(invoices.total_amount) AS sum_1 
                   ^

[SQL: SELECT sum(invoices.total_amount) AS sum_1 
FROM invoices 
WHERE invoices.status IN (%(status_1_1)s, %(status_1_2)s)]
[parameters: {'status_1_1': 'pending', 'status_1_2': 'overdue'}]
(Background on this error at: https://sqlalche.me/e/20/f405)
Traceback (most recent call last):
  File "C:\Users\chee3\IdeaProjects\idims\venv\lib\site-packages\sqlalchemy\engine\base.py", line 1965, in _exec_single_context
    self.dialect.do_execute(
  File "C:\Users\chee3\IdeaProjects\idims\venv\lib\site-packages\sqlalchemy\engine\default.py", line 921, in do_execute
    cursor.execute(statement, parameters)
psycopg2.errors.UndefinedColumn: column invoices.total_amount does not exist
LINE 1: SELECT sum(invoices.total_amount) AS sum_1 
                   ^


The above exception was the direct cause of the following exception:

Traceback (most recent call last):
  File "C:\Users\chee3\IdeaProjects\idims\backend\app\routers\dashboard.py", line 79, in get_dashboard_stats
    stats = await DashboardService.get_dashboard_stats(db)
  File "C:\Users\chee3\IdeaProjects\idims\backend\app\services\dashboard_service.py", line 122, in get_dashboard_stats
    raise e
  File "C:\Users\chee3\IdeaProjects\idims\backend\app\services\dashboard_service.py", line 74, in get_dashboard_stats
    outstanding_amount = db.query(func.sum(Invoice.__table__.c.total_amount)).filter(
  File "C:\Users\chee3\IdeaProjects\idims\venv\lib\site-packages\sqlalchemy\orm\query.py", line 2820, in scalar
    ret = self.one()
  File "C:\Users\chee3\IdeaProjects\idims\venv\lib\site-packages\sqlalchemy\orm\query.py", line 2793, in one
    return self._iter().one()  # type: ignore
  File "C:\Users\chee3\IdeaProjects\idims\venv\lib\site-packages\sqlalchemy\orm\query.py", line 2842, in _iter
    result: Union[ScalarResult[_T], Result[_T]] = self.session.execute(
  File "C:\Users\chee3\IdeaProjects\idims\venv\lib\site-packages\sqlalchemy\orm\session.py", line 2262, in execute
    return self._execute_internal(
  File "C:\Users\chee3\IdeaProjects\idims\venv\lib\site-packages\sqlalchemy\orm\session.py", line 2144, in _execute_internal
    result: Result[Any] = compile_state_cls.orm_execute_statement(
  File "C:\Users\chee3\IdeaProjects\idims\venv\lib\site-packages\sqlalchemy\orm\context.py", line 293, in orm_execute_statement
    result = conn.execute(
  File "C:\Users\chee3\IdeaProjects\idims\venv\lib\site-packages\sqlalchemy\engine\base.py", line 1412, in execute
    return meth(
  File "C:\Users\chee3\IdeaProjects\idims\venv\lib\site-packages\sqlalchemy\sql\elements.py", line 515, in _execute_on_connection
    return connection._execute_clauseelement(
  File "C:\Users\chee3\IdeaProjects\idims\venv\lib\site-packages\sqlalchemy\engine\base.py", line 1635, in _execute_clauseelement
    ret = self._execute_context(
  File "C:\Users\chee3\IdeaProjects\idims\venv\lib\site-packages\sqlalchemy\engine\base.py", line 1844, in _execute_context
    return self._exec_single_context(
  File "C:\Users\chee3\IdeaProjects\idims\venv\lib\site-packages\sqlalchemy\engine\base.py", line 1984, in _exec_single_context
    self._handle_dbapi_exception(
  File "C:\Users\chee3\IdeaProjects\idims\venv\lib\site-packages\sqlalchemy\engine\base.py", line 2339, in _handle_dbapi_exception
    raise sqlalchemy_exception.with_traceback(exc_info[2]) from e
  File "C:\Users\chee3\IdeaProjects\idims\venv\lib\site-packages\sqlalchemy\engine\base.py", line 1965, in _exec_single_context
    self.dialect.do_execute(
  File "C:\Users\chee3\IdeaProjects\idims\venv\lib\site-packages\sqlalchemy\engine\default.py", line 921, in do_execute
    cursor.execute(statement, parameters)
sqlalchemy.exc.ProgrammingError: (psycopg2.errors.UndefinedColumn) column invoices.total_amount does not exist
LINE 1: SELECT sum(invoices.total_amount) AS sum_1 
                   ^

[SQL: SELECT sum(invoices.total_amount) AS sum_1 
FROM invoices 
WHERE invoices.status IN (%(status_1_1)s, %(status_1_2)s)]
[parameters: {'status_1_1': 'pending', 'status_1_2': 'overdue'}]
(Background on this error at: https://sqlalche.me/e/20/f405)
2025-03-23 22:54:23 - app.services.dashboard_service - ERROR - Error getting dashboard stats: (psycopg2.errors.UndefinedColumn) column invoices.total_amount does not exist
LINE 1: SELECT sum(invoices.total_amount) AS sum_1 
                   ^

[SQL: SELECT sum(invoices.total_amount) AS sum_1 
FROM invoices 
WHERE invoices.status IN (%(status_1_1)s, %(status_1_2)s)]
[parameters: {'status_1_1': 'pending', 'status_1_2': 'overdue'}]
(Background on this error at: https://sqlalche.me/e/20/f405)
2025-03-23 22:54:23 - app.routers.dashboard - ERROR - Error getting dashboard stats: (psycopg2.errors.UndefinedColumn) column invoices.total_amount does not exist
LINE 1: SELECT sum(invoices.total_amount) AS sum_1 
                   ^

[SQL: SELECT sum(invoices.total_amount) AS sum_1 
FROM invoices 
WHERE invoices.status IN (%(status_1_1)s, %(status_1_2)s)]
[parameters: {'status_1_1': 'pending', 'status_1_2': 'overdue'}]
(Background on this error at: https://sqlalche.me/e/20/f405)
Traceback (most recent call last):
  File "C:\Users\chee3\IdeaProjects\idims\venv\lib\site-packages\sqlalchemy\engine\base.py", line 1965, in _exec_single_context
    self.dialect.do_execute(
  File "C:\Users\chee3\IdeaProjects\idims\venv\lib\site-packages\sqlalchemy\engine\default.py", line 921, in do_execute
    cursor.execute(statement, parameters)
psycopg2.errors.UndefinedColumn: column invoices.total_amount does not exist
LINE 1: SELECT sum(invoices.total_amount) AS sum_1 
                   ^


The above exception was the direct cause of the following exception:

Traceback (most recent call last):
  File "C:\Users\chee3\IdeaProjects\idims\backend\app\routers\dashboard.py", line 79, in get_dashboard_stats
    stats = await DashboardService.get_dashboard_stats(db)
  File "C:\Users\chee3\IdeaProjects\idims\backend\app\services\dashboard_service.py", line 122, in get_dashboard_stats
    raise e
  File "C:\Users\chee3\IdeaProjects\idims\backend\app\services\dashboard_service.py", line 74, in get_dashboard_stats
    outstanding_amount = db.query(func.sum(Invoice.__table__.c.total_amount)).filter(
  File "C:\Users\chee3\IdeaProjects\idims\venv\lib\site-packages\sqlalchemy\orm\query.py", line 2820, in scalar
    ret = self.one()
  File "C:\Users\chee3\IdeaProjects\idims\venv\lib\site-packages\sqlalchemy\orm\query.py", line 2793, in one
    return self._iter().one()  # type: ignore
  File "C:\Users\chee3\IdeaProjects\idims\venv\lib\site-packages\sqlalchemy\orm\query.py", line 2842, in _iter
    result: Union[ScalarResult[_T], Result[_T]] = self.session.execute(
  File "C:\Users\chee3\IdeaProjects\idims\venv\lib\site-packages\sqlalchemy\orm\session.py", line 2262, in execute
    return self._execute_internal(
  File "C:\Users\chee3\IdeaProjects\idims\venv\lib\site-packages\sqlalchemy\orm\session.py", line 2144, in _execute_internal
    result: Result[Any] = compile_state_cls.orm_execute_statement(
  File "C:\Users\chee3\IdeaProjects\idims\venv\lib\site-packages\sqlalchemy\orm\context.py", line 293, in orm_execute_statement
    result = conn.execute(
  File "C:\Users\chee3\IdeaProjects\idims\venv\lib\site-packages\sqlalchemy\engine\base.py", line 1412, in execute
    return meth(
  File "C:\Users\chee3\IdeaProjects\idims\venv\lib\site-packages\sqlalchemy\sql\elements.py", line 515, in _execute_on_connection
    return connection._execute_clauseelement(
  File "C:\Users\chee3\IdeaProjects\idims\venv\lib\site-packages\sqlalchemy\engine\base.py", line 1635, in _execute_clauseelement
    ret = self._execute_context(
  File "C:\Users\chee3\IdeaProjects\idims\venv\lib\site-packages\sqlalchemy\engine\base.py", line 1844, in _execute_context
    return self._exec_single_context(
  File "C:\Users\chee3\IdeaProjects\idims\venv\lib\site-packages\sqlalchemy\engine\base.py", line 1984, in _exec_single_context
    self._handle_dbapi_exception(
  File "C:\Users\chee3\IdeaProjects\idims\venv\lib\site-packages\sqlalchemy\engine\base.py", line 2339, in _handle_dbapi_exception
    raise sqlalchemy_exception.with_traceback(exc_info[2]) from e
  File "C:\Users\chee3\IdeaProjects\idims\venv\lib\site-packages\sqlalchemy\engine\base.py", line 1965, in _exec_single_context
    self.dialect.do_execute(
  File "C:\Users\chee3\IdeaProjects\idims\venv\lib\site-packages\sqlalchemy\engine\default.py", line 921, in do_execute
    cursor.execute(statement, parameters)
sqlalchemy.exc.ProgrammingError: (psycopg2.errors.UndefinedColumn) column invoices.total_amount does not exist
LINE 1: SELECT sum(invoices.total_amount) AS sum_1 
                   ^

[SQL: SELECT sum(invoices.total_amount) AS sum_1 
FROM invoices 
WHERE invoices.status IN (%(status_1_1)s, %(status_1_2)s)]
[parameters: {'status_1_1': 'pending', 'status_1_2': 'overdue'}]
(Background on this error at: https://sqlalche.me/e/20/f405)
2025-03-23 22:55:23 - app.services.dashboard_service - ERROR - Error getting dashboard stats: Textual SQL expression 'SELECT SUM(total) FROM in...' should be explicitly declared as text('SELECT SUM(total) FROM in...')
2025-03-23 22:55:23 - app.routers.dashboard - ERROR - Error getting dashboard stats: Textual SQL expression 'SELECT SUM(total) FROM in...' should be explicitly declared as text('SELECT SUM(total) FROM in...')
Traceback (most recent call last):
  File "C:\Users\chee3\IdeaProjects\idims\backend\app\routers\dashboard.py", line 79, in get_dashboard_stats
    stats = await DashboardService.get_dashboard_stats(db)
  File "C:\Users\chee3\IdeaProjects\idims\backend\app\services\dashboard_service.py", line 122, in get_dashboard_stats
    raise e
  File "C:\Users\chee3\IdeaProjects\idims\backend\app\services\dashboard_service.py", line 74, in get_dashboard_stats
    outstanding_amount = db.execute(
  File "C:\Users\chee3\IdeaProjects\idims\venv\lib\site-packages\sqlalchemy\orm\session.py", line 2262, in execute
    return self._execute_internal(
  File "C:\Users\chee3\IdeaProjects\idims\venv\lib\site-packages\sqlalchemy\orm\session.py", line 2042, in _execute_internal
    statement = coercions.expect(roles.StatementRole, statement)
  File "C:\Users\chee3\IdeaProjects\idims\venv\lib\site-packages\sqlalchemy\sql\coercions.py", line 413, in expect
    resolved = impl._literal_coercion(
  File "C:\Users\chee3\IdeaProjects\idims\venv\lib\site-packages\sqlalchemy\sql\coercions.py", line 638, in _literal_coercion
    return self._text_coercion(element, argname, **kw)
  File "C:\Users\chee3\IdeaProjects\idims\venv\lib\site-packages\sqlalchemy\sql\coercions.py", line 631, in _text_coercion
    return _no_text_coercion(element, argname)
  File "C:\Users\chee3\IdeaProjects\idims\venv\lib\site-packages\sqlalchemy\sql\coercions.py", line 601, in _no_text_coercion
    raise exc_cls(
sqlalchemy.exc.ArgumentError: Textual SQL expression 'SELECT SUM(total) FROM in...' should be explicitly declared as text('SELECT SUM(total) FROM in...')
2025-03-23 22:55:23 - app.services.dashboard_service - ERROR - Error getting dashboard stats: Textual SQL expression 'SELECT SUM(total) FROM in...' should be explicitly declared as text('SELECT SUM(total) FROM in...')
2025-03-23 22:55:23 - app.routers.dashboard - ERROR - Error getting dashboard stats: Textual SQL expression 'SELECT SUM(total) FROM in...' should be explicitly declared as text('SELECT SUM(total) FROM in...')
Traceback (most recent call last):
  File "C:\Users\chee3\IdeaProjects\idims\backend\app\routers\dashboard.py", line 79, in get_dashboard_stats
    stats = await DashboardService.get_dashboard_stats(db)
  File "C:\Users\chee3\IdeaProjects\idims\backend\app\services\dashboard_service.py", line 122, in get_dashboard_stats
    raise e
  File "C:\Users\chee3\IdeaProjects\idims\backend\app\services\dashboard_service.py", line 74, in get_dashboard_stats
    outstanding_amount = db.execute(
  File "C:\Users\chee3\IdeaProjects\idims\venv\lib\site-packages\sqlalchemy\orm\session.py", line 2262, in execute
    return self._execute_internal(
  File "C:\Users\chee3\IdeaProjects\idims\venv\lib\site-packages\sqlalchemy\orm\session.py", line 2042, in _execute_internal
    statement = coercions.expect(roles.StatementRole, statement)
  File "C:\Users\chee3\IdeaProjects\idims\venv\lib\site-packages\sqlalchemy\sql\coercions.py", line 413, in expect
    resolved = impl._literal_coercion(
  File "C:\Users\chee3\IdeaProjects\idims\venv\lib\site-packages\sqlalchemy\sql\coercions.py", line 638, in _literal_coercion
    return self._text_coercion(element, argname, **kw)
  File "C:\Users\chee3\IdeaProjects\idims\venv\lib\site-packages\sqlalchemy\sql\coercions.py", line 631, in _text_coercion
    return _no_text_coercion(element, argname)
  File "C:\Users\chee3\IdeaProjects\idims\venv\lib\site-packages\sqlalchemy\sql\coercions.py", line 601, in _no_text_coercion
    raise exc_cls(
sqlalchemy.exc.ArgumentError: Textual SQL expression 'SELECT SUM(total) FROM in...' should be explicitly declared as text('SELECT SUM(total) FROM in...')
2025-03-23 22:55:23 - app.services.dashboard_service - ERROR - Error getting dashboard stats: Textual SQL expression 'SELECT SUM(total) FROM in...' should be explicitly declared as text('SELECT SUM(total) FROM in...')
2025-03-23 22:55:23 - app.routers.dashboard - ERROR - Error getting dashboard stats: Textual SQL expression 'SELECT SUM(total) FROM in...' should be explicitly declared as text('SELECT SUM(total) FROM in...')
Traceback (most recent call last):
  File "C:\Users\chee3\IdeaProjects\idims\backend\app\routers\dashboard.py", line 79, in get_dashboard_stats
    stats = await DashboardService.get_dashboard_stats(db)
  File "C:\Users\chee3\IdeaProjects\idims\backend\app\services\dashboard_service.py", line 122, in get_dashboard_stats
    raise e
  File "C:\Users\chee3\IdeaProjects\idims\backend\app\services\dashboard_service.py", line 74, in get_dashboard_stats
    outstanding_amount = db.execute(
  File "C:\Users\chee3\IdeaProjects\idims\venv\lib\site-packages\sqlalchemy\orm\session.py", line 2262, in execute
    return self._execute_internal(
  File "C:\Users\chee3\IdeaProjects\idims\venv\lib\site-packages\sqlalchemy\orm\session.py", line 2042, in _execute_internal
    statement = coercions.expect(roles.StatementRole, statement)
  File "C:\Users\chee3\IdeaProjects\idims\venv\lib\site-packages\sqlalchemy\sql\coercions.py", line 413, in expect
    resolved = impl._literal_coercion(
  File "C:\Users\chee3\IdeaProjects\idims\venv\lib\site-packages\sqlalchemy\sql\coercions.py", line 638, in _literal_coercion
    return self._text_coercion(element, argname, **kw)
  File "C:\Users\chee3\IdeaProjects\idims\venv\lib\site-packages\sqlalchemy\sql\coercions.py", line 631, in _text_coercion
    return _no_text_coercion(element, argname)
  File "C:\Users\chee3\IdeaProjects\idims\venv\lib\site-packages\sqlalchemy\sql\coercions.py", line 601, in _no_text_coercion
    raise exc_cls(
sqlalchemy.exc.ArgumentError: Textual SQL expression 'SELECT SUM(total) FROM in...' should be explicitly declared as text('SELECT SUM(total) FROM in...')
2025-03-23 22:57:51 - app.services.dashboard_service - ERROR - Error getting dashboard stats: (psycopg2.errors.InvalidTextRepresentation) invalid input value for enum invoice_status_enum: "pending"
LINE 1: SELECT SUM(total) FROM invoices WHERE status IN ('pending', ...
                                                         ^

[SQL: SELECT SUM(total) FROM invoices WHERE status IN ('pending', 'overdue')]
(Background on this error at: https://sqlalche.me/e/20/9h9h)
2025-03-23 22:57:51 - app.routers.dashboard - ERROR - Error getting dashboard stats: (psycopg2.errors.InvalidTextRepresentation) invalid input value for enum invoice_status_enum: "pending"
LINE 1: SELECT SUM(total) FROM invoices WHERE status IN ('pending', ...
                                                         ^

[SQL: SELECT SUM(total) FROM invoices WHERE status IN ('pending', 'overdue')]
(Background on this error at: https://sqlalche.me/e/20/9h9h)
Traceback (most recent call last):
  File "C:\Users\chee3\IdeaProjects\idims\venv\lib\site-packages\sqlalchemy\engine\base.py", line 1965, in _exec_single_context
    self.dialect.do_execute(
  File "C:\Users\chee3\IdeaProjects\idims\venv\lib\site-packages\sqlalchemy\engine\default.py", line 921, in do_execute
    cursor.execute(statement, parameters)
psycopg2.errors.InvalidTextRepresentation: invalid input value for enum invoice_status_enum: "pending"
LINE 1: SELECT SUM(total) FROM invoices WHERE status IN ('pending', ...
                                                         ^


The above exception was the direct cause of the following exception:

Traceback (most recent call last):
  File "C:\Users\chee3\IdeaProjects\idims\backend\app\routers\dashboard.py", line 79, in get_dashboard_stats
    stats = await DashboardService.get_dashboard_stats(db)
  File "C:\Users\chee3\IdeaProjects\idims\backend\app\services\dashboard_service.py", line 122, in get_dashboard_stats
    raise e
  File "C:\Users\chee3\IdeaProjects\idims\backend\app\services\dashboard_service.py", line 74, in get_dashboard_stats
    outstanding_amount = db.execute(
  File "C:\Users\chee3\IdeaProjects\idims\venv\lib\site-packages\sqlalchemy\orm\session.py", line 2262, in execute
    return self._execute_internal(
  File "C:\Users\chee3\IdeaProjects\idims\venv\lib\site-packages\sqlalchemy\orm\session.py", line 2153, in _execute_internal
    result = conn.execute(
  File "C:\Users\chee3\IdeaProjects\idims\venv\lib\site-packages\sqlalchemy\engine\base.py", line 1412, in execute
    return meth(
  File "C:\Users\chee3\IdeaProjects\idims\venv\lib\site-packages\sqlalchemy\sql\elements.py", line 515, in _execute_on_connection
    return connection._execute_clauseelement(
  File "C:\Users\chee3\IdeaProjects\idims\venv\lib\site-packages\sqlalchemy\engine\base.py", line 1635, in _execute_clauseelement
    ret = self._execute_context(
  File "C:\Users\chee3\IdeaProjects\idims\venv\lib\site-packages\sqlalchemy\engine\base.py", line 1844, in _execute_context
    return self._exec_single_context(
  File "C:\Users\chee3\IdeaProjects\idims\venv\lib\site-packages\sqlalchemy\engine\base.py", line 1984, in _exec_single_context
    self._handle_dbapi_exception(
  File "C:\Users\chee3\IdeaProjects\idims\venv\lib\site-packages\sqlalchemy\engine\base.py", line 2339, in _handle_dbapi_exception
    raise sqlalchemy_exception.with_traceback(exc_info[2]) from e
  File "C:\Users\chee3\IdeaProjects\idims\venv\lib\site-packages\sqlalchemy\engine\base.py", line 1965, in _exec_single_context
    self.dialect.do_execute(
  File "C:\Users\chee3\IdeaProjects\idims\venv\lib\site-packages\sqlalchemy\engine\default.py", line 921, in do_execute
    cursor.execute(statement, parameters)
sqlalchemy.exc.DataError: (psycopg2.errors.InvalidTextRepresentation) invalid input value for enum invoice_status_enum: "pending"
LINE 1: SELECT SUM(total) FROM invoices WHERE status IN ('pending', ...
                                                         ^

[SQL: SELECT SUM(total) FROM invoices WHERE status IN ('pending', 'overdue')]
(Background on this error at: https://sqlalche.me/e/20/9h9h)
2025-03-23 22:57:51 - app.services.dashboard_service - ERROR - Error getting dashboard stats: (psycopg2.errors.InvalidTextRepresentation) invalid input value for enum invoice_status_enum: "pending"
LINE 1: SELECT SUM(total) FROM invoices WHERE status IN ('pending', ...
                                                         ^

[SQL: SELECT SUM(total) FROM invoices WHERE status IN ('pending', 'overdue')]
(Background on this error at: https://sqlalche.me/e/20/9h9h)
2025-03-23 22:57:51 - app.routers.dashboard - ERROR - Error getting dashboard stats: (psycopg2.errors.InvalidTextRepresentation) invalid input value for enum invoice_status_enum: "pending"
LINE 1: SELECT SUM(total) FROM invoices WHERE status IN ('pending', ...
                                                         ^

[SQL: SELECT SUM(total) FROM invoices WHERE status IN ('pending', 'overdue')]
(Background on this error at: https://sqlalche.me/e/20/9h9h)
Traceback (most recent call last):
  File "C:\Users\chee3\IdeaProjects\idims\venv\lib\site-packages\sqlalchemy\engine\base.py", line 1965, in _exec_single_context
    self.dialect.do_execute(
  File "C:\Users\chee3\IdeaProjects\idims\venv\lib\site-packages\sqlalchemy\engine\default.py", line 921, in do_execute
    cursor.execute(statement, parameters)
psycopg2.errors.InvalidTextRepresentation: invalid input value for enum invoice_status_enum: "pending"
LINE 1: SELECT SUM(total) FROM invoices WHERE status IN ('pending', ...
                                                         ^


The above exception was the direct cause of the following exception:

Traceback (most recent call last):
  File "C:\Users\chee3\IdeaProjects\idims\backend\app\routers\dashboard.py", line 79, in get_dashboard_stats
    stats = await DashboardService.get_dashboard_stats(db)
  File "C:\Users\chee3\IdeaProjects\idims\backend\app\services\dashboard_service.py", line 122, in get_dashboard_stats
    raise e
  File "C:\Users\chee3\IdeaProjects\idims\backend\app\services\dashboard_service.py", line 74, in get_dashboard_stats
    outstanding_amount = db.execute(
  File "C:\Users\chee3\IdeaProjects\idims\venv\lib\site-packages\sqlalchemy\orm\session.py", line 2262, in execute
    return self._execute_internal(
  File "C:\Users\chee3\IdeaProjects\idims\venv\lib\site-packages\sqlalchemy\orm\session.py", line 2153, in _execute_internal
    result = conn.execute(
  File "C:\Users\chee3\IdeaProjects\idims\venv\lib\site-packages\sqlalchemy\engine\base.py", line 1412, in execute
    return meth(
  File "C:\Users\chee3\IdeaProjects\idims\venv\lib\site-packages\sqlalchemy\sql\elements.py", line 515, in _execute_on_connection
    return connection._execute_clauseelement(
  File "C:\Users\chee3\IdeaProjects\idims\venv\lib\site-packages\sqlalchemy\engine\base.py", line 1635, in _execute_clauseelement
    ret = self._execute_context(
  File "C:\Users\chee3\IdeaProjects\idims\venv\lib\site-packages\sqlalchemy\engine\base.py", line 1844, in _execute_context
    return self._exec_single_context(
  File "C:\Users\chee3\IdeaProjects\idims\venv\lib\site-packages\sqlalchemy\engine\base.py", line 1984, in _exec_single_context
    self._handle_dbapi_exception(
  File "C:\Users\chee3\IdeaProjects\idims\venv\lib\site-packages\sqlalchemy\engine\base.py", line 2339, in _handle_dbapi_exception
    raise sqlalchemy_exception.with_traceback(exc_info[2]) from e
  File "C:\Users\chee3\IdeaProjects\idims\venv\lib\site-packages\sqlalchemy\engine\base.py", line 1965, in _exec_single_context
    self.dialect.do_execute(
  File "C:\Users\chee3\IdeaProjects\idims\venv\lib\site-packages\sqlalchemy\engine\default.py", line 921, in do_execute
    cursor.execute(statement, parameters)
sqlalchemy.exc.DataError: (psycopg2.errors.InvalidTextRepresentation) invalid input value for enum invoice_status_enum: "pending"
LINE 1: SELECT SUM(total) FROM invoices WHERE status IN ('pending', ...
                                                         ^

[SQL: SELECT SUM(total) FROM invoices WHERE status IN ('pending', 'overdue')]
(Background on this error at: https://sqlalche.me/e/20/9h9h)
2025-03-23 22:57:51 - app.services.dashboard_service - ERROR - Error getting dashboard stats: (psycopg2.errors.InvalidTextRepresentation) invalid input value for enum invoice_status_enum: "pending"
LINE 1: SELECT SUM(total) FROM invoices WHERE status IN ('pending', ...
                                                         ^

[SQL: SELECT SUM(total) FROM invoices WHERE status IN ('pending', 'overdue')]
(Background on this error at: https://sqlalche.me/e/20/9h9h)
2025-03-23 22:57:51 - app.routers.dashboard - ERROR - Error getting dashboard stats: (psycopg2.errors.InvalidTextRepresentation) invalid input value for enum invoice_status_enum: "pending"
LINE 1: SELECT SUM(total) FROM invoices WHERE status IN ('pending', ...
                                                         ^

[SQL: SELECT SUM(total) FROM invoices WHERE status IN ('pending', 'overdue')]
(Background on this error at: https://sqlalche.me/e/20/9h9h)
Traceback (most recent call last):
  File "C:\Users\chee3\IdeaProjects\idims\venv\lib\site-packages\sqlalchemy\engine\base.py", line 1965, in _exec_single_context
    self.dialect.do_execute(
  File "C:\Users\chee3\IdeaProjects\idims\venv\lib\site-packages\sqlalchemy\engine\default.py", line 921, in do_execute
    cursor.execute(statement, parameters)
psycopg2.errors.InvalidTextRepresentation: invalid input value for enum invoice_status_enum: "pending"
LINE 1: SELECT SUM(total) FROM invoices WHERE status IN ('pending', ...
                                                         ^


The above exception was the direct cause of the following exception:

Traceback (most recent call last):
  File "C:\Users\chee3\IdeaProjects\idims\backend\app\routers\dashboard.py", line 79, in get_dashboard_stats
    stats = await DashboardService.get_dashboard_stats(db)
  File "C:\Users\chee3\IdeaProjects\idims\backend\app\services\dashboard_service.py", line 122, in get_dashboard_stats
    raise e
  File "C:\Users\chee3\IdeaProjects\idims\backend\app\services\dashboard_service.py", line 74, in get_dashboard_stats
    outstanding_amount = db.execute(
  File "C:\Users\chee3\IdeaProjects\idims\venv\lib\site-packages\sqlalchemy\orm\session.py", line 2262, in execute
    return self._execute_internal(
  File "C:\Users\chee3\IdeaProjects\idims\venv\lib\site-packages\sqlalchemy\orm\session.py", line 2153, in _execute_internal
    result = conn.execute(
  File "C:\Users\chee3\IdeaProjects\idims\venv\lib\site-packages\sqlalchemy\engine\base.py", line 1412, in execute
    return meth(
  File "C:\Users\chee3\IdeaProjects\idims\venv\lib\site-packages\sqlalchemy\sql\elements.py", line 515, in _execute_on_connection
    return connection._execute_clauseelement(
  File "C:\Users\chee3\IdeaProjects\idims\venv\lib\site-packages\sqlalchemy\engine\base.py", line 1635, in _execute_clauseelement
    ret = self._execute_context(
  File "C:\Users\chee3\IdeaProjects\idims\venv\lib\site-packages\sqlalchemy\engine\base.py", line 1844, in _execute_context
    return self._exec_single_context(
  File "C:\Users\chee3\IdeaProjects\idims\venv\lib\site-packages\sqlalchemy\engine\base.py", line 1984, in _exec_single_context
    self._handle_dbapi_exception(
  File "C:\Users\chee3\IdeaProjects\idims\venv\lib\site-packages\sqlalchemy\engine\base.py", line 2339, in _handle_dbapi_exception
    raise sqlalchemy_exception.with_traceback(exc_info[2]) from e
  File "C:\Users\chee3\IdeaProjects\idims\venv\lib\site-packages\sqlalchemy\engine\base.py", line 1965, in _exec_single_context
    self.dialect.do_execute(
  File "C:\Users\chee3\IdeaProjects\idims\venv\lib\site-packages\sqlalchemy\engine\default.py", line 921, in do_execute
    cursor.execute(statement, parameters)
sqlalchemy.exc.DataError: (psycopg2.errors.InvalidTextRepresentation) invalid input value for enum invoice_status_enum: "pending"
LINE 1: SELECT SUM(total) FROM invoices WHERE status IN ('pending', ...
                                                         ^

[SQL: SELECT SUM(total) FROM invoices WHERE status IN ('pending', 'overdue')]
(Background on this error at: https://sqlalche.me/e/20/9h9h)
2025-03-23 22:58:36 - app.services.dashboard_service - ERROR - Error getting dashboard stats: (psycopg2.errors.InvalidTextRepresentation) invalid input value for enum invoice_status_enum: "pending"
LINE 1: SELECT SUM(total) FROM invoices WHERE status IN ('pending', ...
                                                         ^

[SQL: SELECT SUM(total) FROM invoices WHERE status IN ('pending', 'overdue')]
(Background on this error at: https://sqlalche.me/e/20/9h9h)
2025-03-23 22:58:36 - app.routers.dashboard - ERROR - Error getting dashboard stats: (psycopg2.errors.InvalidTextRepresentation) invalid input value for enum invoice_status_enum: "pending"
LINE 1: SELECT SUM(total) FROM invoices WHERE status IN ('pending', ...
                                                         ^

[SQL: SELECT SUM(total) FROM invoices WHERE status IN ('pending', 'overdue')]
(Background on this error at: https://sqlalche.me/e/20/9h9h)
Traceback (most recent call last):
  File "C:\Users\chee3\IdeaProjects\idims\venv\lib\site-packages\sqlalchemy\engine\base.py", line 1965, in _exec_single_context
    self.dialect.do_execute(
  File "C:\Users\chee3\IdeaProjects\idims\venv\lib\site-packages\sqlalchemy\engine\default.py", line 921, in do_execute
    cursor.execute(statement, parameters)
psycopg2.errors.InvalidTextRepresentation: invalid input value for enum invoice_status_enum: "pending"
LINE 1: SELECT SUM(total) FROM invoices WHERE status IN ('pending', ...
                                                         ^


The above exception was the direct cause of the following exception:

Traceback (most recent call last):
  File "C:\Users\chee3\IdeaProjects\idims\backend\app\routers\dashboard.py", line 79, in get_dashboard_stats
    stats = await DashboardService.get_dashboard_stats(db)
  File "C:\Users\chee3\IdeaProjects\idims\backend\app\services\dashboard_service.py", line 122, in get_dashboard_stats
    raise e
  File "C:\Users\chee3\IdeaProjects\idims\backend\app\services\dashboard_service.py", line 74, in get_dashboard_stats
    outstanding_amount = db.execute(
  File "C:\Users\chee3\IdeaProjects\idims\venv\lib\site-packages\sqlalchemy\orm\session.py", line 2262, in execute
    return self._execute_internal(
  File "C:\Users\chee3\IdeaProjects\idims\venv\lib\site-packages\sqlalchemy\orm\session.py", line 2153, in _execute_internal
    result = conn.execute(
  File "C:\Users\chee3\IdeaProjects\idims\venv\lib\site-packages\sqlalchemy\engine\base.py", line 1412, in execute
    return meth(
  File "C:\Users\chee3\IdeaProjects\idims\venv\lib\site-packages\sqlalchemy\sql\elements.py", line 515, in _execute_on_connection
    return connection._execute_clauseelement(
  File "C:\Users\chee3\IdeaProjects\idims\venv\lib\site-packages\sqlalchemy\engine\base.py", line 1635, in _execute_clauseelement
    ret = self._execute_context(
  File "C:\Users\chee3\IdeaProjects\idims\venv\lib\site-packages\sqlalchemy\engine\base.py", line 1844, in _execute_context
    return self._exec_single_context(
  File "C:\Users\chee3\IdeaProjects\idims\venv\lib\site-packages\sqlalchemy\engine\base.py", line 1984, in _exec_single_context
    self._handle_dbapi_exception(
  File "C:\Users\chee3\IdeaProjects\idims\venv\lib\site-packages\sqlalchemy\engine\base.py", line 2339, in _handle_dbapi_exception
    raise sqlalchemy_exception.with_traceback(exc_info[2]) from e
  File "C:\Users\chee3\IdeaProjects\idims\venv\lib\site-packages\sqlalchemy\engine\base.py", line 1965, in _exec_single_context
    self.dialect.do_execute(
  File "C:\Users\chee3\IdeaProjects\idims\venv\lib\site-packages\sqlalchemy\engine\default.py", line 921, in do_execute
    cursor.execute(statement, parameters)
sqlalchemy.exc.DataError: (psycopg2.errors.InvalidTextRepresentation) invalid input value for enum invoice_status_enum: "pending"
LINE 1: SELECT SUM(total) FROM invoices WHERE status IN ('pending', ...
                                                         ^

[SQL: SELECT SUM(total) FROM invoices WHERE status IN ('pending', 'overdue')]
(Background on this error at: https://sqlalche.me/e/20/9h9h)
2025-03-23 22:58:36 - app.services.dashboard_service - ERROR - Error getting dashboard stats: (psycopg2.errors.InvalidTextRepresentation) invalid input value for enum invoice_status_enum: "pending"
LINE 1: SELECT SUM(total) FROM invoices WHERE status IN ('pending', ...
                                                         ^

[SQL: SELECT SUM(total) FROM invoices WHERE status IN ('pending', 'overdue')]
(Background on this error at: https://sqlalche.me/e/20/9h9h)
2025-03-23 22:58:36 - app.routers.dashboard - ERROR - Error getting dashboard stats: (psycopg2.errors.InvalidTextRepresentation) invalid input value for enum invoice_status_enum: "pending"
LINE 1: SELECT SUM(total) FROM invoices WHERE status IN ('pending', ...
                                                         ^

[SQL: SELECT SUM(total) FROM invoices WHERE status IN ('pending', 'overdue')]
(Background on this error at: https://sqlalche.me/e/20/9h9h)
Traceback (most recent call last):
  File "C:\Users\chee3\IdeaProjects\idims\venv\lib\site-packages\sqlalchemy\engine\base.py", line 1965, in _exec_single_context
    self.dialect.do_execute(
  File "C:\Users\chee3\IdeaProjects\idims\venv\lib\site-packages\sqlalchemy\engine\default.py", line 921, in do_execute
    cursor.execute(statement, parameters)
psycopg2.errors.InvalidTextRepresentation: invalid input value for enum invoice_status_enum: "pending"
LINE 1: SELECT SUM(total) FROM invoices WHERE status IN ('pending', ...
                                                         ^


The above exception was the direct cause of the following exception:

Traceback (most recent call last):
  File "C:\Users\chee3\IdeaProjects\idims\backend\app\routers\dashboard.py", line 79, in get_dashboard_stats
    stats = await DashboardService.get_dashboard_stats(db)
  File "C:\Users\chee3\IdeaProjects\idims\backend\app\services\dashboard_service.py", line 122, in get_dashboard_stats
    raise e
  File "C:\Users\chee3\IdeaProjects\idims\backend\app\services\dashboard_service.py", line 74, in get_dashboard_stats
    outstanding_amount = db.execute(
  File "C:\Users\chee3\IdeaProjects\idims\venv\lib\site-packages\sqlalchemy\orm\session.py", line 2262, in execute
    return self._execute_internal(
  File "C:\Users\chee3\IdeaProjects\idims\venv\lib\site-packages\sqlalchemy\orm\session.py", line 2153, in _execute_internal
    result = conn.execute(
  File "C:\Users\chee3\IdeaProjects\idims\venv\lib\site-packages\sqlalchemy\engine\base.py", line 1412, in execute
    return meth(
  File "C:\Users\chee3\IdeaProjects\idims\venv\lib\site-packages\sqlalchemy\sql\elements.py", line 515, in _execute_on_connection
    return connection._execute_clauseelement(
  File "C:\Users\chee3\IdeaProjects\idims\venv\lib\site-packages\sqlalchemy\engine\base.py", line 1635, in _execute_clauseelement
    ret = self._execute_context(
  File "C:\Users\chee3\IdeaProjects\idims\venv\lib\site-packages\sqlalchemy\engine\base.py", line 1844, in _execute_context
    return self._exec_single_context(
  File "C:\Users\chee3\IdeaProjects\idims\venv\lib\site-packages\sqlalchemy\engine\base.py", line 1984, in _exec_single_context
    self._handle_dbapi_exception(
  File "C:\Users\chee3\IdeaProjects\idims\venv\lib\site-packages\sqlalchemy\engine\base.py", line 2339, in _handle_dbapi_exception
    raise sqlalchemy_exception.with_traceback(exc_info[2]) from e
  File "C:\Users\chee3\IdeaProjects\idims\venv\lib\site-packages\sqlalchemy\engine\base.py", line 1965, in _exec_single_context
    self.dialect.do_execute(
  File "C:\Users\chee3\IdeaProjects\idims\venv\lib\site-packages\sqlalchemy\engine\default.py", line 921, in do_execute
    cursor.execute(statement, parameters)
sqlalchemy.exc.DataError: (psycopg2.errors.InvalidTextRepresentation) invalid input value for enum invoice_status_enum: "pending"
LINE 1: SELECT SUM(total) FROM invoices WHERE status IN ('pending', ...
                                                         ^

[SQL: SELECT SUM(total) FROM invoices WHERE status IN ('pending', 'overdue')]
(Background on this error at: https://sqlalche.me/e/20/9h9h)
2025-03-23 22:58:36 - app.services.dashboard_service - ERROR - Error getting dashboard stats: (psycopg2.errors.InvalidTextRepresentation) invalid input value for enum invoice_status_enum: "pending"
LINE 1: SELECT SUM(total) FROM invoices WHERE status IN ('pending', ...
                                                         ^

[SQL: SELECT SUM(total) FROM invoices WHERE status IN ('pending', 'overdue')]
(Background on this error at: https://sqlalche.me/e/20/9h9h)
2025-03-23 22:58:36 - app.routers.dashboard - ERROR - Error getting dashboard stats: (psycopg2.errors.InvalidTextRepresentation) invalid input value for enum invoice_status_enum: "pending"
LINE 1: SELECT SUM(total) FROM invoices WHERE status IN ('pending', ...
                                                         ^

[SQL: SELECT SUM(total) FROM invoices WHERE status IN ('pending', 'overdue')]
(Background on this error at: https://sqlalche.me/e/20/9h9h)
Traceback (most recent call last):
  File "C:\Users\chee3\IdeaProjects\idims\venv\lib\site-packages\sqlalchemy\engine\base.py", line 1965, in _exec_single_context
    self.dialect.do_execute(
  File "C:\Users\chee3\IdeaProjects\idims\venv\lib\site-packages\sqlalchemy\engine\default.py", line 921, in do_execute
    cursor.execute(statement, parameters)
psycopg2.errors.InvalidTextRepresentation: invalid input value for enum invoice_status_enum: "pending"
LINE 1: SELECT SUM(total) FROM invoices WHERE status IN ('pending', ...
                                                         ^


The above exception was the direct cause of the following exception:

Traceback (most recent call last):
  File "C:\Users\chee3\IdeaProjects\idims\backend\app\routers\dashboard.py", line 79, in get_dashboard_stats
    stats = await DashboardService.get_dashboard_stats(db)
  File "C:\Users\chee3\IdeaProjects\idims\backend\app\services\dashboard_service.py", line 122, in get_dashboard_stats
    raise e
  File "C:\Users\chee3\IdeaProjects\idims\backend\app\services\dashboard_service.py", line 74, in get_dashboard_stats
    outstanding_amount = db.execute(
  File "C:\Users\chee3\IdeaProjects\idims\venv\lib\site-packages\sqlalchemy\orm\session.py", line 2262, in execute
    return self._execute_internal(
  File "C:\Users\chee3\IdeaProjects\idims\venv\lib\site-packages\sqlalchemy\orm\session.py", line 2153, in _execute_internal
    result = conn.execute(
  File "C:\Users\chee3\IdeaProjects\idims\venv\lib\site-packages\sqlalchemy\engine\base.py", line 1412, in execute
    return meth(
  File "C:\Users\chee3\IdeaProjects\idims\venv\lib\site-packages\sqlalchemy\sql\elements.py", line 515, in _execute_on_connection
    return connection._execute_clauseelement(
  File "C:\Users\chee3\IdeaProjects\idims\venv\lib\site-packages\sqlalchemy\engine\base.py", line 1635, in _execute_clauseelement
    ret = self._execute_context(
  File "C:\Users\chee3\IdeaProjects\idims\venv\lib\site-packages\sqlalchemy\engine\base.py", line 1844, in _execute_context
    return self._exec_single_context(
  File "C:\Users\chee3\IdeaProjects\idims\venv\lib\site-packages\sqlalchemy\engine\base.py", line 1984, in _exec_single_context
    self._handle_dbapi_exception(
  File "C:\Users\chee3\IdeaProjects\idims\venv\lib\site-packages\sqlalchemy\engine\base.py", line 2339, in _handle_dbapi_exception
    raise sqlalchemy_exception.with_traceback(exc_info[2]) from e
  File "C:\Users\chee3\IdeaProjects\idims\venv\lib\site-packages\sqlalchemy\engine\base.py", line 1965, in _exec_single_context
    self.dialect.do_execute(
  File "C:\Users\chee3\IdeaProjects\idims\venv\lib\site-packages\sqlalchemy\engine\default.py", line 921, in do_execute
    cursor.execute(statement, parameters)
sqlalchemy.exc.DataError: (psycopg2.errors.InvalidTextRepresentation) invalid input value for enum invoice_status_enum: "pending"
LINE 1: SELECT SUM(total) FROM invoices WHERE status IN ('pending', ...
                                                         ^

[SQL: SELECT SUM(total) FROM invoices WHERE status IN ('pending', 'overdue')]
(Background on this error at: https://sqlalche.me/e/20/9h9h)
2025-03-23 22:59:37 - app.services.dashboard_service - ERROR - Error getting dashboard stats: type object 'Client' has no attribute 'is_active'
2025-03-23 22:59:37 - app.routers.dashboard - ERROR - Error getting dashboard stats: type object 'Client' has no attribute 'is_active'
Traceback (most recent call last):
  File "C:\Users\chee3\IdeaProjects\idims\backend\app\routers\dashboard.py", line 79, in get_dashboard_stats
    stats = await DashboardService.get_dashboard_stats(db)
  File "C:\Users\chee3\IdeaProjects\idims\backend\app\services\dashboard_service.py", line 122, in get_dashboard_stats
    raise e
  File "C:\Users\chee3\IdeaProjects\idims\backend\app\services\dashboard_service.py", line 85, in get_dashboard_stats
    Client.is_active == True
AttributeError: type object 'Client' has no attribute 'is_active'
2025-03-23 22:59:37 - app.services.dashboard_service - ERROR - Error getting dashboard stats: type object 'Client' has no attribute 'is_active'
2025-03-23 22:59:37 - app.routers.dashboard - ERROR - Error getting dashboard stats: type object 'Client' has no attribute 'is_active'
Traceback (most recent call last):
  File "C:\Users\chee3\IdeaProjects\idims\backend\app\routers\dashboard.py", line 79, in get_dashboard_stats
    stats = await DashboardService.get_dashboard_stats(db)
  File "C:\Users\chee3\IdeaProjects\idims\backend\app\services\dashboard_service.py", line 122, in get_dashboard_stats
    raise e
  File "C:\Users\chee3\IdeaProjects\idims\backend\app\services\dashboard_service.py", line 85, in get_dashboard_stats
    Client.is_active == True
AttributeError: type object 'Client' has no attribute 'is_active'
2025-03-23 22:59:37 - app.services.dashboard_service - ERROR - Error getting dashboard stats: type object 'Client' has no attribute 'is_active'
2025-03-23 22:59:37 - app.routers.dashboard - ERROR - Error getting dashboard stats: type object 'Client' has no attribute 'is_active'
Traceback (most recent call last):
  File "C:\Users\chee3\IdeaProjects\idims\backend\app\routers\dashboard.py", line 79, in get_dashboard_stats
    stats = await DashboardService.get_dashboard_stats(db)
  File "C:\Users\chee3\IdeaProjects\idims\backend\app\services\dashboard_service.py", line 122, in get_dashboard_stats
    raise e
  File "C:\Users\chee3\IdeaProjects\idims\backend\app\services\dashboard_service.py", line 85, in get_dashboard_stats
    Client.is_active == True
AttributeError: type object 'Client' has no attribute 'is_active'
2025-03-23 23:01:32 - app.services.dashboard_service - ERROR - Error getting dashboard stats: type object 'Client' has no attribute 'is_active'
2025-03-23 23:01:32 - app.routers.dashboard - ERROR - Error getting dashboard stats: type object 'Client' has no attribute 'is_active'
Traceback (most recent call last):
  File "C:\Users\chee3\IdeaProjects\idims\backend\app\routers\dashboard.py", line 79, in get_dashboard_stats
    stats = await DashboardService.get_dashboard_stats(db)
  File "C:\Users\chee3\IdeaProjects\idims\backend\app\services\dashboard_service.py", line 122, in get_dashboard_stats
    raise e
  File "C:\Users\chee3\IdeaProjects\idims\backend\app\services\dashboard_service.py", line 85, in get_dashboard_stats
    Client.is_active == True
AttributeError: type object 'Client' has no attribute 'is_active'
2025-03-23 23:01:32 - app.services.dashboard_service - ERROR - Error getting dashboard stats: type object 'Client' has no attribute 'is_active'
2025-03-23 23:01:32 - app.routers.dashboard - ERROR - Error getting dashboard stats: type object 'Client' has no attribute 'is_active'
Traceback (most recent call last):
  File "C:\Users\chee3\IdeaProjects\idims\backend\app\routers\dashboard.py", line 79, in get_dashboard_stats
    stats = await DashboardService.get_dashboard_stats(db)
  File "C:\Users\chee3\IdeaProjects\idims\backend\app\services\dashboard_service.py", line 122, in get_dashboard_stats
    raise e
  File "C:\Users\chee3\IdeaProjects\idims\backend\app\services\dashboard_service.py", line 85, in get_dashboard_stats
    Client.is_active == True
AttributeError: type object 'Client' has no attribute 'is_active'
2025-03-23 23:01:32 - app.services.dashboard_service - ERROR - Error getting dashboard stats: type object 'Client' has no attribute 'is_active'
2025-03-23 23:01:32 - app.routers.dashboard - ERROR - Error getting dashboard stats: type object 'Client' has no attribute 'is_active'
Traceback (most recent call last):
  File "C:\Users\chee3\IdeaProjects\idims\backend\app\routers\dashboard.py", line 79, in get_dashboard_stats
    stats = await DashboardService.get_dashboard_stats(db)
  File "C:\Users\chee3\IdeaProjects\idims\backend\app\services\dashboard_service.py", line 122, in get_dashboard_stats
    raise e
  File "C:\Users\chee3\IdeaProjects\idims\backend\app\services\dashboard_service.py", line 85, in get_dashboard_stats
    Client.is_active == True
AttributeError: type object 'Client' has no attribute 'is_active'
2025-03-23 23:05:46 - app.services.dashboard_service - ERROR - Error getting dashboard stats: type object 'Technician' has no attribute 'is_active'
2025-03-23 23:05:46 - app.routers.dashboard - ERROR - Error getting dashboard stats: type object 'Technician' has no attribute 'is_active'
Traceback (most recent call last):
  File "C:\Users\chee3\IdeaProjects\idims\backend\app\routers\dashboard.py", line 79, in get_dashboard_stats
    stats = await DashboardService.get_dashboard_stats(db)
  File "C:\Users\chee3\IdeaProjects\idims\backend\app\services\dashboard_service.py", line 122, in get_dashboard_stats
    raise e
  File "C:\Users\chee3\IdeaProjects\idims\backend\app\services\dashboard_service.py", line 91, in get_dashboard_stats
    Technician.is_active == True,
AttributeError: type object 'Technician' has no attribute 'is_active'
2025-03-23 23:05:46 - app.services.dashboard_service - ERROR - Error getting dashboard stats: type object 'Technician' has no attribute 'is_active'
2025-03-23 23:05:46 - app.routers.dashboard - ERROR - Error getting dashboard stats: type object 'Technician' has no attribute 'is_active'
Traceback (most recent call last):
  File "C:\Users\chee3\IdeaProjects\idims\backend\app\routers\dashboard.py", line 79, in get_dashboard_stats
    stats = await DashboardService.get_dashboard_stats(db)
  File "C:\Users\chee3\IdeaProjects\idims\backend\app\services\dashboard_service.py", line 122, in get_dashboard_stats
    raise e
  File "C:\Users\chee3\IdeaProjects\idims\backend\app\services\dashboard_service.py", line 91, in get_dashboard_stats
    Technician.is_active == True,
AttributeError: type object 'Technician' has no attribute 'is_active'
2025-03-23 23:05:46 - app.services.dashboard_service - ERROR - Error getting dashboard stats: type object 'Technician' has no attribute 'is_active'
2025-03-23 23:05:46 - app.routers.dashboard - ERROR - Error getting dashboard stats: type object 'Technician' has no attribute 'is_active'
Traceback (most recent call last):
  File "C:\Users\chee3\IdeaProjects\idims\backend\app\routers\dashboard.py", line 79, in get_dashboard_stats
    stats = await DashboardService.get_dashboard_stats(db)
  File "C:\Users\chee3\IdeaProjects\idims\backend\app\services\dashboard_service.py", line 122, in get_dashboard_stats
    raise e
  File "C:\Users\chee3\IdeaProjects\idims\backend\app\services\dashboard_service.py", line 91, in get_dashboard_stats
    Technician.is_active == True,
AttributeError: type object 'Technician' has no attribute 'is_active'
2025-03-24 13:23:31 - app.core.middleware - ERROR - Unhandled error in request fd38d97b-cdd2-4cbc-aeb1-e6e6944176dc
Traceback (most recent call last):
  File "C:\Users\chee3\IdeaProjects\idims\venv\lib\site-packages\anyio\streams\memory.py", line 98, in receive
    return self.receive_nowait()
  File "C:\Users\chee3\IdeaProjects\idims\venv\lib\site-packages\anyio\streams\memory.py", line 93, in receive_nowait
    raise WouldBlock
anyio.WouldBlock

During handling of the above exception, another exception occurred:

Traceback (most recent call last):
  File "C:\Users\chee3\IdeaProjects\idims\venv\lib\site-packages\starlette\middleware\base.py", line 78, in call_next
    message = await recv_stream.receive()
  File "C:\Users\chee3\IdeaProjects\idims\venv\lib\site-packages\anyio\streams\memory.py", line 118, in receive
    raise EndOfStream
anyio.EndOfStream

During handling of the above exception, another exception occurred:

Traceback (most recent call last):
  File "C:\Users\chee3\IdeaProjects\idims\backend\app\core\middleware.py", line 62, in dispatch
    response = await call_next(request)
  File "C:\Users\chee3\IdeaProjects\idims\venv\lib\site-packages\starlette\middleware\base.py", line 84, in call_next
    raise app_exc
  File "C:\Users\chee3\IdeaProjects\idims\venv\lib\site-packages\starlette\middleware\base.py", line 70, in coro
    await self.app(scope, receive_or_disconnect, send_no_error)
  File "C:\Users\chee3\IdeaProjects\idims\venv\lib\site-packages\starlette\middleware\base.py", line 108, in __call__
    response = await self.dispatch_func(request, call_next)
  File "C:\Users\chee3\IdeaProjects\idims\backend\app\core\middleware.py", line 136, in dispatch
    response = await call_next(request)
  File "C:\Users\chee3\IdeaProjects\idims\venv\lib\site-packages\starlette\middleware\base.py", line 84, in call_next
    raise app_exc
  File "C:\Users\chee3\IdeaProjects\idims\venv\lib\site-packages\starlette\middleware\base.py", line 70, in coro
    await self.app(scope, receive_or_disconnect, send_no_error)
  File "C:\Users\chee3\IdeaProjects\idims\venv\lib\site-packages\starlette\middleware\cors.py", line 91, in __call__
    await self.simple_response(scope, receive, send, request_headers=headers)
  File "C:\Users\chee3\IdeaProjects\idims\venv\lib\site-packages\starlette\middleware\cors.py", line 146, in simple_response
    await self.app(scope, receive, send)
  File "C:\Users\chee3\IdeaProjects\idims\venv\lib\site-packages\starlette\middleware\exceptions.py", line 79, in __call__
    raise exc
  File "C:\Users\chee3\IdeaProjects\idims\venv\lib\site-packages\starlette\middleware\exceptions.py", line 68, in __call__
    await self.app(scope, receive, sender)
  File "C:\Users\chee3\IdeaProjects\idims\venv\lib\site-packages\fastapi\middleware\asyncexitstack.py", line 20, in __call__
    raise e
  File "C:\Users\chee3\IdeaProjects\idims\venv\lib\site-packages\fastapi\middleware\asyncexitstack.py", line 17, in __call__
    await self.app(scope, receive, send)
  File "C:\Users\chee3\IdeaProjects\idims\venv\lib\site-packages\starlette\routing.py", line 718, in __call__
    await route.handle(scope, receive, send)
  File "C:\Users\chee3\IdeaProjects\idims\venv\lib\site-packages\starlette\routing.py", line 276, in handle
    await self.app(scope, receive, send)
  File "C:\Users\chee3\IdeaProjects\idims\venv\lib\site-packages\starlette\routing.py", line 66, in app
    response = await func(request)
  File "C:\Users\chee3\IdeaProjects\idims\venv\lib\site-packages\fastapi\routing.py", line 263, in app
    solved_result = await solve_dependencies(
  File "C:\Users\chee3\IdeaProjects\idims\venv\lib\site-packages\fastapi\dependencies\utils.py", line 584, in solve_dependencies
    solved = await call(**sub_values)
  File "C:\Users\chee3\IdeaProjects\idims\backend\app\routers\work_orders.py", line 22, in get_current_user_dependency
    return await auth_handler.get_current_user()
  File "C:\Users\chee3\IdeaProjects\idims\backend\app\core\auth.py", line 254, in get_current_user
    payload = jwt.decode(
  File "C:\Users\chee3\IdeaProjects\idims\venv\lib\site-packages\jose\jwt.py", line 142, in decode
    payload = jws.verify(token, key, algorithms, verify=verify_signature)
  File "C:\Users\chee3\IdeaProjects\idims\venv\lib\site-packages\jose\jws.py", line 70, in verify
    header, payload, signing_input, signature = _load(token)
  File "C:\Users\chee3\IdeaProjects\idims\venv\lib\site-packages\jose\jws.py", line 176, in _load
    signing_input, crypto_segment = jwt.rsplit(b".", 1)
AttributeError: 'Depends' object has no attribute 'rsplit'
2025-03-24 13:23:32 - app.core.middleware - ERROR - Unhandled error in request 5ca4b48c-da11-41d1-a5a9-c056373b5988
Traceback (most recent call last):
  File "C:\Users\chee3\IdeaProjects\idims\venv\lib\site-packages\anyio\streams\memory.py", line 98, in receive
    return self.receive_nowait()
  File "C:\Users\chee3\IdeaProjects\idims\venv\lib\site-packages\anyio\streams\memory.py", line 93, in receive_nowait
    raise WouldBlock
anyio.WouldBlock

During handling of the above exception, another exception occurred:

Traceback (most recent call last):
  File "C:\Users\chee3\IdeaProjects\idims\venv\lib\site-packages\starlette\middleware\base.py", line 78, in call_next
    message = await recv_stream.receive()
  File "C:\Users\chee3\IdeaProjects\idims\venv\lib\site-packages\anyio\streams\memory.py", line 118, in receive
    raise EndOfStream
anyio.EndOfStream

During handling of the above exception, another exception occurred:

Traceback (most recent call last):
  File "C:\Users\chee3\IdeaProjects\idims\backend\app\core\middleware.py", line 62, in dispatch
    response = await call_next(request)
  File "C:\Users\chee3\IdeaProjects\idims\venv\lib\site-packages\starlette\middleware\base.py", line 84, in call_next
    raise app_exc
  File "C:\Users\chee3\IdeaProjects\idims\venv\lib\site-packages\starlette\middleware\base.py", line 70, in coro
    await self.app(scope, receive_or_disconnect, send_no_error)
  File "C:\Users\chee3\IdeaProjects\idims\venv\lib\site-packages\starlette\middleware\base.py", line 108, in __call__
    response = await self.dispatch_func(request, call_next)
  File "C:\Users\chee3\IdeaProjects\idims\backend\app\core\middleware.py", line 136, in dispatch
    response = await call_next(request)
  File "C:\Users\chee3\IdeaProjects\idims\venv\lib\site-packages\starlette\middleware\base.py", line 84, in call_next
    raise app_exc
  File "C:\Users\chee3\IdeaProjects\idims\venv\lib\site-packages\starlette\middleware\base.py", line 70, in coro
    await self.app(scope, receive_or_disconnect, send_no_error)
  File "C:\Users\chee3\IdeaProjects\idims\venv\lib\site-packages\starlette\middleware\cors.py", line 91, in __call__
    await self.simple_response(scope, receive, send, request_headers=headers)
  File "C:\Users\chee3\IdeaProjects\idims\venv\lib\site-packages\starlette\middleware\cors.py", line 146, in simple_response
    await self.app(scope, receive, send)
  File "C:\Users\chee3\IdeaProjects\idims\venv\lib\site-packages\starlette\middleware\exceptions.py", line 79, in __call__
    raise exc
  File "C:\Users\chee3\IdeaProjects\idims\venv\lib\site-packages\starlette\middleware\exceptions.py", line 68, in __call__
    await self.app(scope, receive, sender)
  File "C:\Users\chee3\IdeaProjects\idims\venv\lib\site-packages\fastapi\middleware\asyncexitstack.py", line 20, in __call__
    raise e
  File "C:\Users\chee3\IdeaProjects\idims\venv\lib\site-packages\fastapi\middleware\asyncexitstack.py", line 17, in __call__
    await self.app(scope, receive, send)
  File "C:\Users\chee3\IdeaProjects\idims\venv\lib\site-packages\starlette\routing.py", line 718, in __call__
    await route.handle(scope, receive, send)
  File "C:\Users\chee3\IdeaProjects\idims\venv\lib\site-packages\starlette\routing.py", line 276, in handle
    await self.app(scope, receive, send)
  File "C:\Users\chee3\IdeaProjects\idims\venv\lib\site-packages\starlette\routing.py", line 66, in app
    response = await func(request)
  File "C:\Users\chee3\IdeaProjects\idims\venv\lib\site-packages\fastapi\routing.py", line 263, in app
    solved_result = await solve_dependencies(
  File "C:\Users\chee3\IdeaProjects\idims\venv\lib\site-packages\fastapi\dependencies\utils.py", line 584, in solve_dependencies
    solved = await call(**sub_values)
  File "C:\Users\chee3\IdeaProjects\idims\backend\app\routers\work_orders.py", line 22, in get_current_user_dependency
    return await auth_handler.get_current_user()
  File "C:\Users\chee3\IdeaProjects\idims\backend\app\core\auth.py", line 254, in get_current_user
    payload = jwt.decode(
  File "C:\Users\chee3\IdeaProjects\idims\venv\lib\site-packages\jose\jwt.py", line 142, in decode
    payload = jws.verify(token, key, algorithms, verify=verify_signature)
  File "C:\Users\chee3\IdeaProjects\idims\venv\lib\site-packages\jose\jws.py", line 70, in verify
    header, payload, signing_input, signature = _load(token)
  File "C:\Users\chee3\IdeaProjects\idims\venv\lib\site-packages\jose\jws.py", line 176, in _load
    signing_input, crypto_segment = jwt.rsplit(b".", 1)
AttributeError: 'Depends' object has no attribute 'rsplit'
2025-03-24 13:25:03 - app.core.middleware - ERROR - Unhandled error in request 172c737c-77fe-4aa5-8175-769616ed25b1
Traceback (most recent call last):
  File "C:\Users\chee3\IdeaProjects\idims\venv\lib\site-packages\anyio\streams\memory.py", line 98, in receive
    return self.receive_nowait()
  File "C:\Users\chee3\IdeaProjects\idims\venv\lib\site-packages\anyio\streams\memory.py", line 93, in receive_nowait
    raise WouldBlock
anyio.WouldBlock

During handling of the above exception, another exception occurred:

Traceback (most recent call last):
  File "C:\Users\chee3\IdeaProjects\idims\venv\lib\site-packages\starlette\middleware\base.py", line 78, in call_next
    message = await recv_stream.receive()
  File "C:\Users\chee3\IdeaProjects\idims\venv\lib\site-packages\anyio\streams\memory.py", line 118, in receive
    raise EndOfStream
anyio.EndOfStream

During handling of the above exception, another exception occurred:

Traceback (most recent call last):
  File "C:\Users\chee3\IdeaProjects\idims\backend\app\core\middleware.py", line 62, in dispatch
    response = await call_next(request)
  File "C:\Users\chee3\IdeaProjects\idims\venv\lib\site-packages\starlette\middleware\base.py", line 84, in call_next
    raise app_exc
  File "C:\Users\chee3\IdeaProjects\idims\venv\lib\site-packages\starlette\middleware\base.py", line 70, in coro
    await self.app(scope, receive_or_disconnect, send_no_error)
  File "C:\Users\chee3\IdeaProjects\idims\venv\lib\site-packages\starlette\middleware\base.py", line 108, in __call__
    response = await self.dispatch_func(request, call_next)
  File "C:\Users\chee3\IdeaProjects\idims\backend\app\core\middleware.py", line 136, in dispatch
    response = await call_next(request)
  File "C:\Users\chee3\IdeaProjects\idims\venv\lib\site-packages\starlette\middleware\base.py", line 84, in call_next
    raise app_exc
  File "C:\Users\chee3\IdeaProjects\idims\venv\lib\site-packages\starlette\middleware\base.py", line 70, in coro
    await self.app(scope, receive_or_disconnect, send_no_error)
  File "C:\Users\chee3\IdeaProjects\idims\venv\lib\site-packages\starlette\middleware\cors.py", line 91, in __call__
    await self.simple_response(scope, receive, send, request_headers=headers)
  File "C:\Users\chee3\IdeaProjects\idims\venv\lib\site-packages\starlette\middleware\cors.py", line 146, in simple_response
    await self.app(scope, receive, send)
  File "C:\Users\chee3\IdeaProjects\idims\venv\lib\site-packages\starlette\middleware\exceptions.py", line 79, in __call__
    raise exc
  File "C:\Users\chee3\IdeaProjects\idims\venv\lib\site-packages\starlette\middleware\exceptions.py", line 68, in __call__
    await self.app(scope, receive, sender)
  File "C:\Users\chee3\IdeaProjects\idims\venv\lib\site-packages\fastapi\middleware\asyncexitstack.py", line 20, in __call__
    raise e
  File "C:\Users\chee3\IdeaProjects\idims\venv\lib\site-packages\fastapi\middleware\asyncexitstack.py", line 17, in __call__
    await self.app(scope, receive, send)
  File "C:\Users\chee3\IdeaProjects\idims\venv\lib\site-packages\starlette\routing.py", line 718, in __call__
    await route.handle(scope, receive, send)
  File "C:\Users\chee3\IdeaProjects\idims\venv\lib\site-packages\starlette\routing.py", line 276, in handle
    await self.app(scope, receive, send)
  File "C:\Users\chee3\IdeaProjects\idims\venv\lib\site-packages\starlette\routing.py", line 66, in app
    response = await func(request)
  File "C:\Users\chee3\IdeaProjects\idims\venv\lib\site-packages\fastapi\routing.py", line 263, in app
    solved_result = await solve_dependencies(
  File "C:\Users\chee3\IdeaProjects\idims\venv\lib\site-packages\fastapi\dependencies\utils.py", line 584, in solve_dependencies
    solved = await call(**sub_values)
  File "C:\Users\chee3\IdeaProjects\idims\backend\app\routers\clients.py", line 21, in get_current_user_dependency
    return await auth_handler.get_current_user()
  File "C:\Users\chee3\IdeaProjects\idims\backend\app\core\auth.py", line 254, in get_current_user
    payload = jwt.decode(
  File "C:\Users\chee3\IdeaProjects\idims\venv\lib\site-packages\jose\jwt.py", line 142, in decode
    payload = jws.verify(token, key, algorithms, verify=verify_signature)
  File "C:\Users\chee3\IdeaProjects\idims\venv\lib\site-packages\jose\jws.py", line 70, in verify
    header, payload, signing_input, signature = _load(token)
  File "C:\Users\chee3\IdeaProjects\idims\venv\lib\site-packages\jose\jws.py", line 176, in _load
    signing_input, crypto_segment = jwt.rsplit(b".", 1)
AttributeError: 'Depends' object has no attribute 'rsplit'
2025-03-24 13:25:03 - app.core.middleware - ERROR - Unhandled error in request 464a2fe5-a825-4762-b33f-34366e451f67
Traceback (most recent call last):
  File "C:\Users\chee3\IdeaProjects\idims\venv\lib\site-packages\anyio\streams\memory.py", line 98, in receive
    return self.receive_nowait()
  File "C:\Users\chee3\IdeaProjects\idims\venv\lib\site-packages\anyio\streams\memory.py", line 93, in receive_nowait
    raise WouldBlock
anyio.WouldBlock

During handling of the above exception, another exception occurred:

Traceback (most recent call last):
  File "C:\Users\chee3\IdeaProjects\idims\venv\lib\site-packages\starlette\middleware\base.py", line 78, in call_next
    message = await recv_stream.receive()
  File "C:\Users\chee3\IdeaProjects\idims\venv\lib\site-packages\anyio\streams\memory.py", line 118, in receive
    raise EndOfStream
anyio.EndOfStream

During handling of the above exception, another exception occurred:

Traceback (most recent call last):
  File "C:\Users\chee3\IdeaProjects\idims\backend\app\core\middleware.py", line 62, in dispatch
    response = await call_next(request)
  File "C:\Users\chee3\IdeaProjects\idims\venv\lib\site-packages\starlette\middleware\base.py", line 84, in call_next
    raise app_exc
  File "C:\Users\chee3\IdeaProjects\idims\venv\lib\site-packages\starlette\middleware\base.py", line 70, in coro
    await self.app(scope, receive_or_disconnect, send_no_error)
  File "C:\Users\chee3\IdeaProjects\idims\venv\lib\site-packages\starlette\middleware\base.py", line 108, in __call__
    response = await self.dispatch_func(request, call_next)
  File "C:\Users\chee3\IdeaProjects\idims\backend\app\core\middleware.py", line 136, in dispatch
    response = await call_next(request)
  File "C:\Users\chee3\IdeaProjects\idims\venv\lib\site-packages\starlette\middleware\base.py", line 84, in call_next
    raise app_exc
  File "C:\Users\chee3\IdeaProjects\idims\venv\lib\site-packages\starlette\middleware\base.py", line 70, in coro
    await self.app(scope, receive_or_disconnect, send_no_error)
  File "C:\Users\chee3\IdeaProjects\idims\venv\lib\site-packages\starlette\middleware\cors.py", line 91, in __call__
    await self.simple_response(scope, receive, send, request_headers=headers)
  File "C:\Users\chee3\IdeaProjects\idims\venv\lib\site-packages\starlette\middleware\cors.py", line 146, in simple_response
    await self.app(scope, receive, send)
  File "C:\Users\chee3\IdeaProjects\idims\venv\lib\site-packages\starlette\middleware\exceptions.py", line 79, in __call__
    raise exc
  File "C:\Users\chee3\IdeaProjects\idims\venv\lib\site-packages\starlette\middleware\exceptions.py", line 68, in __call__
    await self.app(scope, receive, sender)
  File "C:\Users\chee3\IdeaProjects\idims\venv\lib\site-packages\fastapi\middleware\asyncexitstack.py", line 20, in __call__
    raise e
  File "C:\Users\chee3\IdeaProjects\idims\venv\lib\site-packages\fastapi\middleware\asyncexitstack.py", line 17, in __call__
    await self.app(scope, receive, send)
  File "C:\Users\chee3\IdeaProjects\idims\venv\lib\site-packages\starlette\routing.py", line 718, in __call__
    await route.handle(scope, receive, send)
  File "C:\Users\chee3\IdeaProjects\idims\venv\lib\site-packages\starlette\routing.py", line 276, in handle
    await self.app(scope, receive, send)
  File "C:\Users\chee3\IdeaProjects\idims\venv\lib\site-packages\starlette\routing.py", line 66, in app
    response = await func(request)
  File "C:\Users\chee3\IdeaProjects\idims\venv\lib\site-packages\fastapi\routing.py", line 263, in app
    solved_result = await solve_dependencies(
  File "C:\Users\chee3\IdeaProjects\idims\venv\lib\site-packages\fastapi\dependencies\utils.py", line 584, in solve_dependencies
    solved = await call(**sub_values)
  File "C:\Users\chee3\IdeaProjects\idims\backend\app\routers\technicians.py", line 21, in get_current_user_dependency
    return await auth_handler.get_current_user()
  File "C:\Users\chee3\IdeaProjects\idims\backend\app\core\auth.py", line 254, in get_current_user
    payload = jwt.decode(
  File "C:\Users\chee3\IdeaProjects\idims\venv\lib\site-packages\jose\jwt.py", line 142, in decode
    payload = jws.verify(token, key, algorithms, verify=verify_signature)
  File "C:\Users\chee3\IdeaProjects\idims\venv\lib\site-packages\jose\jws.py", line 70, in verify
    header, payload, signing_input, signature = _load(token)
  File "C:\Users\chee3\IdeaProjects\idims\venv\lib\site-packages\jose\jws.py", line 176, in _load
    signing_input, crypto_segment = jwt.rsplit(b".", 1)
AttributeError: 'Depends' object has no attribute 'rsplit'
2025-03-24 13:25:03 - app.core.middleware - ERROR - Unhandled error in request 047a0410-64f9-4bca-b5c7-8db4cfda1ae6
Traceback (most recent call last):
  File "C:\Users\chee3\IdeaProjects\idims\venv\lib\site-packages\anyio\streams\memory.py", line 98, in receive
    return self.receive_nowait()
  File "C:\Users\chee3\IdeaProjects\idims\venv\lib\site-packages\anyio\streams\memory.py", line 93, in receive_nowait
    raise WouldBlock
anyio.WouldBlock

During handling of the above exception, another exception occurred:

Traceback (most recent call last):
  File "C:\Users\chee3\IdeaProjects\idims\venv\lib\site-packages\starlette\middleware\base.py", line 78, in call_next
    message = await recv_stream.receive()
  File "C:\Users\chee3\IdeaProjects\idims\venv\lib\site-packages\anyio\streams\memory.py", line 118, in receive
    raise EndOfStream
anyio.EndOfStream

During handling of the above exception, another exception occurred:

Traceback (most recent call last):
  File "C:\Users\chee3\IdeaProjects\idims\backend\app\core\middleware.py", line 62, in dispatch
    response = await call_next(request)
  File "C:\Users\chee3\IdeaProjects\idims\venv\lib\site-packages\starlette\middleware\base.py", line 84, in call_next
    raise app_exc
  File "C:\Users\chee3\IdeaProjects\idims\venv\lib\site-packages\starlette\middleware\base.py", line 70, in coro
    await self.app(scope, receive_or_disconnect, send_no_error)
  File "C:\Users\chee3\IdeaProjects\idims\venv\lib\site-packages\starlette\middleware\base.py", line 108, in __call__
    response = await self.dispatch_func(request, call_next)
  File "C:\Users\chee3\IdeaProjects\idims\backend\app\core\middleware.py", line 136, in dispatch
    response = await call_next(request)
  File "C:\Users\chee3\IdeaProjects\idims\venv\lib\site-packages\starlette\middleware\base.py", line 84, in call_next
    raise app_exc
  File "C:\Users\chee3\IdeaProjects\idims\venv\lib\site-packages\starlette\middleware\base.py", line 70, in coro
    await self.app(scope, receive_or_disconnect, send_no_error)
  File "C:\Users\chee3\IdeaProjects\idims\venv\lib\site-packages\starlette\middleware\cors.py", line 91, in __call__
    await self.simple_response(scope, receive, send, request_headers=headers)
  File "C:\Users\chee3\IdeaProjects\idims\venv\lib\site-packages\starlette\middleware\cors.py", line 146, in simple_response
    await self.app(scope, receive, send)
  File "C:\Users\chee3\IdeaProjects\idims\venv\lib\site-packages\starlette\middleware\exceptions.py", line 79, in __call__
    raise exc
  File "C:\Users\chee3\IdeaProjects\idims\venv\lib\site-packages\starlette\middleware\exceptions.py", line 68, in __call__
    await self.app(scope, receive, sender)
  File "C:\Users\chee3\IdeaProjects\idims\venv\lib\site-packages\fastapi\middleware\asyncexitstack.py", line 20, in __call__
    raise e
  File "C:\Users\chee3\IdeaProjects\idims\venv\lib\site-packages\fastapi\middleware\asyncexitstack.py", line 17, in __call__
    await self.app(scope, receive, send)
  File "C:\Users\chee3\IdeaProjects\idims\venv\lib\site-packages\starlette\routing.py", line 718, in __call__
    await route.handle(scope, receive, send)
  File "C:\Users\chee3\IdeaProjects\idims\venv\lib\site-packages\starlette\routing.py", line 276, in handle
    await self.app(scope, receive, send)
  File "C:\Users\chee3\IdeaProjects\idims\venv\lib\site-packages\starlette\routing.py", line 66, in app
    response = await func(request)
  File "C:\Users\chee3\IdeaProjects\idims\venv\lib\site-packages\fastapi\routing.py", line 263, in app
    solved_result = await solve_dependencies(
  File "C:\Users\chee3\IdeaProjects\idims\venv\lib\site-packages\fastapi\dependencies\utils.py", line 584, in solve_dependencies
    solved = await call(**sub_values)
  File "C:\Users\chee3\IdeaProjects\idims\backend\app\routers\clients.py", line 21, in get_current_user_dependency
    return await auth_handler.get_current_user()
  File "C:\Users\chee3\IdeaProjects\idims\backend\app\core\auth.py", line 254, in get_current_user
    payload = jwt.decode(
  File "C:\Users\chee3\IdeaProjects\idims\venv\lib\site-packages\jose\jwt.py", line 142, in decode
    payload = jws.verify(token, key, algorithms, verify=verify_signature)
  File "C:\Users\chee3\IdeaProjects\idims\venv\lib\site-packages\jose\jws.py", line 70, in verify
    header, payload, signing_input, signature = _load(token)
  File "C:\Users\chee3\IdeaProjects\idims\venv\lib\site-packages\jose\jws.py", line 176, in _load
    signing_input, crypto_segment = jwt.rsplit(b".", 1)
AttributeError: 'Depends' object has no attribute 'rsplit'
2025-03-24 13:25:03 - app.core.middleware - ERROR - Unhandled error in request ef40b79c-6112-4873-b5a3-a246a12518ec
Traceback (most recent call last):
  File "C:\Users\chee3\IdeaProjects\idims\venv\lib\site-packages\anyio\streams\memory.py", line 98, in receive
    return self.receive_nowait()
  File "C:\Users\chee3\IdeaProjects\idims\venv\lib\site-packages\anyio\streams\memory.py", line 93, in receive_nowait
    raise WouldBlock
anyio.WouldBlock

During handling of the above exception, another exception occurred:

Traceback (most recent call last):
  File "C:\Users\chee3\IdeaProjects\idims\venv\lib\site-packages\starlette\middleware\base.py", line 78, in call_next
    message = await recv_stream.receive()
  File "C:\Users\chee3\IdeaProjects\idims\venv\lib\site-packages\anyio\streams\memory.py", line 118, in receive
    raise EndOfStream
anyio.EndOfStream

During handling of the above exception, another exception occurred:

Traceback (most recent call last):
  File "C:\Users\chee3\IdeaProjects\idims\backend\app\core\middleware.py", line 62, in dispatch
    response = await call_next(request)
  File "C:\Users\chee3\IdeaProjects\idims\venv\lib\site-packages\starlette\middleware\base.py", line 84, in call_next
    raise app_exc
  File "C:\Users\chee3\IdeaProjects\idims\venv\lib\site-packages\starlette\middleware\base.py", line 70, in coro
    await self.app(scope, receive_or_disconnect, send_no_error)
  File "C:\Users\chee3\IdeaProjects\idims\venv\lib\site-packages\starlette\middleware\base.py", line 108, in __call__
    response = await self.dispatch_func(request, call_next)
  File "C:\Users\chee3\IdeaProjects\idims\backend\app\core\middleware.py", line 136, in dispatch
    response = await call_next(request)
  File "C:\Users\chee3\IdeaProjects\idims\venv\lib\site-packages\starlette\middleware\base.py", line 84, in call_next
    raise app_exc
  File "C:\Users\chee3\IdeaProjects\idims\venv\lib\site-packages\starlette\middleware\base.py", line 70, in coro
    await self.app(scope, receive_or_disconnect, send_no_error)
  File "C:\Users\chee3\IdeaProjects\idims\venv\lib\site-packages\starlette\middleware\cors.py", line 91, in __call__
    await self.simple_response(scope, receive, send, request_headers=headers)
  File "C:\Users\chee3\IdeaProjects\idims\venv\lib\site-packages\starlette\middleware\cors.py", line 146, in simple_response
    await self.app(scope, receive, send)
  File "C:\Users\chee3\IdeaProjects\idims\venv\lib\site-packages\starlette\middleware\exceptions.py", line 79, in __call__
    raise exc
  File "C:\Users\chee3\IdeaProjects\idims\venv\lib\site-packages\starlette\middleware\exceptions.py", line 68, in __call__
    await self.app(scope, receive, sender)
  File "C:\Users\chee3\IdeaProjects\idims\venv\lib\site-packages\fastapi\middleware\asyncexitstack.py", line 20, in __call__
    raise e
  File "C:\Users\chee3\IdeaProjects\idims\venv\lib\site-packages\fastapi\middleware\asyncexitstack.py", line 17, in __call__
    await self.app(scope, receive, send)
  File "C:\Users\chee3\IdeaProjects\idims\venv\lib\site-packages\starlette\routing.py", line 718, in __call__
    await route.handle(scope, receive, send)
  File "C:\Users\chee3\IdeaProjects\idims\venv\lib\site-packages\starlette\routing.py", line 276, in handle
    await self.app(scope, receive, send)
  File "C:\Users\chee3\IdeaProjects\idims\venv\lib\site-packages\starlette\routing.py", line 66, in app
    response = await func(request)
  File "C:\Users\chee3\IdeaProjects\idims\venv\lib\site-packages\fastapi\routing.py", line 263, in app
    solved_result = await solve_dependencies(
  File "C:\Users\chee3\IdeaProjects\idims\venv\lib\site-packages\fastapi\dependencies\utils.py", line 584, in solve_dependencies
    solved = await call(**sub_values)
  File "C:\Users\chee3\IdeaProjects\idims\backend\app\routers\technicians.py", line 21, in get_current_user_dependency
    return await auth_handler.get_current_user()
  File "C:\Users\chee3\IdeaProjects\idims\backend\app\core\auth.py", line 254, in get_current_user
    payload = jwt.decode(
  File "C:\Users\chee3\IdeaProjects\idims\venv\lib\site-packages\jose\jwt.py", line 142, in decode
    payload = jws.verify(token, key, algorithms, verify=verify_signature)
  File "C:\Users\chee3\IdeaProjects\idims\venv\lib\site-packages\jose\jws.py", line 70, in verify
    header, payload, signing_input, signature = _load(token)
  File "C:\Users\chee3\IdeaProjects\idims\venv\lib\site-packages\jose\jws.py", line 176, in _load
    signing_input, crypto_segment = jwt.rsplit(b".", 1)
AttributeError: 'Depends' object has no attribute 'rsplit'
2025-03-24 13:25:04 - app.core.middleware - ERROR - Unhandled error in request c5c1c7cc-1b91-42af-b05f-a8dab4ef1a6c
Traceback (most recent call last):
  File "C:\Users\chee3\IdeaProjects\idims\venv\lib\site-packages\anyio\streams\memory.py", line 98, in receive
    return self.receive_nowait()
  File "C:\Users\chee3\IdeaProjects\idims\venv\lib\site-packages\anyio\streams\memory.py", line 93, in receive_nowait
    raise WouldBlock
anyio.WouldBlock

During handling of the above exception, another exception occurred:

Traceback (most recent call last):
  File "C:\Users\chee3\IdeaProjects\idims\venv\lib\site-packages\starlette\middleware\base.py", line 78, in call_next
    message = await recv_stream.receive()
  File "C:\Users\chee3\IdeaProjects\idims\venv\lib\site-packages\anyio\streams\memory.py", line 118, in receive
    raise EndOfStream
anyio.EndOfStream

During handling of the above exception, another exception occurred:

Traceback (most recent call last):
  File "C:\Users\chee3\IdeaProjects\idims\backend\app\core\middleware.py", line 62, in dispatch
    response = await call_next(request)
  File "C:\Users\chee3\IdeaProjects\idims\venv\lib\site-packages\starlette\middleware\base.py", line 84, in call_next
    raise app_exc
  File "C:\Users\chee3\IdeaProjects\idims\venv\lib\site-packages\starlette\middleware\base.py", line 70, in coro
    await self.app(scope, receive_or_disconnect, send_no_error)
  File "C:\Users\chee3\IdeaProjects\idims\venv\lib\site-packages\starlette\middleware\base.py", line 108, in __call__
    response = await self.dispatch_func(request, call_next)
  File "C:\Users\chee3\IdeaProjects\idims\backend\app\core\middleware.py", line 136, in dispatch
    response = await call_next(request)
  File "C:\Users\chee3\IdeaProjects\idims\venv\lib\site-packages\starlette\middleware\base.py", line 84, in call_next
    raise app_exc
  File "C:\Users\chee3\IdeaProjects\idims\venv\lib\site-packages\starlette\middleware\base.py", line 70, in coro
    await self.app(scope, receive_or_disconnect, send_no_error)
  File "C:\Users\chee3\IdeaProjects\idims\venv\lib\site-packages\starlette\middleware\cors.py", line 91, in __call__
    await self.simple_response(scope, receive, send, request_headers=headers)
  File "C:\Users\chee3\IdeaProjects\idims\venv\lib\site-packages\starlette\middleware\cors.py", line 146, in simple_response
    await self.app(scope, receive, send)
  File "C:\Users\chee3\IdeaProjects\idims\venv\lib\site-packages\starlette\middleware\exceptions.py", line 79, in __call__
    raise exc
  File "C:\Users\chee3\IdeaProjects\idims\venv\lib\site-packages\starlette\middleware\exceptions.py", line 68, in __call__
    await self.app(scope, receive, sender)
  File "C:\Users\chee3\IdeaProjects\idims\venv\lib\site-packages\fastapi\middleware\asyncexitstack.py", line 20, in __call__
    raise e
  File "C:\Users\chee3\IdeaProjects\idims\venv\lib\site-packages\fastapi\middleware\asyncexitstack.py", line 17, in __call__
    await self.app(scope, receive, send)
  File "C:\Users\chee3\IdeaProjects\idims\venv\lib\site-packages\starlette\routing.py", line 718, in __call__
    await route.handle(scope, receive, send)
  File "C:\Users\chee3\IdeaProjects\idims\venv\lib\site-packages\starlette\routing.py", line 276, in handle
    await self.app(scope, receive, send)
  File "C:\Users\chee3\IdeaProjects\idims\venv\lib\site-packages\starlette\routing.py", line 66, in app
    response = await func(request)
  File "C:\Users\chee3\IdeaProjects\idims\venv\lib\site-packages\fastapi\routing.py", line 263, in app
    solved_result = await solve_dependencies(
  File "C:\Users\chee3\IdeaProjects\idims\venv\lib\site-packages\fastapi\dependencies\utils.py", line 584, in solve_dependencies
    solved = await call(**sub_values)
  File "C:\Users\chee3\IdeaProjects\idims\backend\app\routers\clients.py", line 21, in get_current_user_dependency
    return await auth_handler.get_current_user()
  File "C:\Users\chee3\IdeaProjects\idims\backend\app\core\auth.py", line 254, in get_current_user
    payload = jwt.decode(
  File "C:\Users\chee3\IdeaProjects\idims\venv\lib\site-packages\jose\jwt.py", line 142, in decode
    payload = jws.verify(token, key, algorithms, verify=verify_signature)
  File "C:\Users\chee3\IdeaProjects\idims\venv\lib\site-packages\jose\jws.py", line 70, in verify
    header, payload, signing_input, signature = _load(token)
  File "C:\Users\chee3\IdeaProjects\idims\venv\lib\site-packages\jose\jws.py", line 176, in _load
    signing_input, crypto_segment = jwt.rsplit(b".", 1)
AttributeError: 'Depends' object has no attribute 'rsplit'
2025-03-24 13:25:04 - app.core.middleware - ERROR - Unhandled error in request d2d0e5c9-ede7-4cf7-a0d2-c21bc62c6a57
Traceback (most recent call last):
  File "C:\Users\chee3\IdeaProjects\idims\venv\lib\site-packages\anyio\streams\memory.py", line 98, in receive
    return self.receive_nowait()
  File "C:\Users\chee3\IdeaProjects\idims\venv\lib\site-packages\anyio\streams\memory.py", line 93, in receive_nowait
    raise WouldBlock
anyio.WouldBlock

During handling of the above exception, another exception occurred:

Traceback (most recent call last):
  File "C:\Users\chee3\IdeaProjects\idims\venv\lib\site-packages\starlette\middleware\base.py", line 78, in call_next
    message = await recv_stream.receive()
  File "C:\Users\chee3\IdeaProjects\idims\venv\lib\site-packages\anyio\streams\memory.py", line 118, in receive
    raise EndOfStream
anyio.EndOfStream

During handling of the above exception, another exception occurred:

Traceback (most recent call last):
  File "C:\Users\chee3\IdeaProjects\idims\backend\app\core\middleware.py", line 62, in dispatch
    response = await call_next(request)
  File "C:\Users\chee3\IdeaProjects\idims\venv\lib\site-packages\starlette\middleware\base.py", line 84, in call_next
    raise app_exc
  File "C:\Users\chee3\IdeaProjects\idims\venv\lib\site-packages\starlette\middleware\base.py", line 70, in coro
    await self.app(scope, receive_or_disconnect, send_no_error)
  File "C:\Users\chee3\IdeaProjects\idims\venv\lib\site-packages\starlette\middleware\base.py", line 108, in __call__
    response = await self.dispatch_func(request, call_next)
  File "C:\Users\chee3\IdeaProjects\idims\backend\app\core\middleware.py", line 136, in dispatch
    response = await call_next(request)
  File "C:\Users\chee3\IdeaProjects\idims\venv\lib\site-packages\starlette\middleware\base.py", line 84, in call_next
    raise app_exc
  File "C:\Users\chee3\IdeaProjects\idims\venv\lib\site-packages\starlette\middleware\base.py", line 70, in coro
    await self.app(scope, receive_or_disconnect, send_no_error)
  File "C:\Users\chee3\IdeaProjects\idims\venv\lib\site-packages\starlette\middleware\cors.py", line 91, in __call__
    await self.simple_response(scope, receive, send, request_headers=headers)
  File "C:\Users\chee3\IdeaProjects\idims\venv\lib\site-packages\starlette\middleware\cors.py", line 146, in simple_response
    await self.app(scope, receive, send)
  File "C:\Users\chee3\IdeaProjects\idims\venv\lib\site-packages\starlette\middleware\exceptions.py", line 79, in __call__
    raise exc
  File "C:\Users\chee3\IdeaProjects\idims\venv\lib\site-packages\starlette\middleware\exceptions.py", line 68, in __call__
    await self.app(scope, receive, sender)
  File "C:\Users\chee3\IdeaProjects\idims\venv\lib\site-packages\fastapi\middleware\asyncexitstack.py", line 20, in __call__
    raise e
  File "C:\Users\chee3\IdeaProjects\idims\venv\lib\site-packages\fastapi\middleware\asyncexitstack.py", line 17, in __call__
    await self.app(scope, receive, send)
  File "C:\Users\chee3\IdeaProjects\idims\venv\lib\site-packages\starlette\routing.py", line 718, in __call__
    await route.handle(scope, receive, send)
  File "C:\Users\chee3\IdeaProjects\idims\venv\lib\site-packages\starlette\routing.py", line 276, in handle
    await self.app(scope, receive, send)
  File "C:\Users\chee3\IdeaProjects\idims\venv\lib\site-packages\starlette\routing.py", line 66, in app
    response = await func(request)
  File "C:\Users\chee3\IdeaProjects\idims\venv\lib\site-packages\fastapi\routing.py", line 263, in app
    solved_result = await solve_dependencies(
  File "C:\Users\chee3\IdeaProjects\idims\venv\lib\site-packages\fastapi\dependencies\utils.py", line 584, in solve_dependencies
    solved = await call(**sub_values)
  File "C:\Users\chee3\IdeaProjects\idims\backend\app\routers\technicians.py", line 21, in get_current_user_dependency
    return await auth_handler.get_current_user()
  File "C:\Users\chee3\IdeaProjects\idims\backend\app\core\auth.py", line 254, in get_current_user
    payload = jwt.decode(
  File "C:\Users\chee3\IdeaProjects\idims\venv\lib\site-packages\jose\jwt.py", line 142, in decode
    payload = jws.verify(token, key, algorithms, verify=verify_signature)
  File "C:\Users\chee3\IdeaProjects\idims\venv\lib\site-packages\jose\jws.py", line 70, in verify
    header, payload, signing_input, signature = _load(token)
  File "C:\Users\chee3\IdeaProjects\idims\venv\lib\site-packages\jose\jws.py", line 176, in _load
    signing_input, crypto_segment = jwt.rsplit(b".", 1)
AttributeError: 'Depends' object has no attribute 'rsplit'
2025-03-24 13:30:50 - app.core.middleware - ERROR - Unhandled error in request cbaf9034-0930-4b3d-a626-b2ad10671c59
Traceback (most recent call last):
  File "C:\Users\chee3\IdeaProjects\idims\venv\lib\site-packages\anyio\streams\memory.py", line 98, in receive
    return self.receive_nowait()
  File "C:\Users\chee3\IdeaProjects\idims\venv\lib\site-packages\anyio\streams\memory.py", line 93, in receive_nowait
    raise WouldBlock
anyio.WouldBlock

During handling of the above exception, another exception occurred:

Traceback (most recent call last):
  File "C:\Users\chee3\IdeaProjects\idims\venv\lib\site-packages\starlette\middleware\base.py", line 78, in call_next
    message = await recv_stream.receive()
  File "C:\Users\chee3\IdeaProjects\idims\venv\lib\site-packages\anyio\streams\memory.py", line 118, in receive
    raise EndOfStream
anyio.EndOfStream

During handling of the above exception, another exception occurred:

Traceback (most recent call last):
  File "C:\Users\chee3\IdeaProjects\idims\backend\app\core\middleware.py", line 62, in dispatch
    response = await call_next(request)
  File "C:\Users\chee3\IdeaProjects\idims\venv\lib\site-packages\starlette\middleware\base.py", line 84, in call_next
    raise app_exc
  File "C:\Users\chee3\IdeaProjects\idims\venv\lib\site-packages\starlette\middleware\base.py", line 70, in coro
    await self.app(scope, receive_or_disconnect, send_no_error)
  File "C:\Users\chee3\IdeaProjects\idims\venv\lib\site-packages\starlette\middleware\base.py", line 108, in __call__
    response = await self.dispatch_func(request, call_next)
  File "C:\Users\chee3\IdeaProjects\idims\backend\app\core\middleware.py", line 136, in dispatch
    response = await call_next(request)
  File "C:\Users\chee3\IdeaProjects\idims\venv\lib\site-packages\starlette\middleware\base.py", line 84, in call_next
    raise app_exc
  File "C:\Users\chee3\IdeaProjects\idims\venv\lib\site-packages\starlette\middleware\base.py", line 70, in coro
    await self.app(scope, receive_or_disconnect, send_no_error)
  File "C:\Users\chee3\IdeaProjects\idims\venv\lib\site-packages\starlette\middleware\cors.py", line 91, in __call__
    await self.simple_response(scope, receive, send, request_headers=headers)
  File "C:\Users\chee3\IdeaProjects\idims\venv\lib\site-packages\starlette\middleware\cors.py", line 146, in simple_response
    await self.app(scope, receive, send)
  File "C:\Users\chee3\IdeaProjects\idims\venv\lib\site-packages\starlette\middleware\exceptions.py", line 79, in __call__
    raise exc
  File "C:\Users\chee3\IdeaProjects\idims\venv\lib\site-packages\starlette\middleware\exceptions.py", line 68, in __call__
    await self.app(scope, receive, sender)
  File "C:\Users\chee3\IdeaProjects\idims\venv\lib\site-packages\fastapi\middleware\asyncexitstack.py", line 20, in __call__
    raise e
  File "C:\Users\chee3\IdeaProjects\idims\venv\lib\site-packages\fastapi\middleware\asyncexitstack.py", line 17, in __call__
    await self.app(scope, receive, send)
  File "C:\Users\chee3\IdeaProjects\idims\venv\lib\site-packages\starlette\routing.py", line 718, in __call__
    await route.handle(scope, receive, send)
  File "C:\Users\chee3\IdeaProjects\idims\venv\lib\site-packages\starlette\routing.py", line 276, in handle
    await self.app(scope, receive, send)
  File "C:\Users\chee3\IdeaProjects\idims\venv\lib\site-packages\starlette\routing.py", line 66, in app
    response = await func(request)
  File "C:\Users\chee3\IdeaProjects\idims\venv\lib\site-packages\fastapi\routing.py", line 263, in app
    solved_result = await solve_dependencies(
  File "C:\Users\chee3\IdeaProjects\idims\venv\lib\site-packages\fastapi\dependencies\utils.py", line 584, in solve_dependencies
    solved = await call(**sub_values)
  File "C:\Users\chee3\IdeaProjects\idims\backend\app\routers\work_orders.py", line 22, in get_current_user_dependency
    return await auth_handler.get_current_user()
  File "C:\Users\chee3\IdeaProjects\idims\backend\app\core\auth.py", line 254, in get_current_user
    payload = jwt.decode(
  File "C:\Users\chee3\IdeaProjects\idims\venv\lib\site-packages\jose\jwt.py", line 142, in decode
    payload = jws.verify(token, key, algorithms, verify=verify_signature)
  File "C:\Users\chee3\IdeaProjects\idims\venv\lib\site-packages\jose\jws.py", line 70, in verify
    header, payload, signing_input, signature = _load(token)
  File "C:\Users\chee3\IdeaProjects\idims\venv\lib\site-packages\jose\jws.py", line 176, in _load
    signing_input, crypto_segment = jwt.rsplit(b".", 1)
AttributeError: 'Depends' object has no attribute 'rsplit'
2025-03-24 13:30:51 - app.core.middleware - ERROR - Unhandled error in request c225db20-b78f-489c-8ddd-a9c645c2a294
Traceback (most recent call last):
  File "C:\Users\chee3\IdeaProjects\idims\venv\lib\site-packages\anyio\streams\memory.py", line 98, in receive
    return self.receive_nowait()
  File "C:\Users\chee3\IdeaProjects\idims\venv\lib\site-packages\anyio\streams\memory.py", line 93, in receive_nowait
    raise WouldBlock
anyio.WouldBlock

During handling of the above exception, another exception occurred:

Traceback (most recent call last):
  File "C:\Users\chee3\IdeaProjects\idims\venv\lib\site-packages\starlette\middleware\base.py", line 78, in call_next
    message = await recv_stream.receive()
  File "C:\Users\chee3\IdeaProjects\idims\venv\lib\site-packages\anyio\streams\memory.py", line 118, in receive
    raise EndOfStream
anyio.EndOfStream

During handling of the above exception, another exception occurred:

Traceback (most recent call last):
  File "C:\Users\chee3\IdeaProjects\idims\backend\app\core\middleware.py", line 62, in dispatch
    response = await call_next(request)
  File "C:\Users\chee3\IdeaProjects\idims\venv\lib\site-packages\starlette\middleware\base.py", line 84, in call_next
    raise app_exc
  File "C:\Users\chee3\IdeaProjects\idims\venv\lib\site-packages\starlette\middleware\base.py", line 70, in coro
    await self.app(scope, receive_or_disconnect, send_no_error)
  File "C:\Users\chee3\IdeaProjects\idims\venv\lib\site-packages\starlette\middleware\base.py", line 108, in __call__
    response = await self.dispatch_func(request, call_next)
  File "C:\Users\chee3\IdeaProjects\idims\backend\app\core\middleware.py", line 136, in dispatch
    response = await call_next(request)
  File "C:\Users\chee3\IdeaProjects\idims\venv\lib\site-packages\starlette\middleware\base.py", line 84, in call_next
    raise app_exc
  File "C:\Users\chee3\IdeaProjects\idims\venv\lib\site-packages\starlette\middleware\base.py", line 70, in coro
    await self.app(scope, receive_or_disconnect, send_no_error)
  File "C:\Users\chee3\IdeaProjects\idims\venv\lib\site-packages\starlette\middleware\cors.py", line 91, in __call__
    await self.simple_response(scope, receive, send, request_headers=headers)
  File "C:\Users\chee3\IdeaProjects\idims\venv\lib\site-packages\starlette\middleware\cors.py", line 146, in simple_response
    await self.app(scope, receive, send)
  File "C:\Users\chee3\IdeaProjects\idims\venv\lib\site-packages\starlette\middleware\exceptions.py", line 79, in __call__
    raise exc
  File "C:\Users\chee3\IdeaProjects\idims\venv\lib\site-packages\starlette\middleware\exceptions.py", line 68, in __call__
    await self.app(scope, receive, sender)
  File "C:\Users\chee3\IdeaProjects\idims\venv\lib\site-packages\fastapi\middleware\asyncexitstack.py", line 20, in __call__
    raise e
  File "C:\Users\chee3\IdeaProjects\idims\venv\lib\site-packages\fastapi\middleware\asyncexitstack.py", line 17, in __call__
    await self.app(scope, receive, send)
  File "C:\Users\chee3\IdeaProjects\idims\venv\lib\site-packages\starlette\routing.py", line 718, in __call__
    await route.handle(scope, receive, send)
  File "C:\Users\chee3\IdeaProjects\idims\venv\lib\site-packages\starlette\routing.py", line 276, in handle
    await self.app(scope, receive, send)
  File "C:\Users\chee3\IdeaProjects\idims\venv\lib\site-packages\starlette\routing.py", line 66, in app
    response = await func(request)
  File "C:\Users\chee3\IdeaProjects\idims\venv\lib\site-packages\fastapi\routing.py", line 263, in app
    solved_result = await solve_dependencies(
  File "C:\Users\chee3\IdeaProjects\idims\venv\lib\site-packages\fastapi\dependencies\utils.py", line 584, in solve_dependencies
    solved = await call(**sub_values)
  File "C:\Users\chee3\IdeaProjects\idims\backend\app\routers\work_orders.py", line 22, in get_current_user_dependency
    return await auth_handler.get_current_user()
  File "C:\Users\chee3\IdeaProjects\idims\backend\app\core\auth.py", line 254, in get_current_user
    payload = jwt.decode(
  File "C:\Users\chee3\IdeaProjects\idims\venv\lib\site-packages\jose\jwt.py", line 142, in decode
    payload = jws.verify(token, key, algorithms, verify=verify_signature)
  File "C:\Users\chee3\IdeaProjects\idims\venv\lib\site-packages\jose\jws.py", line 70, in verify
    header, payload, signing_input, signature = _load(token)
  File "C:\Users\chee3\IdeaProjects\idims\venv\lib\site-packages\jose\jws.py", line 176, in _load
    signing_input, crypto_segment = jwt.rsplit(b".", 1)
AttributeError: 'Depends' object has no attribute 'rsplit'
2025-03-24 13:31:26 - app.core.middleware - ERROR - Unhandled error in request 4e393888-2318-4141-9c59-a4c3b9175948
Traceback (most recent call last):
  File "C:\Users\chee3\IdeaProjects\idims\venv\lib\site-packages\anyio\streams\memory.py", line 98, in receive
    return self.receive_nowait()
  File "C:\Users\chee3\IdeaProjects\idims\venv\lib\site-packages\anyio\streams\memory.py", line 93, in receive_nowait
    raise WouldBlock
anyio.WouldBlock

During handling of the above exception, another exception occurred:

Traceback (most recent call last):
  File "C:\Users\chee3\IdeaProjects\idims\venv\lib\site-packages\starlette\middleware\base.py", line 78, in call_next
    message = await recv_stream.receive()
  File "C:\Users\chee3\IdeaProjects\idims\venv\lib\site-packages\anyio\streams\memory.py", line 118, in receive
    raise EndOfStream
anyio.EndOfStream

During handling of the above exception, another exception occurred:

Traceback (most recent call last):
  File "C:\Users\chee3\IdeaProjects\idims\backend\app\core\middleware.py", line 62, in dispatch
    response = await call_next(request)
  File "C:\Users\chee3\IdeaProjects\idims\venv\lib\site-packages\starlette\middleware\base.py", line 84, in call_next
    raise app_exc
  File "C:\Users\chee3\IdeaProjects\idims\venv\lib\site-packages\starlette\middleware\base.py", line 70, in coro
    await self.app(scope, receive_or_disconnect, send_no_error)
  File "C:\Users\chee3\IdeaProjects\idims\venv\lib\site-packages\starlette\middleware\base.py", line 108, in __call__
    response = await self.dispatch_func(request, call_next)
  File "C:\Users\chee3\IdeaProjects\idims\backend\app\core\middleware.py", line 136, in dispatch
    response = await call_next(request)
  File "C:\Users\chee3\IdeaProjects\idims\venv\lib\site-packages\starlette\middleware\base.py", line 84, in call_next
    raise app_exc
  File "C:\Users\chee3\IdeaProjects\idims\venv\lib\site-packages\starlette\middleware\base.py", line 70, in coro
    await self.app(scope, receive_or_disconnect, send_no_error)
  File "C:\Users\chee3\IdeaProjects\idims\venv\lib\site-packages\starlette\middleware\cors.py", line 91, in __call__
    await self.simple_response(scope, receive, send, request_headers=headers)
  File "C:\Users\chee3\IdeaProjects\idims\venv\lib\site-packages\starlette\middleware\cors.py", line 146, in simple_response
    await self.app(scope, receive, send)
  File "C:\Users\chee3\IdeaProjects\idims\venv\lib\site-packages\starlette\middleware\exceptions.py", line 79, in __call__
    raise exc
  File "C:\Users\chee3\IdeaProjects\idims\venv\lib\site-packages\starlette\middleware\exceptions.py", line 68, in __call__
    await self.app(scope, receive, sender)
  File "C:\Users\chee3\IdeaProjects\idims\venv\lib\site-packages\fastapi\middleware\asyncexitstack.py", line 20, in __call__
    raise e
  File "C:\Users\chee3\IdeaProjects\idims\venv\lib\site-packages\fastapi\middleware\asyncexitstack.py", line 17, in __call__
    await self.app(scope, receive, send)
  File "C:\Users\chee3\IdeaProjects\idims\venv\lib\site-packages\starlette\routing.py", line 718, in __call__
    await route.handle(scope, receive, send)
  File "C:\Users\chee3\IdeaProjects\idims\venv\lib\site-packages\starlette\routing.py", line 276, in handle
    await self.app(scope, receive, send)
  File "C:\Users\chee3\IdeaProjects\idims\venv\lib\site-packages\starlette\routing.py", line 66, in app
    response = await func(request)
  File "C:\Users\chee3\IdeaProjects\idims\venv\lib\site-packages\fastapi\routing.py", line 263, in app
    solved_result = await solve_dependencies(
  File "C:\Users\chee3\IdeaProjects\idims\venv\lib\site-packages\fastapi\dependencies\utils.py", line 584, in solve_dependencies
    solved = await call(**sub_values)
  File "C:\Users\chee3\IdeaProjects\idims\backend\app\routers\work_orders.py", line 22, in get_current_user_dependency
    return await auth_handler.get_current_user()
  File "C:\Users\chee3\IdeaProjects\idims\backend\app\core\auth.py", line 254, in get_current_user
    payload = jwt.decode(
  File "C:\Users\chee3\IdeaProjects\idims\venv\lib\site-packages\jose\jwt.py", line 142, in decode
    payload = jws.verify(token, key, algorithms, verify=verify_signature)
  File "C:\Users\chee3\IdeaProjects\idims\venv\lib\site-packages\jose\jws.py", line 70, in verify
    header, payload, signing_input, signature = _load(token)
  File "C:\Users\chee3\IdeaProjects\idims\venv\lib\site-packages\jose\jws.py", line 176, in _load
    signing_input, crypto_segment = jwt.rsplit(b".", 1)
AttributeError: 'Depends' object has no attribute 'rsplit'
2025-03-24 13:31:27 - app.core.middleware - ERROR - Unhandled error in request da5c24e4-22d8-4d22-bb0e-1547b2555f85
Traceback (most recent call last):
  File "C:\Users\chee3\IdeaProjects\idims\venv\lib\site-packages\anyio\streams\memory.py", line 98, in receive
    return self.receive_nowait()
  File "C:\Users\chee3\IdeaProjects\idims\venv\lib\site-packages\anyio\streams\memory.py", line 93, in receive_nowait
    raise WouldBlock
anyio.WouldBlock

During handling of the above exception, another exception occurred:

Traceback (most recent call last):
  File "C:\Users\chee3\IdeaProjects\idims\venv\lib\site-packages\starlette\middleware\base.py", line 78, in call_next
    message = await recv_stream.receive()
  File "C:\Users\chee3\IdeaProjects\idims\venv\lib\site-packages\anyio\streams\memory.py", line 118, in receive
    raise EndOfStream
anyio.EndOfStream

During handling of the above exception, another exception occurred:

Traceback (most recent call last):
  File "C:\Users\chee3\IdeaProjects\idims\backend\app\core\middleware.py", line 62, in dispatch
    response = await call_next(request)
  File "C:\Users\chee3\IdeaProjects\idims\venv\lib\site-packages\starlette\middleware\base.py", line 84, in call_next
    raise app_exc
  File "C:\Users\chee3\IdeaProjects\idims\venv\lib\site-packages\starlette\middleware\base.py", line 70, in coro
    await self.app(scope, receive_or_disconnect, send_no_error)
  File "C:\Users\chee3\IdeaProjects\idims\venv\lib\site-packages\starlette\middleware\base.py", line 108, in __call__
    response = await self.dispatch_func(request, call_next)
  File "C:\Users\chee3\IdeaProjects\idims\backend\app\core\middleware.py", line 136, in dispatch
    response = await call_next(request)
  File "C:\Users\chee3\IdeaProjects\idims\venv\lib\site-packages\starlette\middleware\base.py", line 84, in call_next
    raise app_exc
  File "C:\Users\chee3\IdeaProjects\idims\venv\lib\site-packages\starlette\middleware\base.py", line 70, in coro
    await self.app(scope, receive_or_disconnect, send_no_error)
  File "C:\Users\chee3\IdeaProjects\idims\venv\lib\site-packages\starlette\middleware\cors.py", line 91, in __call__
    await self.simple_response(scope, receive, send, request_headers=headers)
  File "C:\Users\chee3\IdeaProjects\idims\venv\lib\site-packages\starlette\middleware\cors.py", line 146, in simple_response
    await self.app(scope, receive, send)
  File "C:\Users\chee3\IdeaProjects\idims\venv\lib\site-packages\starlette\middleware\exceptions.py", line 79, in __call__
    raise exc
  File "C:\Users\chee3\IdeaProjects\idims\venv\lib\site-packages\starlette\middleware\exceptions.py", line 68, in __call__
    await self.app(scope, receive, sender)
  File "C:\Users\chee3\IdeaProjects\idims\venv\lib\site-packages\fastapi\middleware\asyncexitstack.py", line 20, in __call__
    raise e
  File "C:\Users\chee3\IdeaProjects\idims\venv\lib\site-packages\fastapi\middleware\asyncexitstack.py", line 17, in __call__
    await self.app(scope, receive, send)
  File "C:\Users\chee3\IdeaProjects\idims\venv\lib\site-packages\starlette\routing.py", line 718, in __call__
    await route.handle(scope, receive, send)
  File "C:\Users\chee3\IdeaProjects\idims\venv\lib\site-packages\starlette\routing.py", line 276, in handle
    await self.app(scope, receive, send)
  File "C:\Users\chee3\IdeaProjects\idims\venv\lib\site-packages\starlette\routing.py", line 66, in app
    response = await func(request)
  File "C:\Users\chee3\IdeaProjects\idims\venv\lib\site-packages\fastapi\routing.py", line 263, in app
    solved_result = await solve_dependencies(
  File "C:\Users\chee3\IdeaProjects\idims\venv\lib\site-packages\fastapi\dependencies\utils.py", line 584, in solve_dependencies
    solved = await call(**sub_values)
  File "C:\Users\chee3\IdeaProjects\idims\backend\app\routers\work_orders.py", line 22, in get_current_user_dependency
    return await auth_handler.get_current_user()
  File "C:\Users\chee3\IdeaProjects\idims\backend\app\core\auth.py", line 254, in get_current_user
    payload = jwt.decode(
  File "C:\Users\chee3\IdeaProjects\idims\venv\lib\site-packages\jose\jwt.py", line 142, in decode
    payload = jws.verify(token, key, algorithms, verify=verify_signature)
  File "C:\Users\chee3\IdeaProjects\idims\venv\lib\site-packages\jose\jws.py", line 70, in verify
    header, payload, signing_input, signature = _load(token)
  File "C:\Users\chee3\IdeaProjects\idims\venv\lib\site-packages\jose\jws.py", line 176, in _load
    signing_input, crypto_segment = jwt.rsplit(b".", 1)
AttributeError: 'Depends' object has no attribute 'rsplit'
2025-03-24 13:36:24 - app.core.middleware - ERROR - Unhandled error in request bcf28fc3-ba31-41ca-a3d9-454a89058766
Traceback (most recent call last):
  File "C:\Users\chee3\IdeaProjects\idims\venv\lib\site-packages\anyio\streams\memory.py", line 98, in receive
    return self.receive_nowait()
  File "C:\Users\chee3\IdeaProjects\idims\venv\lib\site-packages\anyio\streams\memory.py", line 93, in receive_nowait
    raise WouldBlock
anyio.WouldBlock

During handling of the above exception, another exception occurred:

Traceback (most recent call last):
  File "C:\Users\chee3\IdeaProjects\idims\venv\lib\site-packages\starlette\middleware\base.py", line 78, in call_next
    message = await recv_stream.receive()
  File "C:\Users\chee3\IdeaProjects\idims\venv\lib\site-packages\anyio\streams\memory.py", line 118, in receive
    raise EndOfStream
anyio.EndOfStream

During handling of the above exception, another exception occurred:

Traceback (most recent call last):
  File "C:\Users\chee3\IdeaProjects\idims\backend\app\core\middleware.py", line 62, in dispatch
    response = await call_next(request)
  File "C:\Users\chee3\IdeaProjects\idims\venv\lib\site-packages\starlette\middleware\base.py", line 84, in call_next
    raise app_exc
  File "C:\Users\chee3\IdeaProjects\idims\venv\lib\site-packages\starlette\middleware\base.py", line 70, in coro
    await self.app(scope, receive_or_disconnect, send_no_error)
  File "C:\Users\chee3\IdeaProjects\idims\venv\lib\site-packages\starlette\middleware\base.py", line 108, in __call__
    response = await self.dispatch_func(request, call_next)
  File "C:\Users\chee3\IdeaProjects\idims\backend\app\core\middleware.py", line 136, in dispatch
    response = await call_next(request)
  File "C:\Users\chee3\IdeaProjects\idims\venv\lib\site-packages\starlette\middleware\base.py", line 84, in call_next
    raise app_exc
  File "C:\Users\chee3\IdeaProjects\idims\venv\lib\site-packages\starlette\middleware\base.py", line 70, in coro
    await self.app(scope, receive_or_disconnect, send_no_error)
  File "C:\Users\chee3\IdeaProjects\idims\venv\lib\site-packages\starlette\middleware\cors.py", line 91, in __call__
    await self.simple_response(scope, receive, send, request_headers=headers)
  File "C:\Users\chee3\IdeaProjects\idims\venv\lib\site-packages\starlette\middleware\cors.py", line 146, in simple_response
    await self.app(scope, receive, send)
  File "C:\Users\chee3\IdeaProjects\idims\venv\lib\site-packages\starlette\middleware\exceptions.py", line 79, in __call__
    raise exc
  File "C:\Users\chee3\IdeaProjects\idims\venv\lib\site-packages\starlette\middleware\exceptions.py", line 68, in __call__
    await self.app(scope, receive, sender)
  File "C:\Users\chee3\IdeaProjects\idims\venv\lib\site-packages\fastapi\middleware\asyncexitstack.py", line 20, in __call__
    raise e
  File "C:\Users\chee3\IdeaProjects\idims\venv\lib\site-packages\fastapi\middleware\asyncexitstack.py", line 17, in __call__
    await self.app(scope, receive, send)
  File "C:\Users\chee3\IdeaProjects\idims\venv\lib\site-packages\starlette\routing.py", line 718, in __call__
    await route.handle(scope, receive, send)
  File "C:\Users\chee3\IdeaProjects\idims\venv\lib\site-packages\starlette\routing.py", line 276, in handle
    await self.app(scope, receive, send)
  File "C:\Users\chee3\IdeaProjects\idims\venv\lib\site-packages\starlette\routing.py", line 66, in app
    response = await func(request)
  File "C:\Users\chee3\IdeaProjects\idims\venv\lib\site-packages\fastapi\routing.py", line 263, in app
    solved_result = await solve_dependencies(
  File "C:\Users\chee3\IdeaProjects\idims\venv\lib\site-packages\fastapi\dependencies\utils.py", line 584, in solve_dependencies
    solved = await call(**sub_values)
  File "C:\Users\chee3\IdeaProjects\idims\backend\app\routers\clients.py", line 21, in get_current_user_dependency
    return await auth_handler.get_current_user()
  File "C:\Users\chee3\IdeaProjects\idims\backend\app\core\auth.py", line 254, in get_current_user
    payload = jwt.decode(
  File "C:\Users\chee3\IdeaProjects\idims\venv\lib\site-packages\jose\jwt.py", line 142, in decode
    payload = jws.verify(token, key, algorithms, verify=verify_signature)
  File "C:\Users\chee3\IdeaProjects\idims\venv\lib\site-packages\jose\jws.py", line 70, in verify
    header, payload, signing_input, signature = _load(token)
  File "C:\Users\chee3\IdeaProjects\idims\venv\lib\site-packages\jose\jws.py", line 176, in _load
    signing_input, crypto_segment = jwt.rsplit(b".", 1)
AttributeError: 'Depends' object has no attribute 'rsplit'
2025-03-24 13:36:24 - app.core.middleware - ERROR - Unhandled error in request f9b25a30-c208-4b00-9f4e-b809c1e2d614
Traceback (most recent call last):
  File "C:\Users\chee3\IdeaProjects\idims\venv\lib\site-packages\anyio\streams\memory.py", line 98, in receive
    return self.receive_nowait()
  File "C:\Users\chee3\IdeaProjects\idims\venv\lib\site-packages\anyio\streams\memory.py", line 93, in receive_nowait
    raise WouldBlock
anyio.WouldBlock

During handling of the above exception, another exception occurred:

Traceback (most recent call last):
  File "C:\Users\chee3\IdeaProjects\idims\venv\lib\site-packages\starlette\middleware\base.py", line 78, in call_next
    message = await recv_stream.receive()
  File "C:\Users\chee3\IdeaProjects\idims\venv\lib\site-packages\anyio\streams\memory.py", line 118, in receive
    raise EndOfStream
anyio.EndOfStream

During handling of the above exception, another exception occurred:

Traceback (most recent call last):
  File "C:\Users\chee3\IdeaProjects\idims\backend\app\core\middleware.py", line 62, in dispatch
    response = await call_next(request)
  File "C:\Users\chee3\IdeaProjects\idims\venv\lib\site-packages\starlette\middleware\base.py", line 84, in call_next
    raise app_exc
  File "C:\Users\chee3\IdeaProjects\idims\venv\lib\site-packages\starlette\middleware\base.py", line 70, in coro
    await self.app(scope, receive_or_disconnect, send_no_error)
  File "C:\Users\chee3\IdeaProjects\idims\venv\lib\site-packages\starlette\middleware\base.py", line 108, in __call__
    response = await self.dispatch_func(request, call_next)
  File "C:\Users\chee3\IdeaProjects\idims\backend\app\core\middleware.py", line 136, in dispatch
    response = await call_next(request)
  File "C:\Users\chee3\IdeaProjects\idims\venv\lib\site-packages\starlette\middleware\base.py", line 84, in call_next
    raise app_exc
  File "C:\Users\chee3\IdeaProjects\idims\venv\lib\site-packages\starlette\middleware\base.py", line 70, in coro
    await self.app(scope, receive_or_disconnect, send_no_error)
  File "C:\Users\chee3\IdeaProjects\idims\venv\lib\site-packages\starlette\middleware\cors.py", line 91, in __call__
    await self.simple_response(scope, receive, send, request_headers=headers)
  File "C:\Users\chee3\IdeaProjects\idims\venv\lib\site-packages\starlette\middleware\cors.py", line 146, in simple_response
    await self.app(scope, receive, send)
  File "C:\Users\chee3\IdeaProjects\idims\venv\lib\site-packages\starlette\middleware\exceptions.py", line 79, in __call__
    raise exc
  File "C:\Users\chee3\IdeaProjects\idims\venv\lib\site-packages\starlette\middleware\exceptions.py", line 68, in __call__
    await self.app(scope, receive, sender)
  File "C:\Users\chee3\IdeaProjects\idims\venv\lib\site-packages\fastapi\middleware\asyncexitstack.py", line 20, in __call__
    raise e
  File "C:\Users\chee3\IdeaProjects\idims\venv\lib\site-packages\fastapi\middleware\asyncexitstack.py", line 17, in __call__
    await self.app(scope, receive, send)
  File "C:\Users\chee3\IdeaProjects\idims\venv\lib\site-packages\starlette\routing.py", line 718, in __call__
    await route.handle(scope, receive, send)
  File "C:\Users\chee3\IdeaProjects\idims\venv\lib\site-packages\starlette\routing.py", line 276, in handle
    await self.app(scope, receive, send)
  File "C:\Users\chee3\IdeaProjects\idims\venv\lib\site-packages\starlette\routing.py", line 66, in app
    response = await func(request)
  File "C:\Users\chee3\IdeaProjects\idims\venv\lib\site-packages\fastapi\routing.py", line 263, in app
    solved_result = await solve_dependencies(
  File "C:\Users\chee3\IdeaProjects\idims\venv\lib\site-packages\fastapi\dependencies\utils.py", line 584, in solve_dependencies
    solved = await call(**sub_values)
  File "C:\Users\chee3\IdeaProjects\idims\backend\app\routers\technicians.py", line 21, in get_current_user_dependency
    return await auth_handler.get_current_user()
  File "C:\Users\chee3\IdeaProjects\idims\backend\app\core\auth.py", line 254, in get_current_user
    payload = jwt.decode(
  File "C:\Users\chee3\IdeaProjects\idims\venv\lib\site-packages\jose\jwt.py", line 142, in decode
    payload = jws.verify(token, key, algorithms, verify=verify_signature)
  File "C:\Users\chee3\IdeaProjects\idims\venv\lib\site-packages\jose\jws.py", line 70, in verify
    header, payload, signing_input, signature = _load(token)
  File "C:\Users\chee3\IdeaProjects\idims\venv\lib\site-packages\jose\jws.py", line 176, in _load
    signing_input, crypto_segment = jwt.rsplit(b".", 1)
AttributeError: 'Depends' object has no attribute 'rsplit'
2025-03-24 13:36:24 - app.core.middleware - ERROR - Unhandled error in request 4462258c-842c-4322-8447-e016fc32e7b9
Traceback (most recent call last):
  File "C:\Users\chee3\IdeaProjects\idims\venv\lib\site-packages\anyio\streams\memory.py", line 98, in receive
    return self.receive_nowait()
  File "C:\Users\chee3\IdeaProjects\idims\venv\lib\site-packages\anyio\streams\memory.py", line 93, in receive_nowait
    raise WouldBlock
anyio.WouldBlock

During handling of the above exception, another exception occurred:

Traceback (most recent call last):
  File "C:\Users\chee3\IdeaProjects\idims\venv\lib\site-packages\starlette\middleware\base.py", line 78, in call_next
    message = await recv_stream.receive()
  File "C:\Users\chee3\IdeaProjects\idims\venv\lib\site-packages\anyio\streams\memory.py", line 118, in receive
    raise EndOfStream
anyio.EndOfStream

During handling of the above exception, another exception occurred:

Traceback (most recent call last):
  File "C:\Users\chee3\IdeaProjects\idims\backend\app\core\middleware.py", line 62, in dispatch
    response = await call_next(request)
  File "C:\Users\chee3\IdeaProjects\idims\venv\lib\site-packages\starlette\middleware\base.py", line 84, in call_next
    raise app_exc
  File "C:\Users\chee3\IdeaProjects\idims\venv\lib\site-packages\starlette\middleware\base.py", line 70, in coro
    await self.app(scope, receive_or_disconnect, send_no_error)
  File "C:\Users\chee3\IdeaProjects\idims\venv\lib\site-packages\starlette\middleware\base.py", line 108, in __call__
    response = await self.dispatch_func(request, call_next)
  File "C:\Users\chee3\IdeaProjects\idims\backend\app\core\middleware.py", line 136, in dispatch
    response = await call_next(request)
  File "C:\Users\chee3\IdeaProjects\idims\venv\lib\site-packages\starlette\middleware\base.py", line 84, in call_next
    raise app_exc
  File "C:\Users\chee3\IdeaProjects\idims\venv\lib\site-packages\starlette\middleware\base.py", line 70, in coro
    await self.app(scope, receive_or_disconnect, send_no_error)
  File "C:\Users\chee3\IdeaProjects\idims\venv\lib\site-packages\starlette\middleware\cors.py", line 91, in __call__
    await self.simple_response(scope, receive, send, request_headers=headers)
  File "C:\Users\chee3\IdeaProjects\idims\venv\lib\site-packages\starlette\middleware\cors.py", line 146, in simple_response
    await self.app(scope, receive, send)
  File "C:\Users\chee3\IdeaProjects\idims\venv\lib\site-packages\starlette\middleware\exceptions.py", line 79, in __call__
    raise exc
  File "C:\Users\chee3\IdeaProjects\idims\venv\lib\site-packages\starlette\middleware\exceptions.py", line 68, in __call__
    await self.app(scope, receive, sender)
  File "C:\Users\chee3\IdeaProjects\idims\venv\lib\site-packages\fastapi\middleware\asyncexitstack.py", line 20, in __call__
    raise e
  File "C:\Users\chee3\IdeaProjects\idims\venv\lib\site-packages\fastapi\middleware\asyncexitstack.py", line 17, in __call__
    await self.app(scope, receive, send)
  File "C:\Users\chee3\IdeaProjects\idims\venv\lib\site-packages\starlette\routing.py", line 718, in __call__
    await route.handle(scope, receive, send)
  File "C:\Users\chee3\IdeaProjects\idims\venv\lib\site-packages\starlette\routing.py", line 276, in handle
    await self.app(scope, receive, send)
  File "C:\Users\chee3\IdeaProjects\idims\venv\lib\site-packages\starlette\routing.py", line 66, in app
    response = await func(request)
  File "C:\Users\chee3\IdeaProjects\idims\venv\lib\site-packages\fastapi\routing.py", line 263, in app
    solved_result = await solve_dependencies(
  File "C:\Users\chee3\IdeaProjects\idims\venv\lib\site-packages\fastapi\dependencies\utils.py", line 584, in solve_dependencies
    solved = await call(**sub_values)
  File "C:\Users\chee3\IdeaProjects\idims\backend\app\routers\clients.py", line 21, in get_current_user_dependency
    return await auth_handler.get_current_user()
  File "C:\Users\chee3\IdeaProjects\idims\backend\app\core\auth.py", line 254, in get_current_user
    payload = jwt.decode(
  File "C:\Users\chee3\IdeaProjects\idims\venv\lib\site-packages\jose\jwt.py", line 142, in decode
    payload = jws.verify(token, key, algorithms, verify=verify_signature)
  File "C:\Users\chee3\IdeaProjects\idims\venv\lib\site-packages\jose\jws.py", line 70, in verify
    header, payload, signing_input, signature = _load(token)
  File "C:\Users\chee3\IdeaProjects\idims\venv\lib\site-packages\jose\jws.py", line 176, in _load
    signing_input, crypto_segment = jwt.rsplit(b".", 1)
AttributeError: 'Depends' object has no attribute 'rsplit'
2025-03-24 13:36:24 - app.core.middleware - ERROR - Unhandled error in request b15a42b1-01bf-4d4b-a3f4-ccea1250ddc1
Traceback (most recent call last):
  File "C:\Users\chee3\IdeaProjects\idims\venv\lib\site-packages\anyio\streams\memory.py", line 98, in receive
    return self.receive_nowait()
  File "C:\Users\chee3\IdeaProjects\idims\venv\lib\site-packages\anyio\streams\memory.py", line 93, in receive_nowait
    raise WouldBlock
anyio.WouldBlock

During handling of the above exception, another exception occurred:

Traceback (most recent call last):
  File "C:\Users\chee3\IdeaProjects\idims\venv\lib\site-packages\starlette\middleware\base.py", line 78, in call_next
    message = await recv_stream.receive()
  File "C:\Users\chee3\IdeaProjects\idims\venv\lib\site-packages\anyio\streams\memory.py", line 118, in receive
    raise EndOfStream
anyio.EndOfStream

During handling of the above exception, another exception occurred:

Traceback (most recent call last):
  File "C:\Users\chee3\IdeaProjects\idims\backend\app\core\middleware.py", line 62, in dispatch
    response = await call_next(request)
  File "C:\Users\chee3\IdeaProjects\idims\venv\lib\site-packages\starlette\middleware\base.py", line 84, in call_next
    raise app_exc
  File "C:\Users\chee3\IdeaProjects\idims\venv\lib\site-packages\starlette\middleware\base.py", line 70, in coro
    await self.app(scope, receive_or_disconnect, send_no_error)
  File "C:\Users\chee3\IdeaProjects\idims\venv\lib\site-packages\starlette\middleware\base.py", line 108, in __call__
    response = await self.dispatch_func(request, call_next)
  File "C:\Users\chee3\IdeaProjects\idims\backend\app\core\middleware.py", line 136, in dispatch
    response = await call_next(request)
  File "C:\Users\chee3\IdeaProjects\idims\venv\lib\site-packages\starlette\middleware\base.py", line 84, in call_next
    raise app_exc
  File "C:\Users\chee3\IdeaProjects\idims\venv\lib\site-packages\starlette\middleware\base.py", line 70, in coro
    await self.app(scope, receive_or_disconnect, send_no_error)
  File "C:\Users\chee3\IdeaProjects\idims\venv\lib\site-packages\starlette\middleware\cors.py", line 91, in __call__
    await self.simple_response(scope, receive, send, request_headers=headers)
  File "C:\Users\chee3\IdeaProjects\idims\venv\lib\site-packages\starlette\middleware\cors.py", line 146, in simple_response
    await self.app(scope, receive, send)
  File "C:\Users\chee3\IdeaProjects\idims\venv\lib\site-packages\starlette\middleware\exceptions.py", line 79, in __call__
    raise exc
  File "C:\Users\chee3\IdeaProjects\idims\venv\lib\site-packages\starlette\middleware\exceptions.py", line 68, in __call__
    await self.app(scope, receive, sender)
  File "C:\Users\chee3\IdeaProjects\idims\venv\lib\site-packages\fastapi\middleware\asyncexitstack.py", line 20, in __call__
    raise e
  File "C:\Users\chee3\IdeaProjects\idims\venv\lib\site-packages\fastapi\middleware\asyncexitstack.py", line 17, in __call__
    await self.app(scope, receive, send)
  File "C:\Users\chee3\IdeaProjects\idims\venv\lib\site-packages\starlette\routing.py", line 718, in __call__
    await route.handle(scope, receive, send)
  File "C:\Users\chee3\IdeaProjects\idims\venv\lib\site-packages\starlette\routing.py", line 276, in handle
    await self.app(scope, receive, send)
  File "C:\Users\chee3\IdeaProjects\idims\venv\lib\site-packages\starlette\routing.py", line 66, in app
    response = await func(request)
  File "C:\Users\chee3\IdeaProjects\idims\venv\lib\site-packages\fastapi\routing.py", line 263, in app
    solved_result = await solve_dependencies(
  File "C:\Users\chee3\IdeaProjects\idims\venv\lib\site-packages\fastapi\dependencies\utils.py", line 584, in solve_dependencies
    solved = await call(**sub_values)
  File "C:\Users\chee3\IdeaProjects\idims\backend\app\routers\technicians.py", line 21, in get_current_user_dependency
    return await auth_handler.get_current_user()
  File "C:\Users\chee3\IdeaProjects\idims\backend\app\core\auth.py", line 254, in get_current_user
    payload = jwt.decode(
  File "C:\Users\chee3\IdeaProjects\idims\venv\lib\site-packages\jose\jwt.py", line 142, in decode
    payload = jws.verify(token, key, algorithms, verify=verify_signature)
  File "C:\Users\chee3\IdeaProjects\idims\venv\lib\site-packages\jose\jws.py", line 70, in verify
    header, payload, signing_input, signature = _load(token)
  File "C:\Users\chee3\IdeaProjects\idims\venv\lib\site-packages\jose\jws.py", line 176, in _load
    signing_input, crypto_segment = jwt.rsplit(b".", 1)
AttributeError: 'Depends' object has no attribute 'rsplit'
2025-03-24 13:36:24 - app.core.middleware - ERROR - Unhandled error in request b42dafea-74cf-465f-8be9-d14a3089c41a
Traceback (most recent call last):
  File "C:\Users\chee3\IdeaProjects\idims\venv\lib\site-packages\anyio\streams\memory.py", line 98, in receive
    return self.receive_nowait()
  File "C:\Users\chee3\IdeaProjects\idims\venv\lib\site-packages\anyio\streams\memory.py", line 93, in receive_nowait
    raise WouldBlock
anyio.WouldBlock

During handling of the above exception, another exception occurred:

Traceback (most recent call last):
  File "C:\Users\chee3\IdeaProjects\idims\venv\lib\site-packages\starlette\middleware\base.py", line 78, in call_next
    message = await recv_stream.receive()
  File "C:\Users\chee3\IdeaProjects\idims\venv\lib\site-packages\anyio\streams\memory.py", line 118, in receive
    raise EndOfStream
anyio.EndOfStream

During handling of the above exception, another exception occurred:

Traceback (most recent call last):
  File "C:\Users\chee3\IdeaProjects\idims\backend\app\core\middleware.py", line 62, in dispatch
    response = await call_next(request)
  File "C:\Users\chee3\IdeaProjects\idims\venv\lib\site-packages\starlette\middleware\base.py", line 84, in call_next
    raise app_exc
  File "C:\Users\chee3\IdeaProjects\idims\venv\lib\site-packages\starlette\middleware\base.py", line 70, in coro
    await self.app(scope, receive_or_disconnect, send_no_error)
  File "C:\Users\chee3\IdeaProjects\idims\venv\lib\site-packages\starlette\middleware\base.py", line 108, in __call__
    response = await self.dispatch_func(request, call_next)
  File "C:\Users\chee3\IdeaProjects\idims\backend\app\core\middleware.py", line 136, in dispatch
    response = await call_next(request)
  File "C:\Users\chee3\IdeaProjects\idims\venv\lib\site-packages\starlette\middleware\base.py", line 84, in call_next
    raise app_exc
  File "C:\Users\chee3\IdeaProjects\idims\venv\lib\site-packages\starlette\middleware\base.py", line 70, in coro
    await self.app(scope, receive_or_disconnect, send_no_error)
  File "C:\Users\chee3\IdeaProjects\idims\venv\lib\site-packages\starlette\middleware\cors.py", line 91, in __call__
    await self.simple_response(scope, receive, send, request_headers=headers)
  File "C:\Users\chee3\IdeaProjects\idims\venv\lib\site-packages\starlette\middleware\cors.py", line 146, in simple_response
    await self.app(scope, receive, send)
  File "C:\Users\chee3\IdeaProjects\idims\venv\lib\site-packages\starlette\middleware\exceptions.py", line 79, in __call__
    raise exc
  File "C:\Users\chee3\IdeaProjects\idims\venv\lib\site-packages\starlette\middleware\exceptions.py", line 68, in __call__
    await self.app(scope, receive, sender)
  File "C:\Users\chee3\IdeaProjects\idims\venv\lib\site-packages\fastapi\middleware\asyncexitstack.py", line 20, in __call__
    raise e
  File "C:\Users\chee3\IdeaProjects\idims\venv\lib\site-packages\fastapi\middleware\asyncexitstack.py", line 17, in __call__
    await self.app(scope, receive, send)
  File "C:\Users\chee3\IdeaProjects\idims\venv\lib\site-packages\starlette\routing.py", line 718, in __call__
    await route.handle(scope, receive, send)
  File "C:\Users\chee3\IdeaProjects\idims\venv\lib\site-packages\starlette\routing.py", line 276, in handle
    await self.app(scope, receive, send)
  File "C:\Users\chee3\IdeaProjects\idims\venv\lib\site-packages\starlette\routing.py", line 66, in app
    response = await func(request)
  File "C:\Users\chee3\IdeaProjects\idims\venv\lib\site-packages\fastapi\routing.py", line 263, in app
    solved_result = await solve_dependencies(
  File "C:\Users\chee3\IdeaProjects\idims\venv\lib\site-packages\fastapi\dependencies\utils.py", line 584, in solve_dependencies
    solved = await call(**sub_values)
  File "C:\Users\chee3\IdeaProjects\idims\backend\app\routers\clients.py", line 21, in get_current_user_dependency
    return await auth_handler.get_current_user()
  File "C:\Users\chee3\IdeaProjects\idims\backend\app\core\auth.py", line 254, in get_current_user
    payload = jwt.decode(
  File "C:\Users\chee3\IdeaProjects\idims\venv\lib\site-packages\jose\jwt.py", line 142, in decode
    payload = jws.verify(token, key, algorithms, verify=verify_signature)
  File "C:\Users\chee3\IdeaProjects\idims\venv\lib\site-packages\jose\jws.py", line 70, in verify
    header, payload, signing_input, signature = _load(token)
  File "C:\Users\chee3\IdeaProjects\idims\venv\lib\site-packages\jose\jws.py", line 176, in _load
    signing_input, crypto_segment = jwt.rsplit(b".", 1)
AttributeError: 'Depends' object has no attribute 'rsplit'
2025-03-24 13:36:24 - app.core.middleware - ERROR - Unhandled error in request 21bf29ed-c0fb-4035-982b-7009604378ee
Traceback (most recent call last):
  File "C:\Users\chee3\IdeaProjects\idims\venv\lib\site-packages\anyio\streams\memory.py", line 98, in receive
    return self.receive_nowait()
  File "C:\Users\chee3\IdeaProjects\idims\venv\lib\site-packages\anyio\streams\memory.py", line 93, in receive_nowait
    raise WouldBlock
anyio.WouldBlock

During handling of the above exception, another exception occurred:

Traceback (most recent call last):
  File "C:\Users\chee3\IdeaProjects\idims\venv\lib\site-packages\starlette\middleware\base.py", line 78, in call_next
    message = await recv_stream.receive()
  File "C:\Users\chee3\IdeaProjects\idims\venv\lib\site-packages\anyio\streams\memory.py", line 118, in receive
    raise EndOfStream
anyio.EndOfStream

During handling of the above exception, another exception occurred:

Traceback (most recent call last):
  File "C:\Users\chee3\IdeaProjects\idims\backend\app\core\middleware.py", line 62, in dispatch
    response = await call_next(request)
  File "C:\Users\chee3\IdeaProjects\idims\venv\lib\site-packages\starlette\middleware\base.py", line 84, in call_next
    raise app_exc
  File "C:\Users\chee3\IdeaProjects\idims\venv\lib\site-packages\starlette\middleware\base.py", line 70, in coro
    await self.app(scope, receive_or_disconnect, send_no_error)
  File "C:\Users\chee3\IdeaProjects\idims\venv\lib\site-packages\starlette\middleware\base.py", line 108, in __call__
    response = await self.dispatch_func(request, call_next)
  File "C:\Users\chee3\IdeaProjects\idims\backend\app\core\middleware.py", line 136, in dispatch
    response = await call_next(request)
  File "C:\Users\chee3\IdeaProjects\idims\venv\lib\site-packages\starlette\middleware\base.py", line 84, in call_next
    raise app_exc
  File "C:\Users\chee3\IdeaProjects\idims\venv\lib\site-packages\starlette\middleware\base.py", line 70, in coro
    await self.app(scope, receive_or_disconnect, send_no_error)
  File "C:\Users\chee3\IdeaProjects\idims\venv\lib\site-packages\starlette\middleware\cors.py", line 91, in __call__
    await self.simple_response(scope, receive, send, request_headers=headers)
  File "C:\Users\chee3\IdeaProjects\idims\venv\lib\site-packages\starlette\middleware\cors.py", line 146, in simple_response
    await self.app(scope, receive, send)
  File "C:\Users\chee3\IdeaProjects\idims\venv\lib\site-packages\starlette\middleware\exceptions.py", line 79, in __call__
    raise exc
  File "C:\Users\chee3\IdeaProjects\idims\venv\lib\site-packages\starlette\middleware\exceptions.py", line 68, in __call__
    await self.app(scope, receive, sender)
  File "C:\Users\chee3\IdeaProjects\idims\venv\lib\site-packages\fastapi\middleware\asyncexitstack.py", line 20, in __call__
    raise e
  File "C:\Users\chee3\IdeaProjects\idims\venv\lib\site-packages\fastapi\middleware\asyncexitstack.py", line 17, in __call__
    await self.app(scope, receive, send)
  File "C:\Users\chee3\IdeaProjects\idims\venv\lib\site-packages\starlette\routing.py", line 718, in __call__
    await route.handle(scope, receive, send)
  File "C:\Users\chee3\IdeaProjects\idims\venv\lib\site-packages\starlette\routing.py", line 276, in handle
    await self.app(scope, receive, send)
  File "C:\Users\chee3\IdeaProjects\idims\venv\lib\site-packages\starlette\routing.py", line 66, in app
    response = await func(request)
  File "C:\Users\chee3\IdeaProjects\idims\venv\lib\site-packages\fastapi\routing.py", line 263, in app
    solved_result = await solve_dependencies(
  File "C:\Users\chee3\IdeaProjects\idims\venv\lib\site-packages\fastapi\dependencies\utils.py", line 584, in solve_dependencies
    solved = await call(**sub_values)
  File "C:\Users\chee3\IdeaProjects\idims\backend\app\routers\technicians.py", line 21, in get_current_user_dependency
    return await auth_handler.get_current_user()
  File "C:\Users\chee3\IdeaProjects\idims\backend\app\core\auth.py", line 254, in get_current_user
    payload = jwt.decode(
  File "C:\Users\chee3\IdeaProjects\idims\venv\lib\site-packages\jose\jwt.py", line 142, in decode
    payload = jws.verify(token, key, algorithms, verify=verify_signature)
  File "C:\Users\chee3\IdeaProjects\idims\venv\lib\site-packages\jose\jws.py", line 70, in verify
    header, payload, signing_input, signature = _load(token)
  File "C:\Users\chee3\IdeaProjects\idims\venv\lib\site-packages\jose\jws.py", line 176, in _load
    signing_input, crypto_segment = jwt.rsplit(b".", 1)
AttributeError: 'Depends' object has no attribute 'rsplit'
2025-03-24 13:37:31 - app.core.middleware - ERROR - Unhandled error in request 7cf5b6c9-af2c-4246-abc6-ee81e4b24a9c
Traceback (most recent call last):
  File "C:\Users\chee3\IdeaProjects\idims\venv\lib\site-packages\anyio\streams\memory.py", line 98, in receive
    return self.receive_nowait()
  File "C:\Users\chee3\IdeaProjects\idims\venv\lib\site-packages\anyio\streams\memory.py", line 93, in receive_nowait
    raise WouldBlock
anyio.WouldBlock

During handling of the above exception, another exception occurred:

Traceback (most recent call last):
  File "C:\Users\chee3\IdeaProjects\idims\venv\lib\site-packages\starlette\middleware\base.py", line 78, in call_next
    message = await recv_stream.receive()
  File "C:\Users\chee3\IdeaProjects\idims\venv\lib\site-packages\anyio\streams\memory.py", line 118, in receive
    raise EndOfStream
anyio.EndOfStream

During handling of the above exception, another exception occurred:

Traceback (most recent call last):
  File "C:\Users\chee3\IdeaProjects\idims\backend\app\core\middleware.py", line 62, in dispatch
    response = await call_next(request)
  File "C:\Users\chee3\IdeaProjects\idims\venv\lib\site-packages\starlette\middleware\base.py", line 84, in call_next
    raise app_exc
  File "C:\Users\chee3\IdeaProjects\idims\venv\lib\site-packages\starlette\middleware\base.py", line 70, in coro
    await self.app(scope, receive_or_disconnect, send_no_error)
  File "C:\Users\chee3\IdeaProjects\idims\venv\lib\site-packages\starlette\middleware\base.py", line 108, in __call__
    response = await self.dispatch_func(request, call_next)
  File "C:\Users\chee3\IdeaProjects\idims\backend\app\core\middleware.py", line 136, in dispatch
    response = await call_next(request)
  File "C:\Users\chee3\IdeaProjects\idims\venv\lib\site-packages\starlette\middleware\base.py", line 84, in call_next
    raise app_exc
  File "C:\Users\chee3\IdeaProjects\idims\venv\lib\site-packages\starlette\middleware\base.py", line 70, in coro
    await self.app(scope, receive_or_disconnect, send_no_error)
  File "C:\Users\chee3\IdeaProjects\idims\venv\lib\site-packages\starlette\middleware\cors.py", line 91, in __call__
    await self.simple_response(scope, receive, send, request_headers=headers)
  File "C:\Users\chee3\IdeaProjects\idims\venv\lib\site-packages\starlette\middleware\cors.py", line 146, in simple_response
    await self.app(scope, receive, send)
  File "C:\Users\chee3\IdeaProjects\idims\venv\lib\site-packages\starlette\middleware\exceptions.py", line 79, in __call__
    raise exc
  File "C:\Users\chee3\IdeaProjects\idims\venv\lib\site-packages\starlette\middleware\exceptions.py", line 68, in __call__
    await self.app(scope, receive, sender)
  File "C:\Users\chee3\IdeaProjects\idims\venv\lib\site-packages\fastapi\middleware\asyncexitstack.py", line 20, in __call__
    raise e
  File "C:\Users\chee3\IdeaProjects\idims\venv\lib\site-packages\fastapi\middleware\asyncexitstack.py", line 17, in __call__
    await self.app(scope, receive, send)
  File "C:\Users\chee3\IdeaProjects\idims\venv\lib\site-packages\starlette\routing.py", line 718, in __call__
    await route.handle(scope, receive, send)
  File "C:\Users\chee3\IdeaProjects\idims\venv\lib\site-packages\starlette\routing.py", line 276, in handle
    await self.app(scope, receive, send)
  File "C:\Users\chee3\IdeaProjects\idims\venv\lib\site-packages\starlette\routing.py", line 66, in app
    response = await func(request)
  File "C:\Users\chee3\IdeaProjects\idims\venv\lib\site-packages\fastapi\routing.py", line 263, in app
    solved_result = await solve_dependencies(
  File "C:\Users\chee3\IdeaProjects\idims\venv\lib\site-packages\fastapi\dependencies\utils.py", line 584, in solve_dependencies
    solved = await call(**sub_values)
  File "C:\Users\chee3\IdeaProjects\idims\backend\app\routers\work_orders.py", line 22, in get_current_user_dependency
    return await auth_handler.get_current_user()
  File "C:\Users\chee3\IdeaProjects\idims\backend\app\core\auth.py", line 254, in get_current_user
    payload = jwt.decode(
  File "C:\Users\chee3\IdeaProjects\idims\venv\lib\site-packages\jose\jwt.py", line 142, in decode
    payload = jws.verify(token, key, algorithms, verify=verify_signature)
  File "C:\Users\chee3\IdeaProjects\idims\venv\lib\site-packages\jose\jws.py", line 70, in verify
    header, payload, signing_input, signature = _load(token)
  File "C:\Users\chee3\IdeaProjects\idims\venv\lib\site-packages\jose\jws.py", line 176, in _load
    signing_input, crypto_segment = jwt.rsplit(b".", 1)
AttributeError: 'Depends' object has no attribute 'rsplit'
2025-03-24 13:37:32 - app.core.middleware - ERROR - Unhandled error in request d0125235-70bf-4bb3-9f89-cd153329905f
Traceback (most recent call last):
  File "C:\Users\chee3\IdeaProjects\idims\venv\lib\site-packages\anyio\streams\memory.py", line 98, in receive
    return self.receive_nowait()
  File "C:\Users\chee3\IdeaProjects\idims\venv\lib\site-packages\anyio\streams\memory.py", line 93, in receive_nowait
    raise WouldBlock
anyio.WouldBlock

During handling of the above exception, another exception occurred:

Traceback (most recent call last):
  File "C:\Users\chee3\IdeaProjects\idims\venv\lib\site-packages\starlette\middleware\base.py", line 78, in call_next
    message = await recv_stream.receive()
  File "C:\Users\chee3\IdeaProjects\idims\venv\lib\site-packages\anyio\streams\memory.py", line 118, in receive
    raise EndOfStream
anyio.EndOfStream

During handling of the above exception, another exception occurred:

Traceback (most recent call last):
  File "C:\Users\chee3\IdeaProjects\idims\backend\app\core\middleware.py", line 62, in dispatch
    response = await call_next(request)
  File "C:\Users\chee3\IdeaProjects\idims\venv\lib\site-packages\starlette\middleware\base.py", line 84, in call_next
    raise app_exc
  File "C:\Users\chee3\IdeaProjects\idims\venv\lib\site-packages\starlette\middleware\base.py", line 70, in coro
    await self.app(scope, receive_or_disconnect, send_no_error)
  File "C:\Users\chee3\IdeaProjects\idims\venv\lib\site-packages\starlette\middleware\base.py", line 108, in __call__
    response = await self.dispatch_func(request, call_next)
  File "C:\Users\chee3\IdeaProjects\idims\backend\app\core\middleware.py", line 136, in dispatch
    response = await call_next(request)
  File "C:\Users\chee3\IdeaProjects\idims\venv\lib\site-packages\starlette\middleware\base.py", line 84, in call_next
    raise app_exc
  File "C:\Users\chee3\IdeaProjects\idims\venv\lib\site-packages\starlette\middleware\base.py", line 70, in coro
    await self.app(scope, receive_or_disconnect, send_no_error)
  File "C:\Users\chee3\IdeaProjects\idims\venv\lib\site-packages\starlette\middleware\cors.py", line 91, in __call__
    await self.simple_response(scope, receive, send, request_headers=headers)
  File "C:\Users\chee3\IdeaProjects\idims\venv\lib\site-packages\starlette\middleware\cors.py", line 146, in simple_response
    await self.app(scope, receive, send)
  File "C:\Users\chee3\IdeaProjects\idims\venv\lib\site-packages\starlette\middleware\exceptions.py", line 79, in __call__
    raise exc
  File "C:\Users\chee3\IdeaProjects\idims\venv\lib\site-packages\starlette\middleware\exceptions.py", line 68, in __call__
    await self.app(scope, receive, sender)
  File "C:\Users\chee3\IdeaProjects\idims\venv\lib\site-packages\fastapi\middleware\asyncexitstack.py", line 20, in __call__
    raise e
  File "C:\Users\chee3\IdeaProjects\idims\venv\lib\site-packages\fastapi\middleware\asyncexitstack.py", line 17, in __call__
    await self.app(scope, receive, send)
  File "C:\Users\chee3\IdeaProjects\idims\venv\lib\site-packages\starlette\routing.py", line 718, in __call__
    await route.handle(scope, receive, send)
  File "C:\Users\chee3\IdeaProjects\idims\venv\lib\site-packages\starlette\routing.py", line 276, in handle
    await self.app(scope, receive, send)
  File "C:\Users\chee3\IdeaProjects\idims\venv\lib\site-packages\starlette\routing.py", line 66, in app
    response = await func(request)
  File "C:\Users\chee3\IdeaProjects\idims\venv\lib\site-packages\fastapi\routing.py", line 263, in app
    solved_result = await solve_dependencies(
  File "C:\Users\chee3\IdeaProjects\idims\venv\lib\site-packages\fastapi\dependencies\utils.py", line 584, in solve_dependencies
    solved = await call(**sub_values)
  File "C:\Users\chee3\IdeaProjects\idims\backend\app\routers\work_orders.py", line 22, in get_current_user_dependency
    return await auth_handler.get_current_user()
  File "C:\Users\chee3\IdeaProjects\idims\backend\app\core\auth.py", line 254, in get_current_user
    payload = jwt.decode(
  File "C:\Users\chee3\IdeaProjects\idims\venv\lib\site-packages\jose\jwt.py", line 142, in decode
    payload = jws.verify(token, key, algorithms, verify=verify_signature)
  File "C:\Users\chee3\IdeaProjects\idims\venv\lib\site-packages\jose\jws.py", line 70, in verify
    header, payload, signing_input, signature = _load(token)
  File "C:\Users\chee3\IdeaProjects\idims\venv\lib\site-packages\jose\jws.py", line 176, in _load
    signing_input, crypto_segment = jwt.rsplit(b".", 1)
AttributeError: 'Depends' object has no attribute 'rsplit'
2025-03-24 13:39:25 - app.core.middleware - ERROR - Unhandled error in request aa908888-f38e-4b69-964a-1574c673f481
Traceback (most recent call last):
  File "C:\Users\chee3\IdeaProjects\idims\venv\lib\site-packages\anyio\streams\memory.py", line 98, in receive
    return self.receive_nowait()
  File "C:\Users\chee3\IdeaProjects\idims\venv\lib\site-packages\anyio\streams\memory.py", line 93, in receive_nowait
    raise WouldBlock
anyio.WouldBlock

During handling of the above exception, another exception occurred:

Traceback (most recent call last):
  File "C:\Users\chee3\IdeaProjects\idims\venv\lib\site-packages\starlette\middleware\base.py", line 78, in call_next
    message = await recv_stream.receive()
  File "C:\Users\chee3\IdeaProjects\idims\venv\lib\site-packages\anyio\streams\memory.py", line 118, in receive
    raise EndOfStream
anyio.EndOfStream

During handling of the above exception, another exception occurred:

Traceback (most recent call last):
  File "C:\Users\chee3\IdeaProjects\idims\backend\app\core\middleware.py", line 62, in dispatch
    response = await call_next(request)
  File "C:\Users\chee3\IdeaProjects\idims\venv\lib\site-packages\starlette\middleware\base.py", line 84, in call_next
    raise app_exc
  File "C:\Users\chee3\IdeaProjects\idims\venv\lib\site-packages\starlette\middleware\base.py", line 70, in coro
    await self.app(scope, receive_or_disconnect, send_no_error)
  File "C:\Users\chee3\IdeaProjects\idims\venv\lib\site-packages\starlette\middleware\base.py", line 108, in __call__
    response = await self.dispatch_func(request, call_next)
  File "C:\Users\chee3\IdeaProjects\idims\backend\app\core\middleware.py", line 136, in dispatch
    response = await call_next(request)
  File "C:\Users\chee3\IdeaProjects\idims\venv\lib\site-packages\starlette\middleware\base.py", line 84, in call_next
    raise app_exc
  File "C:\Users\chee3\IdeaProjects\idims\venv\lib\site-packages\starlette\middleware\base.py", line 70, in coro
    await self.app(scope, receive_or_disconnect, send_no_error)
  File "C:\Users\chee3\IdeaProjects\idims\venv\lib\site-packages\starlette\middleware\cors.py", line 91, in __call__
    await self.simple_response(scope, receive, send, request_headers=headers)
  File "C:\Users\chee3\IdeaProjects\idims\venv\lib\site-packages\starlette\middleware\cors.py", line 146, in simple_response
    await self.app(scope, receive, send)
  File "C:\Users\chee3\IdeaProjects\idims\venv\lib\site-packages\starlette\middleware\exceptions.py", line 79, in __call__
    raise exc
  File "C:\Users\chee3\IdeaProjects\idims\venv\lib\site-packages\starlette\middleware\exceptions.py", line 68, in __call__
    await self.app(scope, receive, sender)
  File "C:\Users\chee3\IdeaProjects\idims\venv\lib\site-packages\fastapi\middleware\asyncexitstack.py", line 20, in __call__
    raise e
  File "C:\Users\chee3\IdeaProjects\idims\venv\lib\site-packages\fastapi\middleware\asyncexitstack.py", line 17, in __call__
    await self.app(scope, receive, send)
  File "C:\Users\chee3\IdeaProjects\idims\venv\lib\site-packages\starlette\routing.py", line 718, in __call__
    await route.handle(scope, receive, send)
  File "C:\Users\chee3\IdeaProjects\idims\venv\lib\site-packages\starlette\routing.py", line 276, in handle
    await self.app(scope, receive, send)
  File "C:\Users\chee3\IdeaProjects\idims\venv\lib\site-packages\starlette\routing.py", line 66, in app
    response = await func(request)
  File "C:\Users\chee3\IdeaProjects\idims\venv\lib\site-packages\fastapi\routing.py", line 263, in app
    solved_result = await solve_dependencies(
  File "C:\Users\chee3\IdeaProjects\idims\venv\lib\site-packages\fastapi\dependencies\utils.py", line 584, in solve_dependencies
    solved = await call(**sub_values)
  File "C:\Users\chee3\IdeaProjects\idims\backend\app\routers\work_orders.py", line 22, in get_current_user_dependency
    return await auth_handler.get_current_user()
  File "C:\Users\chee3\IdeaProjects\idims\backend\app\core\auth.py", line 254, in get_current_user
    payload = jwt.decode(
  File "C:\Users\chee3\IdeaProjects\idims\venv\lib\site-packages\jose\jwt.py", line 142, in decode
    payload = jws.verify(token, key, algorithms, verify=verify_signature)
  File "C:\Users\chee3\IdeaProjects\idims\venv\lib\site-packages\jose\jws.py", line 70, in verify
    header, payload, signing_input, signature = _load(token)
  File "C:\Users\chee3\IdeaProjects\idims\venv\lib\site-packages\jose\jws.py", line 176, in _load
    signing_input, crypto_segment = jwt.rsplit(b".", 1)
AttributeError: 'Depends' object has no attribute 'rsplit'
2025-03-24 13:39:26 - app.core.middleware - ERROR - Unhandled error in request 2cfd6cae-d590-4ce7-9553-2b8bb6131bc5
Traceback (most recent call last):
  File "C:\Users\chee3\IdeaProjects\idims\venv\lib\site-packages\anyio\streams\memory.py", line 98, in receive
    return self.receive_nowait()
  File "C:\Users\chee3\IdeaProjects\idims\venv\lib\site-packages\anyio\streams\memory.py", line 93, in receive_nowait
    raise WouldBlock
anyio.WouldBlock

During handling of the above exception, another exception occurred:

Traceback (most recent call last):
  File "C:\Users\chee3\IdeaProjects\idims\venv\lib\site-packages\starlette\middleware\base.py", line 78, in call_next
    message = await recv_stream.receive()
  File "C:\Users\chee3\IdeaProjects\idims\venv\lib\site-packages\anyio\streams\memory.py", line 118, in receive
    raise EndOfStream
anyio.EndOfStream

During handling of the above exception, another exception occurred:

Traceback (most recent call last):
  File "C:\Users\chee3\IdeaProjects\idims\backend\app\core\middleware.py", line 62, in dispatch
    response = await call_next(request)
  File "C:\Users\chee3\IdeaProjects\idims\venv\lib\site-packages\starlette\middleware\base.py", line 84, in call_next
    raise app_exc
  File "C:\Users\chee3\IdeaProjects\idims\venv\lib\site-packages\starlette\middleware\base.py", line 70, in coro
    await self.app(scope, receive_or_disconnect, send_no_error)
  File "C:\Users\chee3\IdeaProjects\idims\venv\lib\site-packages\starlette\middleware\base.py", line 108, in __call__
    response = await self.dispatch_func(request, call_next)
  File "C:\Users\chee3\IdeaProjects\idims\backend\app\core\middleware.py", line 136, in dispatch
    response = await call_next(request)
  File "C:\Users\chee3\IdeaProjects\idims\venv\lib\site-packages\starlette\middleware\base.py", line 84, in call_next
    raise app_exc
  File "C:\Users\chee3\IdeaProjects\idims\venv\lib\site-packages\starlette\middleware\base.py", line 70, in coro
    await self.app(scope, receive_or_disconnect, send_no_error)
  File "C:\Users\chee3\IdeaProjects\idims\venv\lib\site-packages\starlette\middleware\cors.py", line 91, in __call__
    await self.simple_response(scope, receive, send, request_headers=headers)
  File "C:\Users\chee3\IdeaProjects\idims\venv\lib\site-packages\starlette\middleware\cors.py", line 146, in simple_response
    await self.app(scope, receive, send)
  File "C:\Users\chee3\IdeaProjects\idims\venv\lib\site-packages\starlette\middleware\exceptions.py", line 79, in __call__
    raise exc
  File "C:\Users\chee3\IdeaProjects\idims\venv\lib\site-packages\starlette\middleware\exceptions.py", line 68, in __call__
    await self.app(scope, receive, sender)
  File "C:\Users\chee3\IdeaProjects\idims\venv\lib\site-packages\fastapi\middleware\asyncexitstack.py", line 20, in __call__
    raise e
  File "C:\Users\chee3\IdeaProjects\idims\venv\lib\site-packages\fastapi\middleware\asyncexitstack.py", line 17, in __call__
    await self.app(scope, receive, send)
  File "C:\Users\chee3\IdeaProjects\idims\venv\lib\site-packages\starlette\routing.py", line 718, in __call__
    await route.handle(scope, receive, send)
  File "C:\Users\chee3\IdeaProjects\idims\venv\lib\site-packages\starlette\routing.py", line 276, in handle
    await self.app(scope, receive, send)
  File "C:\Users\chee3\IdeaProjects\idims\venv\lib\site-packages\starlette\routing.py", line 66, in app
    response = await func(request)
  File "C:\Users\chee3\IdeaProjects\idims\venv\lib\site-packages\fastapi\routing.py", line 263, in app
    solved_result = await solve_dependencies(
  File "C:\Users\chee3\IdeaProjects\idims\venv\lib\site-packages\fastapi\dependencies\utils.py", line 584, in solve_dependencies
    solved = await call(**sub_values)
  File "C:\Users\chee3\IdeaProjects\idims\backend\app\routers\work_orders.py", line 22, in get_current_user_dependency
    return await auth_handler.get_current_user()
  File "C:\Users\chee3\IdeaProjects\idims\backend\app\core\auth.py", line 254, in get_current_user
    payload = jwt.decode(
  File "C:\Users\chee3\IdeaProjects\idims\venv\lib\site-packages\jose\jwt.py", line 142, in decode
    payload = jws.verify(token, key, algorithms, verify=verify_signature)
  File "C:\Users\chee3\IdeaProjects\idims\venv\lib\site-packages\jose\jws.py", line 70, in verify
    header, payload, signing_input, signature = _load(token)
  File "C:\Users\chee3\IdeaProjects\idims\venv\lib\site-packages\jose\jws.py", line 176, in _load
    signing_input, crypto_segment = jwt.rsplit(b".", 1)
AttributeError: 'Depends' object has no attribute 'rsplit'
2025-03-24 13:39:28 - app.core.middleware - ERROR - Unhandled error in request d80c62ab-c779-4256-bb89-66578666954b
Traceback (most recent call last):
  File "C:\Users\chee3\IdeaProjects\idims\venv\lib\site-packages\anyio\streams\memory.py", line 98, in receive
    return self.receive_nowait()
  File "C:\Users\chee3\IdeaProjects\idims\venv\lib\site-packages\anyio\streams\memory.py", line 93, in receive_nowait
    raise WouldBlock
anyio.WouldBlock

During handling of the above exception, another exception occurred:

Traceback (most recent call last):
  File "C:\Users\chee3\IdeaProjects\idims\venv\lib\site-packages\starlette\middleware\base.py", line 78, in call_next
    message = await recv_stream.receive()
  File "C:\Users\chee3\IdeaProjects\idims\venv\lib\site-packages\anyio\streams\memory.py", line 118, in receive
    raise EndOfStream
anyio.EndOfStream

During handling of the above exception, another exception occurred:

Traceback (most recent call last):
  File "C:\Users\chee3\IdeaProjects\idims\backend\app\core\middleware.py", line 62, in dispatch
    response = await call_next(request)
  File "C:\Users\chee3\IdeaProjects\idims\venv\lib\site-packages\starlette\middleware\base.py", line 84, in call_next
    raise app_exc
  File "C:\Users\chee3\IdeaProjects\idims\venv\lib\site-packages\starlette\middleware\base.py", line 70, in coro
    await self.app(scope, receive_or_disconnect, send_no_error)
  File "C:\Users\chee3\IdeaProjects\idims\venv\lib\site-packages\starlette\middleware\base.py", line 108, in __call__
    response = await self.dispatch_func(request, call_next)
  File "C:\Users\chee3\IdeaProjects\idims\backend\app\core\middleware.py", line 136, in dispatch
    response = await call_next(request)
  File "C:\Users\chee3\IdeaProjects\idims\venv\lib\site-packages\starlette\middleware\base.py", line 84, in call_next
    raise app_exc
  File "C:\Users\chee3\IdeaProjects\idims\venv\lib\site-packages\starlette\middleware\base.py", line 70, in coro
    await self.app(scope, receive_or_disconnect, send_no_error)
  File "C:\Users\chee3\IdeaProjects\idims\venv\lib\site-packages\starlette\middleware\cors.py", line 91, in __call__
    await self.simple_response(scope, receive, send, request_headers=headers)
  File "C:\Users\chee3\IdeaProjects\idims\venv\lib\site-packages\starlette\middleware\cors.py", line 146, in simple_response
    await self.app(scope, receive, send)
  File "C:\Users\chee3\IdeaProjects\idims\venv\lib\site-packages\starlette\middleware\exceptions.py", line 79, in __call__
    raise exc
  File "C:\Users\chee3\IdeaProjects\idims\venv\lib\site-packages\starlette\middleware\exceptions.py", line 68, in __call__
    await self.app(scope, receive, sender)
  File "C:\Users\chee3\IdeaProjects\idims\venv\lib\site-packages\fastapi\middleware\asyncexitstack.py", line 20, in __call__
    raise e
  File "C:\Users\chee3\IdeaProjects\idims\venv\lib\site-packages\fastapi\middleware\asyncexitstack.py", line 17, in __call__
    await self.app(scope, receive, send)
  File "C:\Users\chee3\IdeaProjects\idims\venv\lib\site-packages\starlette\routing.py", line 718, in __call__
    await route.handle(scope, receive, send)
  File "C:\Users\chee3\IdeaProjects\idims\venv\lib\site-packages\starlette\routing.py", line 276, in handle
    await self.app(scope, receive, send)
  File "C:\Users\chee3\IdeaProjects\idims\venv\lib\site-packages\starlette\routing.py", line 66, in app
    response = await func(request)
  File "C:\Users\chee3\IdeaProjects\idims\venv\lib\site-packages\fastapi\routing.py", line 263, in app
    solved_result = await solve_dependencies(
  File "C:\Users\chee3\IdeaProjects\idims\venv\lib\site-packages\fastapi\dependencies\utils.py", line 584, in solve_dependencies
    solved = await call(**sub_values)
  File "C:\Users\chee3\IdeaProjects\idims\backend\app\routers\clients.py", line 21, in get_current_user_dependency
    return await auth_handler.get_current_user()
  File "C:\Users\chee3\IdeaProjects\idims\backend\app\core\auth.py", line 254, in get_current_user
    payload = jwt.decode(
  File "C:\Users\chee3\IdeaProjects\idims\venv\lib\site-packages\jose\jwt.py", line 142, in decode
    payload = jws.verify(token, key, algorithms, verify=verify_signature)
  File "C:\Users\chee3\IdeaProjects\idims\venv\lib\site-packages\jose\jws.py", line 70, in verify
    header, payload, signing_input, signature = _load(token)
  File "C:\Users\chee3\IdeaProjects\idims\venv\lib\site-packages\jose\jws.py", line 176, in _load
    signing_input, crypto_segment = jwt.rsplit(b".", 1)
AttributeError: 'Depends' object has no attribute 'rsplit'
2025-03-24 13:39:28 - app.core.middleware - ERROR - Unhandled error in request 3eef0711-6fa4-480a-a963-2d7e63bfe3b4
Traceback (most recent call last):
  File "C:\Users\chee3\IdeaProjects\idims\venv\lib\site-packages\anyio\streams\memory.py", line 98, in receive
    return self.receive_nowait()
  File "C:\Users\chee3\IdeaProjects\idims\venv\lib\site-packages\anyio\streams\memory.py", line 93, in receive_nowait
    raise WouldBlock
anyio.WouldBlock

During handling of the above exception, another exception occurred:

Traceback (most recent call last):
  File "C:\Users\chee3\IdeaProjects\idims\venv\lib\site-packages\starlette\middleware\base.py", line 78, in call_next
    message = await recv_stream.receive()
  File "C:\Users\chee3\IdeaProjects\idims\venv\lib\site-packages\anyio\streams\memory.py", line 118, in receive
    raise EndOfStream
anyio.EndOfStream

During handling of the above exception, another exception occurred:

Traceback (most recent call last):
  File "C:\Users\chee3\IdeaProjects\idims\backend\app\core\middleware.py", line 62, in dispatch
    response = await call_next(request)
  File "C:\Users\chee3\IdeaProjects\idims\venv\lib\site-packages\starlette\middleware\base.py", line 84, in call_next
    raise app_exc
  File "C:\Users\chee3\IdeaProjects\idims\venv\lib\site-packages\starlette\middleware\base.py", line 70, in coro
    await self.app(scope, receive_or_disconnect, send_no_error)
  File "C:\Users\chee3\IdeaProjects\idims\venv\lib\site-packages\starlette\middleware\base.py", line 108, in __call__
    response = await self.dispatch_func(request, call_next)
  File "C:\Users\chee3\IdeaProjects\idims\backend\app\core\middleware.py", line 136, in dispatch
    response = await call_next(request)
  File "C:\Users\chee3\IdeaProjects\idims\venv\lib\site-packages\starlette\middleware\base.py", line 84, in call_next
    raise app_exc
  File "C:\Users\chee3\IdeaProjects\idims\venv\lib\site-packages\starlette\middleware\base.py", line 70, in coro
    await self.app(scope, receive_or_disconnect, send_no_error)
  File "C:\Users\chee3\IdeaProjects\idims\venv\lib\site-packages\starlette\middleware\cors.py", line 91, in __call__
    await self.simple_response(scope, receive, send, request_headers=headers)
  File "C:\Users\chee3\IdeaProjects\idims\venv\lib\site-packages\starlette\middleware\cors.py", line 146, in simple_response
    await self.app(scope, receive, send)
  File "C:\Users\chee3\IdeaProjects\idims\venv\lib\site-packages\starlette\middleware\exceptions.py", line 79, in __call__
    raise exc
  File "C:\Users\chee3\IdeaProjects\idims\venv\lib\site-packages\starlette\middleware\exceptions.py", line 68, in __call__
    await self.app(scope, receive, sender)
  File "C:\Users\chee3\IdeaProjects\idims\venv\lib\site-packages\fastapi\middleware\asyncexitstack.py", line 20, in __call__
    raise e
  File "C:\Users\chee3\IdeaProjects\idims\venv\lib\site-packages\fastapi\middleware\asyncexitstack.py", line 17, in __call__
    await self.app(scope, receive, send)
  File "C:\Users\chee3\IdeaProjects\idims\venv\lib\site-packages\starlette\routing.py", line 718, in __call__
    await route.handle(scope, receive, send)
  File "C:\Users\chee3\IdeaProjects\idims\venv\lib\site-packages\starlette\routing.py", line 276, in handle
    await self.app(scope, receive, send)
  File "C:\Users\chee3\IdeaProjects\idims\venv\lib\site-packages\starlette\routing.py", line 66, in app
    response = await func(request)
  File "C:\Users\chee3\IdeaProjects\idims\venv\lib\site-packages\fastapi\routing.py", line 263, in app
    solved_result = await solve_dependencies(
  File "C:\Users\chee3\IdeaProjects\idims\venv\lib\site-packages\fastapi\dependencies\utils.py", line 584, in solve_dependencies
    solved = await call(**sub_values)
  File "C:\Users\chee3\IdeaProjects\idims\backend\app\routers\technicians.py", line 21, in get_current_user_dependency
    return await auth_handler.get_current_user()
  File "C:\Users\chee3\IdeaProjects\idims\backend\app\core\auth.py", line 254, in get_current_user
    payload = jwt.decode(
  File "C:\Users\chee3\IdeaProjects\idims\venv\lib\site-packages\jose\jwt.py", line 142, in decode
    payload = jws.verify(token, key, algorithms, verify=verify_signature)
  File "C:\Users\chee3\IdeaProjects\idims\venv\lib\site-packages\jose\jws.py", line 70, in verify
    header, payload, signing_input, signature = _load(token)
  File "C:\Users\chee3\IdeaProjects\idims\venv\lib\site-packages\jose\jws.py", line 176, in _load
    signing_input, crypto_segment = jwt.rsplit(b".", 1)
AttributeError: 'Depends' object has no attribute 'rsplit'
2025-03-24 13:39:28 - app.core.middleware - ERROR - Unhandled error in request 3ad99e7c-f651-43bb-8e9b-62ff4dfab87a
Traceback (most recent call last):
  File "C:\Users\chee3\IdeaProjects\idims\venv\lib\site-packages\anyio\streams\memory.py", line 98, in receive
    return self.receive_nowait()
  File "C:\Users\chee3\IdeaProjects\idims\venv\lib\site-packages\anyio\streams\memory.py", line 93, in receive_nowait
    raise WouldBlock
anyio.WouldBlock

During handling of the above exception, another exception occurred:

Traceback (most recent call last):
  File "C:\Users\chee3\IdeaProjects\idims\venv\lib\site-packages\starlette\middleware\base.py", line 78, in call_next
    message = await recv_stream.receive()
  File "C:\Users\chee3\IdeaProjects\idims\venv\lib\site-packages\anyio\streams\memory.py", line 118, in receive
    raise EndOfStream
anyio.EndOfStream

During handling of the above exception, another exception occurred:

Traceback (most recent call last):
  File "C:\Users\chee3\IdeaProjects\idims\backend\app\core\middleware.py", line 62, in dispatch
    response = await call_next(request)
  File "C:\Users\chee3\IdeaProjects\idims\venv\lib\site-packages\starlette\middleware\base.py", line 84, in call_next
    raise app_exc
  File "C:\Users\chee3\IdeaProjects\idims\venv\lib\site-packages\starlette\middleware\base.py", line 70, in coro
    await self.app(scope, receive_or_disconnect, send_no_error)
  File "C:\Users\chee3\IdeaProjects\idims\venv\lib\site-packages\starlette\middleware\base.py", line 108, in __call__
    response = await self.dispatch_func(request, call_next)
  File "C:\Users\chee3\IdeaProjects\idims\backend\app\core\middleware.py", line 136, in dispatch
    response = await call_next(request)
  File "C:\Users\chee3\IdeaProjects\idims\venv\lib\site-packages\starlette\middleware\base.py", line 84, in call_next
    raise app_exc
  File "C:\Users\chee3\IdeaProjects\idims\venv\lib\site-packages\starlette\middleware\base.py", line 70, in coro
    await self.app(scope, receive_or_disconnect, send_no_error)
  File "C:\Users\chee3\IdeaProjects\idims\venv\lib\site-packages\starlette\middleware\cors.py", line 91, in __call__
    await self.simple_response(scope, receive, send, request_headers=headers)
  File "C:\Users\chee3\IdeaProjects\idims\venv\lib\site-packages\starlette\middleware\cors.py", line 146, in simple_response
    await self.app(scope, receive, send)
  File "C:\Users\chee3\IdeaProjects\idims\venv\lib\site-packages\starlette\middleware\exceptions.py", line 79, in __call__
    raise exc
  File "C:\Users\chee3\IdeaProjects\idims\venv\lib\site-packages\starlette\middleware\exceptions.py", line 68, in __call__
    await self.app(scope, receive, sender)
  File "C:\Users\chee3\IdeaProjects\idims\venv\lib\site-packages\fastapi\middleware\asyncexitstack.py", line 20, in __call__
    raise e
  File "C:\Users\chee3\IdeaProjects\idims\venv\lib\site-packages\fastapi\middleware\asyncexitstack.py", line 17, in __call__
    await self.app(scope, receive, send)
  File "C:\Users\chee3\IdeaProjects\idims\venv\lib\site-packages\starlette\routing.py", line 718, in __call__
    await route.handle(scope, receive, send)
  File "C:\Users\chee3\IdeaProjects\idims\venv\lib\site-packages\starlette\routing.py", line 276, in handle
    await self.app(scope, receive, send)
  File "C:\Users\chee3\IdeaProjects\idims\venv\lib\site-packages\starlette\routing.py", line 66, in app
    response = await func(request)
  File "C:\Users\chee3\IdeaProjects\idims\venv\lib\site-packages\fastapi\routing.py", line 263, in app
    solved_result = await solve_dependencies(
  File "C:\Users\chee3\IdeaProjects\idims\venv\lib\site-packages\fastapi\dependencies\utils.py", line 584, in solve_dependencies
    solved = await call(**sub_values)
  File "C:\Users\chee3\IdeaProjects\idims\backend\app\routers\clients.py", line 21, in get_current_user_dependency
    return await auth_handler.get_current_user()
  File "C:\Users\chee3\IdeaProjects\idims\backend\app\core\auth.py", line 254, in get_current_user
    payload = jwt.decode(
  File "C:\Users\chee3\IdeaProjects\idims\venv\lib\site-packages\jose\jwt.py", line 142, in decode
    payload = jws.verify(token, key, algorithms, verify=verify_signature)
  File "C:\Users\chee3\IdeaProjects\idims\venv\lib\site-packages\jose\jws.py", line 70, in verify
    header, payload, signing_input, signature = _load(token)
  File "C:\Users\chee3\IdeaProjects\idims\venv\lib\site-packages\jose\jws.py", line 176, in _load
    signing_input, crypto_segment = jwt.rsplit(b".", 1)
AttributeError: 'Depends' object has no attribute 'rsplit'
2025-03-24 13:39:28 - app.core.middleware - ERROR - Unhandled error in request 656ed503-45ff-4ca3-a70a-b0f2a2445d93
Traceback (most recent call last):
  File "C:\Users\chee3\IdeaProjects\idims\venv\lib\site-packages\anyio\streams\memory.py", line 98, in receive
    return self.receive_nowait()
  File "C:\Users\chee3\IdeaProjects\idims\venv\lib\site-packages\anyio\streams\memory.py", line 93, in receive_nowait
    raise WouldBlock
anyio.WouldBlock

During handling of the above exception, another exception occurred:

Traceback (most recent call last):
  File "C:\Users\chee3\IdeaProjects\idims\venv\lib\site-packages\starlette\middleware\base.py", line 78, in call_next
    message = await recv_stream.receive()
  File "C:\Users\chee3\IdeaProjects\idims\venv\lib\site-packages\anyio\streams\memory.py", line 118, in receive
    raise EndOfStream
anyio.EndOfStream

During handling of the above exception, another exception occurred:

Traceback (most recent call last):
  File "C:\Users\chee3\IdeaProjects\idims\backend\app\core\middleware.py", line 62, in dispatch
    response = await call_next(request)
  File "C:\Users\chee3\IdeaProjects\idims\venv\lib\site-packages\starlette\middleware\base.py", line 84, in call_next
    raise app_exc
  File "C:\Users\chee3\IdeaProjects\idims\venv\lib\site-packages\starlette\middleware\base.py", line 70, in coro
    await self.app(scope, receive_or_disconnect, send_no_error)
  File "C:\Users\chee3\IdeaProjects\idims\venv\lib\site-packages\starlette\middleware\base.py", line 108, in __call__
    response = await self.dispatch_func(request, call_next)
  File "C:\Users\chee3\IdeaProjects\idims\backend\app\core\middleware.py", line 136, in dispatch
    response = await call_next(request)
  File "C:\Users\chee3\IdeaProjects\idims\venv\lib\site-packages\starlette\middleware\base.py", line 84, in call_next
    raise app_exc
  File "C:\Users\chee3\IdeaProjects\idims\venv\lib\site-packages\starlette\middleware\base.py", line 70, in coro
    await self.app(scope, receive_or_disconnect, send_no_error)
  File "C:\Users\chee3\IdeaProjects\idims\venv\lib\site-packages\starlette\middleware\cors.py", line 91, in __call__
    await self.simple_response(scope, receive, send, request_headers=headers)
  File "C:\Users\chee3\IdeaProjects\idims\venv\lib\site-packages\starlette\middleware\cors.py", line 146, in simple_response
    await self.app(scope, receive, send)
  File "C:\Users\chee3\IdeaProjects\idims\venv\lib\site-packages\starlette\middleware\exceptions.py", line 79, in __call__
    raise exc
  File "C:\Users\chee3\IdeaProjects\idims\venv\lib\site-packages\starlette\middleware\exceptions.py", line 68, in __call__
    await self.app(scope, receive, sender)
  File "C:\Users\chee3\IdeaProjects\idims\venv\lib\site-packages\fastapi\middleware\asyncexitstack.py", line 20, in __call__
    raise e
  File "C:\Users\chee3\IdeaProjects\idims\venv\lib\site-packages\fastapi\middleware\asyncexitstack.py", line 17, in __call__
    await self.app(scope, receive, send)
  File "C:\Users\chee3\IdeaProjects\idims\venv\lib\site-packages\starlette\routing.py", line 718, in __call__
    await route.handle(scope, receive, send)
  File "C:\Users\chee3\IdeaProjects\idims\venv\lib\site-packages\starlette\routing.py", line 276, in handle
    await self.app(scope, receive, send)
  File "C:\Users\chee3\IdeaProjects\idims\venv\lib\site-packages\starlette\routing.py", line 66, in app
    response = await func(request)
  File "C:\Users\chee3\IdeaProjects\idims\venv\lib\site-packages\fastapi\routing.py", line 263, in app
    solved_result = await solve_dependencies(
  File "C:\Users\chee3\IdeaProjects\idims\venv\lib\site-packages\fastapi\dependencies\utils.py", line 584, in solve_dependencies
    solved = await call(**sub_values)
  File "C:\Users\chee3\IdeaProjects\idims\backend\app\routers\technicians.py", line 21, in get_current_user_dependency
    return await auth_handler.get_current_user()
  File "C:\Users\chee3\IdeaProjects\idims\backend\app\core\auth.py", line 254, in get_current_user
    payload = jwt.decode(
  File "C:\Users\chee3\IdeaProjects\idims\venv\lib\site-packages\jose\jwt.py", line 142, in decode
    payload = jws.verify(token, key, algorithms, verify=verify_signature)
  File "C:\Users\chee3\IdeaProjects\idims\venv\lib\site-packages\jose\jws.py", line 70, in verify
    header, payload, signing_input, signature = _load(token)
  File "C:\Users\chee3\IdeaProjects\idims\venv\lib\site-packages\jose\jws.py", line 176, in _load
    signing_input, crypto_segment = jwt.rsplit(b".", 1)
AttributeError: 'Depends' object has no attribute 'rsplit'
2025-03-24 13:39:28 - app.core.middleware - ERROR - Unhandled error in request 1337d30b-cb1d-492a-aa11-58f150d96b9d
Traceback (most recent call last):
  File "C:\Users\chee3\IdeaProjects\idims\venv\lib\site-packages\anyio\streams\memory.py", line 98, in receive
    return self.receive_nowait()
  File "C:\Users\chee3\IdeaProjects\idims\venv\lib\site-packages\anyio\streams\memory.py", line 93, in receive_nowait
    raise WouldBlock
anyio.WouldBlock

During handling of the above exception, another exception occurred:

Traceback (most recent call last):
  File "C:\Users\chee3\IdeaProjects\idims\venv\lib\site-packages\starlette\middleware\base.py", line 78, in call_next
    message = await recv_stream.receive()
  File "C:\Users\chee3\IdeaProjects\idims\venv\lib\site-packages\anyio\streams\memory.py", line 118, in receive
    raise EndOfStream
anyio.EndOfStream

During handling of the above exception, another exception occurred:

Traceback (most recent call last):
  File "C:\Users\chee3\IdeaProjects\idims\backend\app\core\middleware.py", line 62, in dispatch
    response = await call_next(request)
  File "C:\Users\chee3\IdeaProjects\idims\venv\lib\site-packages\starlette\middleware\base.py", line 84, in call_next
    raise app_exc
  File "C:\Users\chee3\IdeaProjects\idims\venv\lib\site-packages\starlette\middleware\base.py", line 70, in coro
    await self.app(scope, receive_or_disconnect, send_no_error)
  File "C:\Users\chee3\IdeaProjects\idims\venv\lib\site-packages\starlette\middleware\base.py", line 108, in __call__
    response = await self.dispatch_func(request, call_next)
  File "C:\Users\chee3\IdeaProjects\idims\backend\app\core\middleware.py", line 136, in dispatch
    response = await call_next(request)
  File "C:\Users\chee3\IdeaProjects\idims\venv\lib\site-packages\starlette\middleware\base.py", line 84, in call_next
    raise app_exc
  File "C:\Users\chee3\IdeaProjects\idims\venv\lib\site-packages\starlette\middleware\base.py", line 70, in coro
    await self.app(scope, receive_or_disconnect, send_no_error)
  File "C:\Users\chee3\IdeaProjects\idims\venv\lib\site-packages\starlette\middleware\cors.py", line 91, in __call__
    await self.simple_response(scope, receive, send, request_headers=headers)
  File "C:\Users\chee3\IdeaProjects\idims\venv\lib\site-packages\starlette\middleware\cors.py", line 146, in simple_response
    await self.app(scope, receive, send)
  File "C:\Users\chee3\IdeaProjects\idims\venv\lib\site-packages\starlette\middleware\exceptions.py", line 79, in __call__
    raise exc
  File "C:\Users\chee3\IdeaProjects\idims\venv\lib\site-packages\starlette\middleware\exceptions.py", line 68, in __call__
    await self.app(scope, receive, sender)
  File "C:\Users\chee3\IdeaProjects\idims\venv\lib\site-packages\fastapi\middleware\asyncexitstack.py", line 20, in __call__
    raise e
  File "C:\Users\chee3\IdeaProjects\idims\venv\lib\site-packages\fastapi\middleware\asyncexitstack.py", line 17, in __call__
    await self.app(scope, receive, send)
  File "C:\Users\chee3\IdeaProjects\idims\venv\lib\site-packages\starlette\routing.py", line 718, in __call__
    await route.handle(scope, receive, send)
  File "C:\Users\chee3\IdeaProjects\idims\venv\lib\site-packages\starlette\routing.py", line 276, in handle
    await self.app(scope, receive, send)
  File "C:\Users\chee3\IdeaProjects\idims\venv\lib\site-packages\starlette\routing.py", line 66, in app
    response = await func(request)
  File "C:\Users\chee3\IdeaProjects\idims\venv\lib\site-packages\fastapi\routing.py", line 263, in app
    solved_result = await solve_dependencies(
  File "C:\Users\chee3\IdeaProjects\idims\venv\lib\site-packages\fastapi\dependencies\utils.py", line 584, in solve_dependencies
    solved = await call(**sub_values)
  File "C:\Users\chee3\IdeaProjects\idims\backend\app\routers\clients.py", line 21, in get_current_user_dependency
    return await auth_handler.get_current_user()
  File "C:\Users\chee3\IdeaProjects\idims\backend\app\core\auth.py", line 254, in get_current_user
    payload = jwt.decode(
  File "C:\Users\chee3\IdeaProjects\idims\venv\lib\site-packages\jose\jwt.py", line 142, in decode
    payload = jws.verify(token, key, algorithms, verify=verify_signature)
  File "C:\Users\chee3\IdeaProjects\idims\venv\lib\site-packages\jose\jws.py", line 70, in verify
    header, payload, signing_input, signature = _load(token)
  File "C:\Users\chee3\IdeaProjects\idims\venv\lib\site-packages\jose\jws.py", line 176, in _load
    signing_input, crypto_segment = jwt.rsplit(b".", 1)
AttributeError: 'Depends' object has no attribute 'rsplit'
2025-03-24 13:39:28 - app.core.middleware - ERROR - Unhandled error in request 6b2a7e21-b5c8-4436-85a4-025f64eb4fc1
Traceback (most recent call last):
  File "C:\Users\chee3\IdeaProjects\idims\venv\lib\site-packages\anyio\streams\memory.py", line 98, in receive
    return self.receive_nowait()
  File "C:\Users\chee3\IdeaProjects\idims\venv\lib\site-packages\anyio\streams\memory.py", line 93, in receive_nowait
    raise WouldBlock
anyio.WouldBlock

During handling of the above exception, another exception occurred:

Traceback (most recent call last):
  File "C:\Users\chee3\IdeaProjects\idims\venv\lib\site-packages\starlette\middleware\base.py", line 78, in call_next
    message = await recv_stream.receive()
  File "C:\Users\chee3\IdeaProjects\idims\venv\lib\site-packages\anyio\streams\memory.py", line 118, in receive
    raise EndOfStream
anyio.EndOfStream

During handling of the above exception, another exception occurred:

Traceback (most recent call last):
  File "C:\Users\chee3\IdeaProjects\idims\backend\app\core\middleware.py", line 62, in dispatch
    response = await call_next(request)
  File "C:\Users\chee3\IdeaProjects\idims\venv\lib\site-packages\starlette\middleware\base.py", line 84, in call_next
    raise app_exc
  File "C:\Users\chee3\IdeaProjects\idims\venv\lib\site-packages\starlette\middleware\base.py", line 70, in coro
    await self.app(scope, receive_or_disconnect, send_no_error)
  File "C:\Users\chee3\IdeaProjects\idims\venv\lib\site-packages\starlette\middleware\base.py", line 108, in __call__
    response = await self.dispatch_func(request, call_next)
  File "C:\Users\chee3\IdeaProjects\idims\backend\app\core\middleware.py", line 136, in dispatch
    response = await call_next(request)
  File "C:\Users\chee3\IdeaProjects\idims\venv\lib\site-packages\starlette\middleware\base.py", line 84, in call_next
    raise app_exc
  File "C:\Users\chee3\IdeaProjects\idims\venv\lib\site-packages\starlette\middleware\base.py", line 70, in coro
    await self.app(scope, receive_or_disconnect, send_no_error)
  File "C:\Users\chee3\IdeaProjects\idims\venv\lib\site-packages\starlette\middleware\cors.py", line 91, in __call__
    await self.simple_response(scope, receive, send, request_headers=headers)
  File "C:\Users\chee3\IdeaProjects\idims\venv\lib\site-packages\starlette\middleware\cors.py", line 146, in simple_response
    await self.app(scope, receive, send)
  File "C:\Users\chee3\IdeaProjects\idims\venv\lib\site-packages\starlette\middleware\exceptions.py", line 79, in __call__
    raise exc
  File "C:\Users\chee3\IdeaProjects\idims\venv\lib\site-packages\starlette\middleware\exceptions.py", line 68, in __call__
    await self.app(scope, receive, sender)
  File "C:\Users\chee3\IdeaProjects\idims\venv\lib\site-packages\fastapi\middleware\asyncexitstack.py", line 20, in __call__
    raise e
  File "C:\Users\chee3\IdeaProjects\idims\venv\lib\site-packages\fastapi\middleware\asyncexitstack.py", line 17, in __call__
    await self.app(scope, receive, send)
  File "C:\Users\chee3\IdeaProjects\idims\venv\lib\site-packages\starlette\routing.py", line 718, in __call__
    await route.handle(scope, receive, send)
  File "C:\Users\chee3\IdeaProjects\idims\venv\lib\site-packages\starlette\routing.py", line 276, in handle
    await self.app(scope, receive, send)
  File "C:\Users\chee3\IdeaProjects\idims\venv\lib\site-packages\starlette\routing.py", line 66, in app
    response = await func(request)
  File "C:\Users\chee3\IdeaProjects\idims\venv\lib\site-packages\fastapi\routing.py", line 263, in app
    solved_result = await solve_dependencies(
  File "C:\Users\chee3\IdeaProjects\idims\venv\lib\site-packages\fastapi\dependencies\utils.py", line 584, in solve_dependencies
    solved = await call(**sub_values)
  File "C:\Users\chee3\IdeaProjects\idims\backend\app\routers\technicians.py", line 21, in get_current_user_dependency
    return await auth_handler.get_current_user()
  File "C:\Users\chee3\IdeaProjects\idims\backend\app\core\auth.py", line 254, in get_current_user
    payload = jwt.decode(
  File "C:\Users\chee3\IdeaProjects\idims\venv\lib\site-packages\jose\jwt.py", line 142, in decode
    payload = jws.verify(token, key, algorithms, verify=verify_signature)
  File "C:\Users\chee3\IdeaProjects\idims\venv\lib\site-packages\jose\jws.py", line 70, in verify
    header, payload, signing_input, signature = _load(token)
  File "C:\Users\chee3\IdeaProjects\idims\venv\lib\site-packages\jose\jws.py", line 176, in _load
    signing_input, crypto_segment = jwt.rsplit(b".", 1)
AttributeError: 'Depends' object has no attribute 'rsplit'
2025-03-24 13:40:04 - app.core.middleware - ERROR - Unhandled error in request b51ea7c9-349e-4920-93e9-7e24375271ce
Traceback (most recent call last):
  File "C:\Users\chee3\IdeaProjects\idims\venv\lib\site-packages\anyio\streams\memory.py", line 98, in receive
    return self.receive_nowait()
  File "C:\Users\chee3\IdeaProjects\idims\venv\lib\site-packages\anyio\streams\memory.py", line 93, in receive_nowait
    raise WouldBlock
anyio.WouldBlock

During handling of the above exception, another exception occurred:

Traceback (most recent call last):
  File "C:\Users\chee3\IdeaProjects\idims\venv\lib\site-packages\starlette\middleware\base.py", line 78, in call_next
    message = await recv_stream.receive()
  File "C:\Users\chee3\IdeaProjects\idims\venv\lib\site-packages\anyio\streams\memory.py", line 118, in receive
    raise EndOfStream
anyio.EndOfStream

During handling of the above exception, another exception occurred:

Traceback (most recent call last):
  File "C:\Users\chee3\IdeaProjects\idims\backend\app\core\middleware.py", line 62, in dispatch
    response = await call_next(request)
  File "C:\Users\chee3\IdeaProjects\idims\venv\lib\site-packages\starlette\middleware\base.py", line 84, in call_next
    raise app_exc
  File "C:\Users\chee3\IdeaProjects\idims\venv\lib\site-packages\starlette\middleware\base.py", line 70, in coro
    await self.app(scope, receive_or_disconnect, send_no_error)
  File "C:\Users\chee3\IdeaProjects\idims\venv\lib\site-packages\starlette\middleware\base.py", line 108, in __call__
    response = await self.dispatch_func(request, call_next)
  File "C:\Users\chee3\IdeaProjects\idims\backend\app\core\middleware.py", line 136, in dispatch
    response = await call_next(request)
  File "C:\Users\chee3\IdeaProjects\idims\venv\lib\site-packages\starlette\middleware\base.py", line 84, in call_next
    raise app_exc
  File "C:\Users\chee3\IdeaProjects\idims\venv\lib\site-packages\starlette\middleware\base.py", line 70, in coro
    await self.app(scope, receive_or_disconnect, send_no_error)
  File "C:\Users\chee3\IdeaProjects\idims\venv\lib\site-packages\starlette\middleware\cors.py", line 91, in __call__
    await self.simple_response(scope, receive, send, request_headers=headers)
  File "C:\Users\chee3\IdeaProjects\idims\venv\lib\site-packages\starlette\middleware\cors.py", line 146, in simple_response
    await self.app(scope, receive, send)
  File "C:\Users\chee3\IdeaProjects\idims\venv\lib\site-packages\starlette\middleware\exceptions.py", line 79, in __call__
    raise exc
  File "C:\Users\chee3\IdeaProjects\idims\venv\lib\site-packages\starlette\middleware\exceptions.py", line 68, in __call__
    await self.app(scope, receive, sender)
  File "C:\Users\chee3\IdeaProjects\idims\venv\lib\site-packages\fastapi\middleware\asyncexitstack.py", line 20, in __call__
    raise e
  File "C:\Users\chee3\IdeaProjects\idims\venv\lib\site-packages\fastapi\middleware\asyncexitstack.py", line 17, in __call__
    await self.app(scope, receive, send)
  File "C:\Users\chee3\IdeaProjects\idims\venv\lib\site-packages\starlette\routing.py", line 718, in __call__
    await route.handle(scope, receive, send)
  File "C:\Users\chee3\IdeaProjects\idims\venv\lib\site-packages\starlette\routing.py", line 276, in handle
    await self.app(scope, receive, send)
  File "C:\Users\chee3\IdeaProjects\idims\venv\lib\site-packages\starlette\routing.py", line 66, in app
    response = await func(request)
  File "C:\Users\chee3\IdeaProjects\idims\venv\lib\site-packages\fastapi\routing.py", line 263, in app
    solved_result = await solve_dependencies(
  File "C:\Users\chee3\IdeaProjects\idims\venv\lib\site-packages\fastapi\dependencies\utils.py", line 584, in solve_dependencies
    solved = await call(**sub_values)
  File "C:\Users\chee3\IdeaProjects\idims\backend\app\routers\work_orders.py", line 22, in get_current_user_dependency
    return await auth_handler.get_current_user()
  File "C:\Users\chee3\IdeaProjects\idims\backend\app\core\auth.py", line 254, in get_current_user
    payload = jwt.decode(
  File "C:\Users\chee3\IdeaProjects\idims\venv\lib\site-packages\jose\jwt.py", line 142, in decode
    payload = jws.verify(token, key, algorithms, verify=verify_signature)
  File "C:\Users\chee3\IdeaProjects\idims\venv\lib\site-packages\jose\jws.py", line 70, in verify
    header, payload, signing_input, signature = _load(token)
  File "C:\Users\chee3\IdeaProjects\idims\venv\lib\site-packages\jose\jws.py", line 176, in _load
    signing_input, crypto_segment = jwt.rsplit(b".", 1)
AttributeError: 'Depends' object has no attribute 'rsplit'
2025-03-24 13:40:05 - app.core.middleware - ERROR - Unhandled error in request a93cc796-4462-4912-bd06-b11fbfe37390
Traceback (most recent call last):
  File "C:\Users\chee3\IdeaProjects\idims\venv\lib\site-packages\anyio\streams\memory.py", line 98, in receive
    return self.receive_nowait()
  File "C:\Users\chee3\IdeaProjects\idims\venv\lib\site-packages\anyio\streams\memory.py", line 93, in receive_nowait
    raise WouldBlock
anyio.WouldBlock

During handling of the above exception, another exception occurred:

Traceback (most recent call last):
  File "C:\Users\chee3\IdeaProjects\idims\venv\lib\site-packages\starlette\middleware\base.py", line 78, in call_next
    message = await recv_stream.receive()
  File "C:\Users\chee3\IdeaProjects\idims\venv\lib\site-packages\anyio\streams\memory.py", line 118, in receive
    raise EndOfStream
anyio.EndOfStream

During handling of the above exception, another exception occurred:

Traceback (most recent call last):
  File "C:\Users\chee3\IdeaProjects\idims\backend\app\core\middleware.py", line 62, in dispatch
    response = await call_next(request)
  File "C:\Users\chee3\IdeaProjects\idims\venv\lib\site-packages\starlette\middleware\base.py", line 84, in call_next
    raise app_exc
  File "C:\Users\chee3\IdeaProjects\idims\venv\lib\site-packages\starlette\middleware\base.py", line 70, in coro
    await self.app(scope, receive_or_disconnect, send_no_error)
  File "C:\Users\chee3\IdeaProjects\idims\venv\lib\site-packages\starlette\middleware\base.py", line 108, in __call__
    response = await self.dispatch_func(request, call_next)
  File "C:\Users\chee3\IdeaProjects\idims\backend\app\core\middleware.py", line 136, in dispatch
    response = await call_next(request)
  File "C:\Users\chee3\IdeaProjects\idims\venv\lib\site-packages\starlette\middleware\base.py", line 84, in call_next
    raise app_exc
  File "C:\Users\chee3\IdeaProjects\idims\venv\lib\site-packages\starlette\middleware\base.py", line 70, in coro
    await self.app(scope, receive_or_disconnect, send_no_error)
  File "C:\Users\chee3\IdeaProjects\idims\venv\lib\site-packages\starlette\middleware\cors.py", line 91, in __call__
    await self.simple_response(scope, receive, send, request_headers=headers)
  File "C:\Users\chee3\IdeaProjects\idims\venv\lib\site-packages\starlette\middleware\cors.py", line 146, in simple_response
    await self.app(scope, receive, send)
  File "C:\Users\chee3\IdeaProjects\idims\venv\lib\site-packages\starlette\middleware\exceptions.py", line 79, in __call__
    raise exc
  File "C:\Users\chee3\IdeaProjects\idims\venv\lib\site-packages\starlette\middleware\exceptions.py", line 68, in __call__
    await self.app(scope, receive, sender)
  File "C:\Users\chee3\IdeaProjects\idims\venv\lib\site-packages\fastapi\middleware\asyncexitstack.py", line 20, in __call__
    raise e
  File "C:\Users\chee3\IdeaProjects\idims\venv\lib\site-packages\fastapi\middleware\asyncexitstack.py", line 17, in __call__
    await self.app(scope, receive, send)
  File "C:\Users\chee3\IdeaProjects\idims\venv\lib\site-packages\starlette\routing.py", line 718, in __call__
    await route.handle(scope, receive, send)
  File "C:\Users\chee3\IdeaProjects\idims\venv\lib\site-packages\starlette\routing.py", line 276, in handle
    await self.app(scope, receive, send)
  File "C:\Users\chee3\IdeaProjects\idims\venv\lib\site-packages\starlette\routing.py", line 66, in app
    response = await func(request)
  File "C:\Users\chee3\IdeaProjects\idims\venv\lib\site-packages\fastapi\routing.py", line 263, in app
    solved_result = await solve_dependencies(
  File "C:\Users\chee3\IdeaProjects\idims\venv\lib\site-packages\fastapi\dependencies\utils.py", line 584, in solve_dependencies
    solved = await call(**sub_values)
  File "C:\Users\chee3\IdeaProjects\idims\backend\app\routers\work_orders.py", line 22, in get_current_user_dependency
    return await auth_handler.get_current_user()
  File "C:\Users\chee3\IdeaProjects\idims\backend\app\core\auth.py", line 254, in get_current_user
    payload = jwt.decode(
  File "C:\Users\chee3\IdeaProjects\idims\venv\lib\site-packages\jose\jwt.py", line 142, in decode
    payload = jws.verify(token, key, algorithms, verify=verify_signature)
  File "C:\Users\chee3\IdeaProjects\idims\venv\lib\site-packages\jose\jws.py", line 70, in verify
    header, payload, signing_input, signature = _load(token)
  File "C:\Users\chee3\IdeaProjects\idims\venv\lib\site-packages\jose\jws.py", line 176, in _load
    signing_input, crypto_segment = jwt.rsplit(b".", 1)
AttributeError: 'Depends' object has no attribute 'rsplit'
2025-03-24 13:40:48 - app.core.middleware - ERROR - Unhandled error in request 27d8eb9b-61bb-4c6a-952c-99d09ee846e0
Traceback (most recent call last):
  File "C:\Users\chee3\IdeaProjects\idims\venv\lib\site-packages\anyio\streams\memory.py", line 98, in receive
    return self.receive_nowait()
  File "C:\Users\chee3\IdeaProjects\idims\venv\lib\site-packages\anyio\streams\memory.py", line 93, in receive_nowait
    raise WouldBlock
anyio.WouldBlock

During handling of the above exception, another exception occurred:

Traceback (most recent call last):
  File "C:\Users\chee3\IdeaProjects\idims\venv\lib\site-packages\starlette\middleware\base.py", line 78, in call_next
    message = await recv_stream.receive()
  File "C:\Users\chee3\IdeaProjects\idims\venv\lib\site-packages\anyio\streams\memory.py", line 118, in receive
    raise EndOfStream
anyio.EndOfStream

During handling of the above exception, another exception occurred:

Traceback (most recent call last):
  File "C:\Users\chee3\IdeaProjects\idims\backend\app\core\middleware.py", line 62, in dispatch
    response = await call_next(request)
  File "C:\Users\chee3\IdeaProjects\idims\venv\lib\site-packages\starlette\middleware\base.py", line 84, in call_next
    raise app_exc
  File "C:\Users\chee3\IdeaProjects\idims\venv\lib\site-packages\starlette\middleware\base.py", line 70, in coro
    await self.app(scope, receive_or_disconnect, send_no_error)
  File "C:\Users\chee3\IdeaProjects\idims\venv\lib\site-packages\starlette\middleware\base.py", line 108, in __call__
    response = await self.dispatch_func(request, call_next)
  File "C:\Users\chee3\IdeaProjects\idims\backend\app\core\middleware.py", line 136, in dispatch
    response = await call_next(request)
  File "C:\Users\chee3\IdeaProjects\idims\venv\lib\site-packages\starlette\middleware\base.py", line 84, in call_next
    raise app_exc
  File "C:\Users\chee3\IdeaProjects\idims\venv\lib\site-packages\starlette\middleware\base.py", line 70, in coro
    await self.app(scope, receive_or_disconnect, send_no_error)
  File "C:\Users\chee3\IdeaProjects\idims\venv\lib\site-packages\starlette\middleware\cors.py", line 91, in __call__
    await self.simple_response(scope, receive, send, request_headers=headers)
  File "C:\Users\chee3\IdeaProjects\idims\venv\lib\site-packages\starlette\middleware\cors.py", line 146, in simple_response
    await self.app(scope, receive, send)
  File "C:\Users\chee3\IdeaProjects\idims\venv\lib\site-packages\starlette\middleware\exceptions.py", line 79, in __call__
    raise exc
  File "C:\Users\chee3\IdeaProjects\idims\venv\lib\site-packages\starlette\middleware\exceptions.py", line 68, in __call__
    await self.app(scope, receive, sender)
  File "C:\Users\chee3\IdeaProjects\idims\venv\lib\site-packages\fastapi\middleware\asyncexitstack.py", line 20, in __call__
    raise e
  File "C:\Users\chee3\IdeaProjects\idims\venv\lib\site-packages\fastapi\middleware\asyncexitstack.py", line 17, in __call__
    await self.app(scope, receive, send)
  File "C:\Users\chee3\IdeaProjects\idims\venv\lib\site-packages\starlette\routing.py", line 718, in __call__
    await route.handle(scope, receive, send)
  File "C:\Users\chee3\IdeaProjects\idims\venv\lib\site-packages\starlette\routing.py", line 276, in handle
    await self.app(scope, receive, send)
  File "C:\Users\chee3\IdeaProjects\idims\venv\lib\site-packages\starlette\routing.py", line 66, in app
    response = await func(request)
  File "C:\Users\chee3\IdeaProjects\idims\venv\lib\site-packages\fastapi\routing.py", line 263, in app
    solved_result = await solve_dependencies(
  File "C:\Users\chee3\IdeaProjects\idims\venv\lib\site-packages\fastapi\dependencies\utils.py", line 584, in solve_dependencies
    solved = await call(**sub_values)
  File "C:\Users\chee3\IdeaProjects\idims\backend\app\routers\work_orders.py", line 22, in get_current_user_dependency
    return await auth_handler.get_current_user()
  File "C:\Users\chee3\IdeaProjects\idims\backend\app\core\auth.py", line 254, in get_current_user
    payload = jwt.decode(
  File "C:\Users\chee3\IdeaProjects\idims\venv\lib\site-packages\jose\jwt.py", line 142, in decode
    payload = jws.verify(token, key, algorithms, verify=verify_signature)
  File "C:\Users\chee3\IdeaProjects\idims\venv\lib\site-packages\jose\jws.py", line 70, in verify
    header, payload, signing_input, signature = _load(token)
  File "C:\Users\chee3\IdeaProjects\idims\venv\lib\site-packages\jose\jws.py", line 176, in _load
    signing_input, crypto_segment = jwt.rsplit(b".", 1)
AttributeError: 'Depends' object has no attribute 'rsplit'
2025-03-24 13:40:49 - app.core.middleware - ERROR - Unhandled error in request 0f9ac835-bc09-44ce-b40a-03476400d58d
Traceback (most recent call last):
  File "C:\Users\chee3\IdeaProjects\idims\venv\lib\site-packages\anyio\streams\memory.py", line 98, in receive
    return self.receive_nowait()
  File "C:\Users\chee3\IdeaProjects\idims\venv\lib\site-packages\anyio\streams\memory.py", line 93, in receive_nowait
    raise WouldBlock
anyio.WouldBlock

During handling of the above exception, another exception occurred:

Traceback (most recent call last):
  File "C:\Users\chee3\IdeaProjects\idims\venv\lib\site-packages\starlette\middleware\base.py", line 78, in call_next
    message = await recv_stream.receive()
  File "C:\Users\chee3\IdeaProjects\idims\venv\lib\site-packages\anyio\streams\memory.py", line 118, in receive
    raise EndOfStream
anyio.EndOfStream

During handling of the above exception, another exception occurred:

Traceback (most recent call last):
  File "C:\Users\chee3\IdeaProjects\idims\backend\app\core\middleware.py", line 62, in dispatch
    response = await call_next(request)
  File "C:\Users\chee3\IdeaProjects\idims\venv\lib\site-packages\starlette\middleware\base.py", line 84, in call_next
    raise app_exc
  File "C:\Users\chee3\IdeaProjects\idims\venv\lib\site-packages\starlette\middleware\base.py", line 70, in coro
    await self.app(scope, receive_or_disconnect, send_no_error)
  File "C:\Users\chee3\IdeaProjects\idims\venv\lib\site-packages\starlette\middleware\base.py", line 108, in __call__
    response = await self.dispatch_func(request, call_next)
  File "C:\Users\chee3\IdeaProjects\idims\backend\app\core\middleware.py", line 136, in dispatch
    response = await call_next(request)
  File "C:\Users\chee3\IdeaProjects\idims\venv\lib\site-packages\starlette\middleware\base.py", line 84, in call_next
    raise app_exc
  File "C:\Users\chee3\IdeaProjects\idims\venv\lib\site-packages\starlette\middleware\base.py", line 70, in coro
    await self.app(scope, receive_or_disconnect, send_no_error)
  File "C:\Users\chee3\IdeaProjects\idims\venv\lib\site-packages\starlette\middleware\cors.py", line 91, in __call__
    await self.simple_response(scope, receive, send, request_headers=headers)
  File "C:\Users\chee3\IdeaProjects\idims\venv\lib\site-packages\starlette\middleware\cors.py", line 146, in simple_response
    await self.app(scope, receive, send)
  File "C:\Users\chee3\IdeaProjects\idims\venv\lib\site-packages\starlette\middleware\exceptions.py", line 79, in __call__
    raise exc
  File "C:\Users\chee3\IdeaProjects\idims\venv\lib\site-packages\starlette\middleware\exceptions.py", line 68, in __call__
    await self.app(scope, receive, sender)
  File "C:\Users\chee3\IdeaProjects\idims\venv\lib\site-packages\fastapi\middleware\asyncexitstack.py", line 20, in __call__
    raise e
  File "C:\Users\chee3\IdeaProjects\idims\venv\lib\site-packages\fastapi\middleware\asyncexitstack.py", line 17, in __call__
    await self.app(scope, receive, send)
  File "C:\Users\chee3\IdeaProjects\idims\venv\lib\site-packages\starlette\routing.py", line 718, in __call__
    await route.handle(scope, receive, send)
  File "C:\Users\chee3\IdeaProjects\idims\venv\lib\site-packages\starlette\routing.py", line 276, in handle
    await self.app(scope, receive, send)
  File "C:\Users\chee3\IdeaProjects\idims\venv\lib\site-packages\starlette\routing.py", line 66, in app
    response = await func(request)
  File "C:\Users\chee3\IdeaProjects\idims\venv\lib\site-packages\fastapi\routing.py", line 263, in app
    solved_result = await solve_dependencies(
  File "C:\Users\chee3\IdeaProjects\idims\venv\lib\site-packages\fastapi\dependencies\utils.py", line 584, in solve_dependencies
    solved = await call(**sub_values)
  File "C:\Users\chee3\IdeaProjects\idims\backend\app\routers\work_orders.py", line 22, in get_current_user_dependency
    return await auth_handler.get_current_user()
  File "C:\Users\chee3\IdeaProjects\idims\backend\app\core\auth.py", line 254, in get_current_user
    payload = jwt.decode(
  File "C:\Users\chee3\IdeaProjects\idims\venv\lib\site-packages\jose\jwt.py", line 142, in decode
    payload = jws.verify(token, key, algorithms, verify=verify_signature)
  File "C:\Users\chee3\IdeaProjects\idims\venv\lib\site-packages\jose\jws.py", line 70, in verify
    header, payload, signing_input, signature = _load(token)
  File "C:\Users\chee3\IdeaProjects\idims\venv\lib\site-packages\jose\jws.py", line 176, in _load
    signing_input, crypto_segment = jwt.rsplit(b".", 1)
AttributeError: 'Depends' object has no attribute 'rsplit'
2025-03-24 13:42:52 - app.core.middleware - ERROR - Unhandled error in request fd553907-017a-44f4-8e4c-4fa4ea914327
Traceback (most recent call last):
  File "C:\Users\chee3\IdeaProjects\idims\venv\lib\site-packages\anyio\streams\memory.py", line 98, in receive
    return self.receive_nowait()
  File "C:\Users\chee3\IdeaProjects\idims\venv\lib\site-packages\anyio\streams\memory.py", line 93, in receive_nowait
    raise WouldBlock
anyio.WouldBlock

During handling of the above exception, another exception occurred:

Traceback (most recent call last):
  File "C:\Users\chee3\IdeaProjects\idims\venv\lib\site-packages\starlette\middleware\base.py", line 78, in call_next
    message = await recv_stream.receive()
  File "C:\Users\chee3\IdeaProjects\idims\venv\lib\site-packages\anyio\streams\memory.py", line 118, in receive
    raise EndOfStream
anyio.EndOfStream

During handling of the above exception, another exception occurred:

Traceback (most recent call last):
  File "C:\Users\chee3\IdeaProjects\idims\backend\app\core\middleware.py", line 62, in dispatch
    response = await call_next(request)
  File "C:\Users\chee3\IdeaProjects\idims\venv\lib\site-packages\starlette\middleware\base.py", line 84, in call_next
    raise app_exc
  File "C:\Users\chee3\IdeaProjects\idims\venv\lib\site-packages\starlette\middleware\base.py", line 70, in coro
    await self.app(scope, receive_or_disconnect, send_no_error)
  File "C:\Users\chee3\IdeaProjects\idims\venv\lib\site-packages\starlette\middleware\base.py", line 108, in __call__
    response = await self.dispatch_func(request, call_next)
  File "C:\Users\chee3\IdeaProjects\idims\backend\app\core\middleware.py", line 136, in dispatch
    response = await call_next(request)
  File "C:\Users\chee3\IdeaProjects\idims\venv\lib\site-packages\starlette\middleware\base.py", line 84, in call_next
    raise app_exc
  File "C:\Users\chee3\IdeaProjects\idims\venv\lib\site-packages\starlette\middleware\base.py", line 70, in coro
    await self.app(scope, receive_or_disconnect, send_no_error)
  File "C:\Users\chee3\IdeaProjects\idims\venv\lib\site-packages\starlette\middleware\cors.py", line 91, in __call__
    await self.simple_response(scope, receive, send, request_headers=headers)
  File "C:\Users\chee3\IdeaProjects\idims\venv\lib\site-packages\starlette\middleware\cors.py", line 146, in simple_response
    await self.app(scope, receive, send)
  File "C:\Users\chee3\IdeaProjects\idims\venv\lib\site-packages\starlette\middleware\exceptions.py", line 79, in __call__
    raise exc
  File "C:\Users\chee3\IdeaProjects\idims\venv\lib\site-packages\starlette\middleware\exceptions.py", line 68, in __call__
    await self.app(scope, receive, sender)
  File "C:\Users\chee3\IdeaProjects\idims\venv\lib\site-packages\fastapi\middleware\asyncexitstack.py", line 20, in __call__
    raise e
  File "C:\Users\chee3\IdeaProjects\idims\venv\lib\site-packages\fastapi\middleware\asyncexitstack.py", line 17, in __call__
    await self.app(scope, receive, send)
  File "C:\Users\chee3\IdeaProjects\idims\venv\lib\site-packages\starlette\routing.py", line 718, in __call__
    await route.handle(scope, receive, send)
  File "C:\Users\chee3\IdeaProjects\idims\venv\lib\site-packages\starlette\routing.py", line 276, in handle
    await self.app(scope, receive, send)
  File "C:\Users\chee3\IdeaProjects\idims\venv\lib\site-packages\starlette\routing.py", line 66, in app
    response = await func(request)
  File "C:\Users\chee3\IdeaProjects\idims\venv\lib\site-packages\fastapi\routing.py", line 263, in app
    solved_result = await solve_dependencies(
  File "C:\Users\chee3\IdeaProjects\idims\venv\lib\site-packages\fastapi\dependencies\utils.py", line 584, in solve_dependencies
    solved = await call(**sub_values)
  File "C:\Users\chee3\IdeaProjects\idims\backend\app\routers\work_orders.py", line 22, in get_current_user_dependency
    return await auth_handler.get_current_user()
  File "C:\Users\chee3\IdeaProjects\idims\backend\app\core\auth.py", line 254, in get_current_user
    payload = jwt.decode(
  File "C:\Users\chee3\IdeaProjects\idims\venv\lib\site-packages\jose\jwt.py", line 142, in decode
    payload = jws.verify(token, key, algorithms, verify=verify_signature)
  File "C:\Users\chee3\IdeaProjects\idims\venv\lib\site-packages\jose\jws.py", line 70, in verify
    header, payload, signing_input, signature = _load(token)
  File "C:\Users\chee3\IdeaProjects\idims\venv\lib\site-packages\jose\jws.py", line 176, in _load
    signing_input, crypto_segment = jwt.rsplit(b".", 1)
AttributeError: 'Depends' object has no attribute 'rsplit'
2025-03-24 13:42:53 - app.core.middleware - ERROR - Unhandled error in request 31f566a7-1580-48ea-9ef7-3b27c830dc1d
Traceback (most recent call last):
  File "C:\Users\chee3\IdeaProjects\idims\venv\lib\site-packages\anyio\streams\memory.py", line 98, in receive
    return self.receive_nowait()
  File "C:\Users\chee3\IdeaProjects\idims\venv\lib\site-packages\anyio\streams\memory.py", line 93, in receive_nowait
    raise WouldBlock
anyio.WouldBlock

During handling of the above exception, another exception occurred:

Traceback (most recent call last):
  File "C:\Users\chee3\IdeaProjects\idims\venv\lib\site-packages\starlette\middleware\base.py", line 78, in call_next
    message = await recv_stream.receive()
  File "C:\Users\chee3\IdeaProjects\idims\venv\lib\site-packages\anyio\streams\memory.py", line 118, in receive
    raise EndOfStream
anyio.EndOfStream

During handling of the above exception, another exception occurred:

Traceback (most recent call last):
  File "C:\Users\chee3\IdeaProjects\idims\backend\app\core\middleware.py", line 62, in dispatch
    response = await call_next(request)
  File "C:\Users\chee3\IdeaProjects\idims\venv\lib\site-packages\starlette\middleware\base.py", line 84, in call_next
    raise app_exc
  File "C:\Users\chee3\IdeaProjects\idims\venv\lib\site-packages\starlette\middleware\base.py", line 70, in coro
    await self.app(scope, receive_or_disconnect, send_no_error)
  File "C:\Users\chee3\IdeaProjects\idims\venv\lib\site-packages\starlette\middleware\base.py", line 108, in __call__
    response = await self.dispatch_func(request, call_next)
  File "C:\Users\chee3\IdeaProjects\idims\backend\app\core\middleware.py", line 136, in dispatch
    response = await call_next(request)
  File "C:\Users\chee3\IdeaProjects\idims\venv\lib\site-packages\starlette\middleware\base.py", line 84, in call_next
    raise app_exc
  File "C:\Users\chee3\IdeaProjects\idims\venv\lib\site-packages\starlette\middleware\base.py", line 70, in coro
    await self.app(scope, receive_or_disconnect, send_no_error)
  File "C:\Users\chee3\IdeaProjects\idims\venv\lib\site-packages\starlette\middleware\cors.py", line 91, in __call__
    await self.simple_response(scope, receive, send, request_headers=headers)
  File "C:\Users\chee3\IdeaProjects\idims\venv\lib\site-packages\starlette\middleware\cors.py", line 146, in simple_response
    await self.app(scope, receive, send)
  File "C:\Users\chee3\IdeaProjects\idims\venv\lib\site-packages\starlette\middleware\exceptions.py", line 79, in __call__
    raise exc
  File "C:\Users\chee3\IdeaProjects\idims\venv\lib\site-packages\starlette\middleware\exceptions.py", line 68, in __call__
    await self.app(scope, receive, sender)
  File "C:\Users\chee3\IdeaProjects\idims\venv\lib\site-packages\fastapi\middleware\asyncexitstack.py", line 20, in __call__
    raise e
  File "C:\Users\chee3\IdeaProjects\idims\venv\lib\site-packages\fastapi\middleware\asyncexitstack.py", line 17, in __call__
    await self.app(scope, receive, send)
  File "C:\Users\chee3\IdeaProjects\idims\venv\lib\site-packages\starlette\routing.py", line 718, in __call__
    await route.handle(scope, receive, send)
  File "C:\Users\chee3\IdeaProjects\idims\venv\lib\site-packages\starlette\routing.py", line 276, in handle
    await self.app(scope, receive, send)
  File "C:\Users\chee3\IdeaProjects\idims\venv\lib\site-packages\starlette\routing.py", line 66, in app
    response = await func(request)
  File "C:\Users\chee3\IdeaProjects\idims\venv\lib\site-packages\fastapi\routing.py", line 263, in app
    solved_result = await solve_dependencies(
  File "C:\Users\chee3\IdeaProjects\idims\venv\lib\site-packages\fastapi\dependencies\utils.py", line 584, in solve_dependencies
    solved = await call(**sub_values)
  File "C:\Users\chee3\IdeaProjects\idims\backend\app\routers\work_orders.py", line 22, in get_current_user_dependency
    return await auth_handler.get_current_user()
  File "C:\Users\chee3\IdeaProjects\idims\backend\app\core\auth.py", line 254, in get_current_user
    payload = jwt.decode(
  File "C:\Users\chee3\IdeaProjects\idims\venv\lib\site-packages\jose\jwt.py", line 142, in decode
    payload = jws.verify(token, key, algorithms, verify=verify_signature)
  File "C:\Users\chee3\IdeaProjects\idims\venv\lib\site-packages\jose\jws.py", line 70, in verify
    header, payload, signing_input, signature = _load(token)
  File "C:\Users\chee3\IdeaProjects\idims\venv\lib\site-packages\jose\jws.py", line 176, in _load
    signing_input, crypto_segment = jwt.rsplit(b".", 1)
AttributeError: 'Depends' object has no attribute 'rsplit'
2025-03-24 13:45:58 - app.core.auth - ERROR - Authentication error: 'Depends' object has no attribute 'credentials'
2025-03-24 13:45:59 - app.core.auth - ERROR - Authentication error: 'Depends' object has no attribute 'credentials'
2025-03-24 14:06:58 - app.core.auth - ERROR - Authentication error: 'Depends' object has no attribute 'credentials'
2025-03-24 14:06:58 - app.core.auth - ERROR - Authentication error: 'Depends' object has no attribute 'credentials'
2025-03-24 14:06:58 - app.core.auth - ERROR - Authentication error: 'Depends' object has no attribute 'credentials'
2025-03-24 14:06:58 - app.core.auth - ERROR - Authentication error: 'Depends' object has no attribute 'credentials'
2025-03-24 14:47:41 - app.routers.work_orders - ERROR - Authentication error: 'NoneType' object has no attribute 'headers'
2025-03-24 14:47:41 - app.routers.work_orders - ERROR - Authentication error: 'NoneType' object has no attribute 'headers'
2025-03-24 14:47:42 - app.routers.work_orders - ERROR - Authentication error: 'NoneType' object has no attribute 'headers'
2025-03-24 14:47:42 - app.routers.work_orders - ERROR - Authentication error: 'NoneType' object has no attribute 'headers'
2025-03-24 14:48:21 - app.routers.work_orders - ERROR - Authentication error: 'NoneType' object has no attribute 'headers'
2025-03-24 14:48:21 - app.routers.work_orders - ERROR - Authentication error: 'NoneType' object has no attribute 'headers'
2025-03-24 14:48:22 - app.routers.work_orders - ERROR - Authentication error: 'NoneType' object has no attribute 'headers'
2025-03-24 14:48:22 - app.routers.work_orders - ERROR - Authentication error: 'NoneType' object has no attribute 'headers'
2025-03-24 14:49:11 - app.routers.work_orders - ERROR - Authentication error: 'NoneType' object has no attribute 'headers'
2025-03-24 14:49:11 - app.routers.work_orders - ERROR - Authentication error: 'NoneType' object has no attribute 'headers'
2025-03-24 14:49:12 - app.routers.work_orders - ERROR - Authentication error: 'NoneType' object has no attribute 'headers'
2025-03-24 14:49:12 - app.routers.work_orders - ERROR - Authentication error: 'NoneType' object has no attribute 'headers'
2025-03-24 14:52:45 - app.routers.work_orders - ERROR - Error extracting token from request: 'NoneType' object has no attribute 'headers'
2025-03-24 14:52:45 - app.routers.work_orders - ERROR - Error extracting token from request: 'NoneType' object has no attribute 'headers'
2025-03-24 14:52:46 - app.routers.work_orders - ERROR - Error extracting token from request: 'NoneType' object has no attribute 'headers'
2025-03-24 14:52:46 - app.routers.work_orders - ERROR - Error extracting token from request: 'NoneType' object has no attribute 'headers'
2025-03-24 15:57:33 - app.routers.work_orders - ERROR - [DEBUG-057ee204-5182-41d9-8684-d64b5c22e4bb] Error extracting token from request: 'NoneType' object has no attribute 'headers'
Traceback (most recent call last):
  File "C:\Users\chee3\IdeaProjects\idims\backend\app\routers\work_orders.py", line 66, in get_work_orders_user
    credentials = await security(None)
  File "C:\Users\chee3\IdeaProjects\idims\venv\lib\site-packages\fastapi\security\http.py", line 116, in __call__
    authorization = request.headers.get("Authorization")
AttributeError: 'NoneType' object has no attribute 'headers'
2025-03-24 15:57:33 - app.routers.work_orders - ERROR - [DEBUG-4b261461-9465-4b15-a257-833bd0c630e0] Error extracting token from request: 'NoneType' object has no attribute 'headers'
Traceback (most recent call last):
  File "C:\Users\chee3\IdeaProjects\idims\backend\app\routers\work_orders.py", line 66, in get_work_orders_user
    credentials = await security(None)
  File "C:\Users\chee3\IdeaProjects\idims\venv\lib\site-packages\fastapi\security\http.py", line 116, in __call__
    authorization = request.headers.get("Authorization")
AttributeError: 'NoneType' object has no attribute 'headers'
2025-03-24 15:57:34 - app.routers.work_orders - ERROR - [DEBUG-573290dd-6c2d-4379-904f-636a36e90ffb] Error extracting token from request: 'NoneType' object has no attribute 'headers'
Traceback (most recent call last):
  File "C:\Users\chee3\IdeaProjects\idims\backend\app\routers\work_orders.py", line 66, in get_work_orders_user
    credentials = await security(None)
  File "C:\Users\chee3\IdeaProjects\idims\venv\lib\site-packages\fastapi\security\http.py", line 116, in __call__
    authorization = request.headers.get("Authorization")
AttributeError: 'NoneType' object has no attribute 'headers'
2025-03-24 15:57:34 - app.routers.work_orders - ERROR - [DEBUG-f7606ce9-3e1c-4a7c-afd5-8d51e4b3ff9b] Error extracting token from request: 'NoneType' object has no attribute 'headers'
Traceback (most recent call last):
  File "C:\Users\chee3\IdeaProjects\idims\backend\app\routers\work_orders.py", line 66, in get_work_orders_user
    credentials = await security(None)
  File "C:\Users\chee3\IdeaProjects\idims\venv\lib\site-packages\fastapi\security\http.py", line 116, in __call__
    authorization = request.headers.get("Authorization")
AttributeError: 'NoneType' object has no attribute 'headers'
